Platform,Game,review_text,label1,label2,label3,Final Sentiment
Steam,Sea of Thieves,idk man game fun robbing,positive,positive,positive,positive
Steam,Sea of Thieves,sea thief fun game play friend basically sailing around sea finding treasure battling people,positive,positive,positive,positive
Steam,Sea of Thieves,fun game would say try make friend alone,positive,positive,positive,positive
Steam,Sea of Thieves,good game played game since 2 graduate 6 la,positive,positive,positive,positive
Steam,Sea of Thieves,best pirate game ever,positive,positive,positive,positive
Steam,Sea of Thieves,fun game play friend,positive,positive,positive,positive
Steam,Sea of Thieves,bit harmless fun get together harder mate play sea thief lot option play much fun made,positive,positive,positive,positive
Steam,Sea of Thieves,hey looking funny yarharhar pirate ship game yes well look game boat ofc stealing others mwhahah >:) looking loot island dance friend beautiful graphic boat mechanic people want steal >:( lot waiting buy,positive,positive,positive,positive
Steam,Sea of Thieves,peak nothing else need said,positive,positive,positive,positive
Steam,Sea of Thieves,like fun pirate 10/10,positive,positive,positive,positive
Steam,Sea of Thieves,delight set sail mate solo alike looting going fun full piraty joy rest detailed puzzle intense ship fight absolute recommend cohort ready make pirate history,positive,positive,positive,positive
Steam,Sea of Thieves,blast really fun friend get fucking game,neutral,positive,positive,positive
Steam,Sea of Thieves,really fun game even without friend quest puzzle may difficult like take solve still manage fun even hard guide always exist also enjoy pvp system unless encounter cheater likely fun solid fight start-to-end,positive,positive,positive,positive
Steam,Sea of Thieves,"wake jump boat set sail starting day phantom fort could go wrong approach fort skeleton ship want join party party ... shoot shoot winning call backup backup bloody overgrown shark less shooting bucketing ... holding ground fiiine drip drip drip rain nope whole ahh storm rolling great bucketing shooting wave rip ship apart skeleton fine shark fine lost hope what's player help way dear say lie ... sink laugh play lil tune go get ... steam achievement ... nice respawn marauder's arch .
... let's fish pondies instead could go wrong overall great experience extremely fun friendly community highly recommended developed trust issue",positive,positive,positive,positive
Steam,Sea of Thieves,gg,neutral,positive,positive,positive
Steam,Sea of Thieves,fun chill game still sea full pirate get attached yer loot,positive,positive,positive,positive
Metacritic,Sea of Thieves,sea thief one kind rare game sea joy strange empty game lack basic modern game others total success game filled hour spend playing plenty unforgettable moment,positive,positive,positive,positive
Metacritic,Sea of Thieves,’ packed studio ’ trademark charm humour providing endless opportunity adventure touch accessibility solo player would nice would varied matchmaking crew game ’ set evolve time real treasure,positive,positive,positive,positive
Metacritic,Sea of Thieves,sea thief wholly dedicated keeping player equal footing someone ’ playing day crew someone ’ playing month neither inherent advantage — save course latter ’ experience game ’ bold move meant keep entire community playing together early indication suggest work,positive,neutral,positive,positive
Metacritic,Sea of Thieves,cooperation player essential sea thief action ’ matter know player sea thief capable creating fun moment experienced online multiplayer,positive,positive,positive,positive
Metacritic,Sea of Thieves,rare clear goal wanting player create story within sea thief safe say ’ succeeded let ’ hope keep ship course,positive,positive,positive,positive
Metacritic,Sea of Thieves,sea thief offer unique experience putting player role pirate throwing massive detailed world team-up friend ’ enjoy every second time,positive,positive,positive,positive
Metacritic,Sea of Thieves,visually ’ repeatedly awed ’ playing vista game show gameplay standpoint mechanic sound solid ship behave predictably obviously slow ’ trying sail wind gun sword kill enemy long use right in-depth content might quite yet give month two given rare said content may well pleasantly surprised front,positive,positive,positive,positive
Metacritic,Sea of Thieves,sea thief shine brightly playing friend gameplay fun accessible technical aspect game truly wonderful everything weighed lack additional content greater variety,positive,neutral,positive,positive
Metacritic,Sea of Thieves,sea thief may best pirate game term content surely lot fun play,positive,positive,positive,positive
Metacritic,Sea of Thieves,sea thief provides necessary tool player willing dive together great naval adventure full smaller quest epic sea battle,positive,neutral,positive,positive
Metacritic,Sea of Thieves,sea thief offer stunning world player explore uncover secret ’ fun often hilarious unique though lack meaningful structure simplistic gameplay really hurt experience game need offer cosmetic stature acquisition want lengthy lifespan still one exclusive microsoft proud,positive,positive,positive,positive
Metacritic,Sea of Thieves,fun sea thief slow burn moment game involves chilling ship looking pirate steal raid start ’ game play every single day hour end people certainly tire seeing pve content available even sea thief incredible way interact player whatever kind pirate want,positive,positive,positive,positive
Reddit,Sea of Thieves,captained ship lose captaincy ship's captain left rejoined lost trinket ability interact game captained ship redmaw launched brig air best season yet nice job rare thank,neutral,positive,positive,positive
Reddit,Sea of Thieves,tested new treasure fish deffo sold less sovereign tent good thing ’ lot sea post around sell fish easily,negative,positive,positive,positive
Reddit,Sea of Thieves,6 month grinding making friend making enemy selling hard 🙃 good way making memory finally got first gold pvp curse 700 go double goldie wish luck,negative,positive,positive,positive
Reddit,Sea of Thieves,congratulation always good get lucky map load dig site 😁,positive,positive,positive,positive
Reddit,Sea of Thieves,really nice season 7 still personal favourite,positive,positive,positive,positive
Reddit,Sea of Thieves,’ season 5 fact music good played sitting “ sunset ” 😊,positive,positive,positive,positive
Reddit,Sea of Thieves,get opinion actually love game never upgrade gear go sunk every time another ship attack starting sink know ’ ’ improved ’ learnt use wind favour ’ got used cannon trajectory crew got better communicating whatever ’ got better behind scene number changed weapon,positive,positive,positive,positive
Reddit,Sea of Thieves,loved amazing see difference crewmates getting sank sloop galleon able take full galleon crew satisfying thing ever even sank player get sank usually really clever play respect learn edit can't spell save life,positive,positive,positive,positive
Reddit,Sea of Thieves,exactly hope sot 2 horizon since clearly know people asking kind stuff know might add future love pleasantly surprised content year,positive,positive,positive,positive
Reddit,Sea of Thieves,there's shortage game privilege playing game longer sot unique way nice change pace,positive,positive,positive,positive
Reddit,Sea of Thieves,easy player owned hideout hideout raid like sow use money bulid upgrade hide hier npc defend team player raid people's hide out maybe guild war aspect npc ship flying tc color fight,positive,neutral,positive,positive
Reddit,Sea of Thieves,awesome haha sank galleon ton loot right outside outpost got 8k went skull fort ’ going came sloop kill captain stole loot fee good pirate arrr,positive,positive,positive,positive
Steam,Fallout 76,great fallout fan,positive,positive,positive,positive
Steam,Fallout 76,game time,negative,positive,positive,positive
Steam,Fallout 76,definitly fallout community cool,neutral,positive,positive,positive
Steam,Fallout 76,disaster initial release game never intended buy however little show came friend told gotten better big sale thought best investment ever really enjoyed 76 much taken 4 top fallout game starting rough like game get level learn perk card system absolutely fun always something grind thanks season system daily weekly misc challenge keep busy best way explain level 140 276 hr playtime player level 2000 especially like playing friend learning different c p plan find plan throughout game unlock certain thing build con fallout 1st subscription service get many useful item rich blood complain make feel like second-class player sometimes restricting build limit keeping learning certain build skin item even season everyone grind get maybe 2 3 trust locked item amazing ever played bethesda game know weight system get encumbered fast without certain perk card without scrapbox ammobox fallout 1st also weapon armor break constantly without perk card buff finally internet go game yeah one 100 required stable internet connection time aside fallout 1st stuff truly enjoy game highly recommend fallout fan open world player,positive,positive,positive,positive
Steam,Fallout 76,know history game much sucked upon launch fun go play seriously enjoyed fallout 4 love game even promise get fallout 76 received ton bad press initially long since found redemption promise play game,positive,positive,positive,positive
Steam,Fallout 76,much improved frm initial offering even high level plenty thing expanded continuously,positive,positive,positive,positive
Steam,Fallout 76,ive enjoyed game wish content completed find entertaining like say add new faction based institute something mean every faction,positive,positive,positive,positive
Steam,Fallout 76,great game get lost hour exploring map,positive,positive,positive,positive
Steam,Fallout 76,good trust bro ...,negative,positive,positive,positive
Steam,Fallout 76,awesome,positive,positive,positive,positive
Steam,Fallout 76,work todd howard todd bold clam reality game great share lot problem fallout 4 research buy liked game looked past bug problem,neutral,positive,positive,positive
Steam,Fallout 76,slightly better 4 willing deal bullshit come online entire engine game built buggy fuck fun though,neutral,positive,positive,positive
Steam,Fallout 76,fallout 76 game started bad review hate whcih get point online fallout game good state 5 year release thanks tv series brought alot new player meant income bethesda meaning bethesda actually gave alot new content last year started playing map extention actual dungeon raid besides good thing add game alot least 2000 hour least free season reward weekly event community great mmorpg one kindest meet fallout 1st membership required although cannot lie saying extra stash space aswell monthly atom nice,positive,positive,positive,positive
Metacritic,Fallout 76,single player gamer like ’ let online nature fallout 76 put … ’ eminently playable single player experience put issue mentioned start maybe steer clear least wait see patch address concern otherwise ’ say grab deathclaw horn jump maybe wait till powerarmour,positive,neutral,positive,positive
Metacritic,Fallout 76,multiplayer wonderful addition fallout franchise world created west virginia unique gorgeous fun explore may line win award enjoyed previous installation fallout 4 quite likely find fun bethesda's fallout 76,positive,positive,positive,positive
Metacritic,Fallout 76,fallout 76 best fallout ever turn interesting experiment able grow thrive time despite unjustifiable technical aspect,positive,positive,positive,positive
Metacritic,Fallout 76,regardless fallout 76 transforms mutates month come present version brave imaginative rewarding exploration true glory revealed among friend,positive,positive,positive,positive
Metacritic,Fallout 76,despite considerable issue pc version still long stretch fun fallout 76 really wish pvp stake lost junk least willing participant world retains lot love bethesda's previous rpgs finely crafted environment enjoyable weapon crafting surprising little scrap story uncover investigate,positive,positive,positive,positive
Metacritic,Fallout 76,’ easy critical fallout 76 flaw easy see every single chance year ’ best meme gaming enjoy multiplayer experience plenty loot great leveling system nice time cleaning radioactive wilderness,positive,neutral,positive,positive
Metacritic,Fallout 76,initially played fallout 76 release day one xbox one x put around 300hrs game pause around 2 year started play steam fresh start thanks bgs account sharing since put another 80hrs pc feel 76 birth part due update wastelanders bos storyline skyline valley expedition etc game massively improved since launch playing game single player fine apart event endgame boss require coop play part public server bih caveat true single player experience need pay fallout 1st ... cheap overall combat satisfying graphic mostly match fallout 4 storyline bad humble opinion fallout fan fan mmo lite game scratch itch also game keep coming back either friend,positive,positive,positive,positive
Metacritic,Fallout 76,fallout 76 grown year something enjoyable continue grow dream game hater gonna hate whatever good game made better time devs willingness listen microsoft money people play choose decision make however fallout game currently foreseeable future truly enjoy wasteland complain much weapon power armor perk environment make unique playing experience instance snowing currently camp there's santatron walking around ally dressed weather fireplace tire swing hot tub there's also game motley crue cake good luck finding place took sign,positive,positive,positive,positive
Metacritic,Fallout 76,alright game get lot rightly irrational love game place within top three favorite game time building system unmatched across fallout game atmosphere special event cosmetic exploration keep coming back,positive,positive,positive,positive
Metacritic,Fallout 76,really great fun game much improved since launched yea bug still highly recommend despite ...,positive,positive,positive,positive
Metacritic,Fallout 76,bad 2022 silly bug ’ funny play friend completed main scenario week satisfied good luck citizen wasteland,positive,positive,positive,positive
Metacritic,Fallout 76,fun definitely got much better since launch story good single player fallout workable lot stuff grind,positive,positive,positive,positive
Metacritic,Fallout 76,game criminally underrated seems people worst opinion people never played developed opinion based 2018 backlash people sunk thousand hour game expecting something casual player probably put 100/200 hour maybe bit count game missing whole new fallout adventure sure quirk charm make love exploring post-apocalyptic landscape discovering interesting location piecing together happened listening best classic music ever made love game multi-player layer top well done subtle participate want ignore treat like single player game multi-player gamer yet really like way game fun knowing player world even largely ignoring keep expectation realistic ignore whatever hype made game seem like would kind grand mmo experience live okay remember online game going run lag bug actually network issue that's okay find missing whole new fallout experience might absolutely love like,positive,positive,positive,positive
Reddit,Fallout 76,huzzah bulldozer feature best part update opinion always complained rock way fence need build tree clipping wall house thank,positive,positive,positive,positive
Reddit,Fallout 76,lot good update coming,positive,positive,positive,positive
Reddit,Fallout 76,great news wife enjoying time even bug adjustment manor mystery quest favorite far question weight adjustment balance future bobby pin weight big one stick mind also adjustment bulk junk would welcome well xp group especially kill would welcome change currently 10 level higher wife higher kill even though quest line got experience even partial kill group would go long way keeping u around level would even ok making perk card something completely throw balance thanks good game looking forward seeing become great,positive,positive,positive,positive
Reddit,Fallout 76,hi actually enjoying game fun understand easy thing dive want say thanks enjoy ... need lot work stability gameplay absolutely really like card system find challenging way ... speaking please give kid people complaining hard challenge melee build keeping playing ya run crowd unlike fallout 4 die surprise survival game love using strategy survive although fun think make game picture fallout fun please treat fallout 5 hope plan continuing single person game maybe help allowing single person game ability invite friend like diablo way creature get harder play thought overall like game please keep coming patch make enjoyable fallout fan since beginning cheer,positive,positive,positive,positive
Reddit,Fallout 76,bulldozer mean everything moved camp reason,positive,positive,positive,positive
Reddit,Fallout 76,enjoyed solo farming en06 newbie would encourage people join group easy carry also told keep running 1:30 ish per clear series x load time minimal kill every 2:45 stopped scrap asked reject quest run stay back shot took guy 53 71 hour last night fun got every mod vulcan except calibrate shock look like got run ahead,positive,positive,positive,positive
Reddit,Fallout 76,doubt ’ cover would live service patch note finger crossed march,neutral,positive,positive,positive
Reddit,Fallout 76,want able purchase 4 star legendary armor rusty pick,neutral,positive,positive,positive
Reddit,Fallout 76,happy play ... look posting history actually enjoy getting thing compiled list game avidly playing time shtick,positive,positive,positive,positive
Reddit,Fallout 76,fixed issue player able actually fun rather endless grind forced play team better reward,positive,positive,positive,positive
Reddit,Fallout 76,man happy touch pounder auto axe much fun first time since launch actually bothered designated melee build,positive,positive,positive,positive
Reddit,Fallout 76,favorite camp ally ace raider bot never get tired saying want burn camp,positive,positive,positive,positive
Steam,Total War: Rome 2,big gamer old 50 purchased new computer recently wanting take spin asked son told steam ancient history buff also writer written novel ancient spartan search greece rome eventurally found rome 2 read negative review launch thing changed much gaming industry company always rushed product market imagine spending year developing game end deep hole pressured corporation like sega push matter many problem exist that's going year wise thing wait know going patch let someone else trip bug gather lot gamers can't wait today anyway love rome 2 read emperor's edition worked problem dove delight great game addicting crack able play many different faction give limitless re-playability thus far played roman spartan athenian epirus blast huge amount strategy tactic available campaign map battle map placing army choke point mountain river crossing ... putting ambush mode ... slaughtering 2x 3x number unit without getting hand dirty ... gratifying one thing noticed usually end winning gaining technological edge computer ai faction survive early stage play eventually start kicking army composed better unit opponent autoresolve give result like saying going lose take unexceptable loss fun take control army lead victory oddsmakers betting course often time leading superior unit horde untrained spearmen levy occasionally computer give run money there's nothing like destroyng opponent praetorian guard oathsworn unit fight last man big kudos modding community playing vanilla r2 found workshop pure amazement product community added game 4x move per year mod agent color coding new unit mod many others deserve effusive praise feel like kid christmas morning every time look workshop wondering new toy find tree today bad none okay okay like newlywed honeymoon right care leaf panty bathroom floor 4x calendar year mod make agent overpowered right enjoying game far much complain thing,positive,positive,positive,positive
Steam,Total War: Rome 2,"first analysis editted original one pretty negative reason infite bug glitch unbalance game many patch even tho may find considerable quantity bug glitch game-killing day week month following launch finally here's review game total war rome ii game adicting simple fact good many mechanic great graphic playing high ultra quality amazing sp mp mp mean battle campaign v ai battle camera pretty nice see charge good seeing infantry ranged unit still get emotion nice historical battle tho added free technology part pretty well made development city pretty cool levelling system general troop agent really cool change game much diplomacy nice one pay attention save life positive aspect politics faction cooler play talking politics faction active politics tho politics change empire turned family strong weak rebel create civil war weak strong rebel create civil war distributing power well thing change empire get big there'll civil war counting prepared may stop frontier military action save capital near settlement separatist negative dlcs create expensive add change thing ... date near game release bought game forsaken producer game making u live constant bug expect nice treatment overall say game good perfect ai still get dumb sometimes put difficulty high enough becomes quite challenge get tired game recommend check workshop maybe need fire urge play game right say think well want game sure wait discount tho might never come even 25 discount would enough make game worth money talking popularity game even tho sold steam tab many time got big community say mostly game-killing bug used fact single player campaign mean story campaign probably attracts people veredict 8,5 10 using mod game 9/10 please comment opinion hesitate using strong language hate give like nice strategic day",positive,neutral,positive,positive
Steam,Total War: Rome 2,launched many bug made game unplayable however 14 patch later finally say game worth buying playing stuck time since wanted get money's worth ... say recommend anyone else fan strategy total war game general,positive,positive,positive,positive
Steam,Final Fantasy 14,look see much played game know like good game great free trial play want get feel probably heard word mouth going try sell know really good going try let know thing buy see lot people telling new player first maybe important buy game steam buy steam version expansion mean buy ffxiv square enix directly buy future expansion mean steam sale expansion cannot participate go steam buy game steam buy future expansion steam square frustrating seen people buy game wrong place waste money double check bought game first going account mogstation seeing version game second two type subscription entry standard subscription different mean two type subscription first entry subscription 12.99 usd 30 day long get one character per sever total 8 character say go first month subscribing still like game move standard subscription second standard subscription starting 14.99 usd one 8 charcters per sever total 40 overall standard subscription also option purchase multiple month time save money long run especially really game also little addition get like extra retainer little fee month completely optional form inventory management third used wow play every class every job one character mean every character create swap class changing weapon meaning play anything want want new class come level class requires create whole new character big draw swapping character time real pain yes there's still grinding involved level class well always start square one anyone used play wow reading name change race change also way cheaper remember wow name change 10 usd fantasia way completely makeover character changing race gender nearly everything else save name also 10 usd also bought pack 3 5 save money overall good game thing top head help people new game reading hope fun least trying,positive,positive,positive,positive
Steam,Final Fantasy 14,bought game 05/25 17 playing game till 06/04 2017 accumulate 139 hour update 06/22 2017 accumulated 235 hour payed month subscription :) reupdating summer sale people want try game also stormblood dlc update updated 5.5 09/06 2021 date shadowbringers positive completly noob friendly ton content two dlc's heavensward 60 stormblood 70 shadowbringers 80 chocobo chocobo chocobo racing brilliant soundtrack unique captivating multiple class mmo unique 1 character able switch class one major thing also make unique ffxiv rush game want forced anything else community community amazing certain perspective actually better mmo's make community unique cycle player willing help new player yes normal mmo's ffxiv forced help new player instead choose make community nice community perfect imperfect majority one decently kind heavily story reliant mmo's always fail captivate player story general ffxiv unique standpoint developer actually put much development depth story make enjoy also probably longest story final fantasy genre probably mmo potentially make cry story good dungeon trial 24 man raid hardcore raid dungeon pretty generic even mmo really much say honestly map unique sense even mob boss unique skill though map soundtrack included trial trial boss face main story side quest party 8 facing trial every trial unique soundtrack though trial difficult trial extreme increase difficulty making twice hard alliance raid 24 man raid pretty much 24 player clearing dungeon multiple boss difficult die lot 24 man raid also consists nier raid recent shadowbringers update savage raid hardcore raid equivalent mythic raid wow party 8 important everyone work together synchronize able clear content amount time varies extreme hardcore raider take 5-7 day clear normal player take 2-3 week also 48 man savage content released eureka content ultimate raid thought savage hard currently 3 ultimate raid ultimate raid make's savage content look like joke hardcore player want take next level ultimate fight last 15-18 minute passing second minute always new mechanic unique type content take possibly 60 hour take 1-3 month clear 1 ultimate though yes hard make much fun reward get ultimate title unique ultimate weapon worth graphic even low end pc still run game smoothly medium-high end pc lot people tend like aesthetic graphic anime type graphic really seems fit free company aka guild finding dedicated fc willing work community fun able host event sometimes raid obtaining benefit make fc's worth going joining fc getting community help get bored significantly make ffxiv experience better enternal bonding basically marriage system help boost xp gain two couple together game chocobo yes actual relationship player try take serious relationship game housing house fc house limited server even crafter craft housing item able garden section area would run player could neighbor another fc golden saucer pretty much land mini-games good decent amount game play like chocobo racing card game people actually seem enjoy content sometimes live unique glamour mount reward gear gear obtained raid dungeon crafting every gear game unique people actually farm gear glamour look really cool gorgeous funny eureka pretty much legendary weapon armor signature look stats used endgame content usually take 1-3 week able obtain 1 weapon vary time grindy content class single character multiple class change into.so mean need make another character 10 dp 4 tank 3healers 7 crafter 3 gather job unique term playstyle good specific class see huge difference term skill class play someone play class mean even though know class mastered rotation leveling leveling leveling completely vary method player use probably take 1 3 week maybe less max dp healer tank class crafter gather take probably hour 2 week vary leveling feel slow fast moderate crafter gathering probably unique yet rewarding content ton crafting recipe gathering compared mmo's crafting gathering sub-classes game main class player crafter's unique culinarian make food buff even raid carpenter's make housing material class make money gear crafter gather like playing different game put infinite hour negative monthly payment subscription based mmo one thing mind buy steam version purchase subscription steam credit game still alive healthy story length feel beyond rushed story good amazing player want reach endgame content type player want play endgame raid probably biggest conclusion forced follow linear path game want make game feel alive hardcore player casual forced game started become mainstream always great new player honest game feel like wow became popular wrath litch king released hate rant game feel like content gw2 endgame amazing mmo's final fantasy 14 feel like mmo filled void heart mmo rating 10/10,positive,positive,positive,positive
Steam,Final Fantasy 14,feel like write least small review 5 thousand hour game go tldr great best mmo opinion good music dungeon story awesome community rocky start start get better first expansion alright let's start base go real reborn base game get easily longest grueling time quest make go fetch thing b talk person etc however still good point experience get main story quest keep date dungeon requirement even give gear need throw gil game currency market board player shop first dungeon get choice tutorial basic current role tank healer dp training focus general task role reward get gear last lvl 20 ring grant xp lvl 25 lvl 30 reach lvl 20 ish start open world travel around continent get world building lore struggle nation event prior arrival transpired affected along politics beginner raid new player friendly instead 8 people 4 good thing good point let decide arr done let's give look come spoiler free course first expansion heavensward introduces new thing fray like mechanic location start addition flying zone whatever mount want aside feature engaging soundtrack change phase making fight fun epic worthy title bestowed upon back real reborn also brings 3 new class dark knight astrologian machinist three accessible start heavensward expansion start lower level entry level dark knight tank class seen edgy due use inner darkness soul fun one useful astrologian use star tarot card heal buff ally another fun class especially enjoy multitasking machinist ranged physical dp us gun turret fairly simple play get powerful later heavensward seen one best currently 3 expansion story inclined agree finishing real reborn heavensward leave satisfied game evolved end heavensward way stormblood like add new mechanic music along two new area zone enable flying come 2 new class time dp red mage fencer mage us black white magic fight support ally heal bring back ally like semi-healer battle focus dealing damage looking stylish part persona samurai sword wielding fighter far east might laugh name simple gameplay reach higher level learn gimmick see dishing large amount damage stormblood considered good-ish one trio see expansion deviate bit action heavensward go deeper term topic latest expansion shadowbringers expansion one left many player mouth agaped sat edge seat heart clenched shall leave reason minor advice buckle thing go another level new zone unlockable flying shadowbringers also brings fold 2 new class gunbreaker dancer tank dp gunbreaker small brother warrior focus swift movement big damage skill designed fast gameplay player 3 set combo one gathering cartridge followed combo us cartridge another one us 2nd combo confused come around good description would devil may cry tab target style dancer name implies combo half dependent rng dancer swoop buff performing step dance partner increasing damage timer go later level buff party member around also increasing damage dance partner buff heal around another part review noticed mentioned repeatedly fly yes well saving word segment world building expansion give player new element lore behind universe ffxiv custom area people civilization long past hero eld god worshiped game introduces story many quest questing heanvensward onward trend established main quest work pacing like first quest entry level introduction expansion followed next level dungeon go next quest involve solo instance fight along side npc's revisited dungeon specially made area another dungeon trial cycle repeat like keep player engaged go another arr slogfest music music far best opinion composer masayoshi soken clear grasp implement category player enjoy content slow motif full piece make question battle life death opera concert many fall love music choose content included community said lot time community ffxiv really welcoming well mannered stand agree let sugarcoated much problem like many mmo's game play real people would correct assume reason behind big point brought many time choose kind developer also kind paying forward sort deal least see think read far thank time hope review least helpful getting image game like want try hope see lad lass game importantly awesome day,positive,positive,positive,positive
Steam,Final Fantasy 14,mmo good stop selling,positive,positive,positive,positive
Reddit,Final Fantasy 14,nice get option want skimpy run around swimsuit bunny ear slap heavy full plate armour still look badass need glamour inventory reee,positive,positive,positive,positive
Reddit,Final Fantasy 14,even feel attachment story zone really enough get people keep playing every day 5 month patch speaking personal experience enough started playing stormblood played shadowbringers launch got fate done patch finished every tribe released bozja diadem made every crafting relic participated ishigard restoration farmed every single ex trial tried get many resitance weapon could really liked story world made want login everyday know everything related also fate tribe grinding endwalker disagree like patch story character already started acting character writing shallow repetitive problem solved off-screen convoluted solution simplified major story point ... anyway go gathering ultima thule would always take second look around hear song think story feel happy meanwhile started grinding ex fate story trial stopped caring barbariccia telling go back eventually never even clear zeromus ex patch stopped login daily caring much getting achievement old new heard similar story around sure one feel way still argue there's many people like game varying degree good story make people ffxiv forgive lot gameplay issue that's one answer thread story made people happy game forgive everything else crack began show ew patch coincidence story also starting get criticized,positive,positive,positive,positive
Metacritic,Final Fantasy 14,can't recommend spend 50 12.99 month first 30 day title many flaw ffxiv recommend keep eye news see game evolves,positive,negative,positive,positive
Metacritic,Final Fantasy 14,anyone experienced final fantasy xiv online fought way complex control hardly want leave eorzea,positive,positive,positive,positive
Metacritic,Final Fantasy 14,worthy heir final fantasy xi improves aspect original,positive,positive,positive,positive
Metacritic,Final Fantasy 14,fan wow probably wont fan game interface yes interface different however bad look several people idea mmo designed designed less cluttered standard mmo ever looked someone wow interface play alot holy crap cluttered stuff isnt needed thing ffxiv interface wow two thing many people confused lack jumping hit spacebar start chatting o_o everything including interaction flash screen like mmo either cursor top quest easy enough find mmo focus exploration quest though guildleves system efficient actually easier use system wow want need giant billboard quest honestly like littkle adventure mmos yes leveling finding gear almost exact happened ffxi btw probably never played bet ... quite lying playing mmo patient people enjoy scenery ... high magic ... ton crafting lot exploration also quite knocking class system virtually identical nature class system ffxi resembles tactic equiping weapon change class yes game glitch slow inventory load character slow machine intend run game please make sure computer meet recomended system requirement i7 processor new expensive people right graphic card far important actual cpu speed computer need dual core good graphic card highly recomend game anyone explorer mindset mindset usually required game like ryzom eve-online,positive,positive,positive,positive
Metacritic,Final Fantasy 14,honestly bought final fantasy xiv final fantasy single player rpgs series never rated high preference list though enjoyed however always felt world portrayed series would play much better online world excited final fantasy xi remain excited final fantasy xiv honestly say delivered final fantasy xiv presented unique compelling world what's actually asked set exploring deny game flaw quite always maintained unbelievably stupid judge mmorpg flaw exhibit first year let alone first month come back start resolvable issue maybe see potential like basic system presented along world basis kind roleplay enjoy expected pretty much exactly got final fantasy xiv good world good story enjoyable battle system actually fun crafting system unique take system generally formulaic modern mmo game final fantasy xiv everyone likely much online rpg looking replace ragnarok online best part decade pleased bought collector's edition what's remarkably friendly casual player define casual player limited time available describes perfectly given recent return university experience system geared give large burst short time login level attempt grind like sorry useful review ever simply put fun sure lot people also long definition fun formulaic western mmorpg bust,positive,positive,positive,positive
Steam,Final Fantasy 14,know late time say great masterpiece game spend 2000 hour finally reached end main story waiting dawntrail game mades often cry cause heartwarmed story sequence graphic awesome gameplay amazing story undescribeable game ♥ masterpiece ♥,positive,positive,positive,positive
Steam,Final Fantasy 14,4000 hour game think say seen game offer fan final fantasy year playing almost every ff game ff2 4 ffxiii 2 heard square online rpg ffxi try machine powerful handle came ffxiv made ffxi somewhat redundant say agree review game really really good ability switch class fly awesome one factor made like player pulled away world warcraft voice acting great able switch japanese immediate tick box storyline classic ff-style story feel totally like ff game expanded mmo world seriously play ff fan pointed review lose social life process :p unless course social circle also ff fan one main caveat pvp game exists seems feel afterthought built game start,positive,positive,positive,positive
Steam,Total War: Rome 2,game received lot negativity came play release large percentage hate probably well deserved end though really feel title one best series think battle ai best series still played attila though game look sound beautiful aspect campaign frustrating first disappointed fact force limited amount army navy also force general admiral army navy ... mean marching small group leaderless troop one place another like first really make sense still recruit troop away city magically appear queue next turn within army mean marching one location another ... one game issue time encountered crash got progressively worse game rendered unplayable surprisingly file somehow got corrupted simply verifying integrity game cache resolved entirely overall campaign played game best date highly recommend title anyone interested historical strategy love series played game yet say give try give turn put hour calling quits,positive,positive,positive,positive
Steam,Total War: Rome 2,recommending game gonna outright say tentative creative assembly allowed employee disrespect community specifically consumer attest customer always right ... ... game launched horrible bug many downright unplayable launch complete garbage pile negative stain overall franchise taken year remove know people day still buy total war game bad game launch however last two year gone back shown intend fix game ... even little late day rome ii masterpiece beautiful albiet still flaw get later campaign last four five generation character allow real story building hard legendary really fight build rome tear dependingly ton content numerous faction even female general choose recruit certain faction rome civilized faction can't recruit issue ... ca completely ignored valid argument community generally female overabundance rare rare ai ... ridiculous thirteen barbarian desert kingdom army seen recent co-op six female general however overall game great issue negative review response ca spitting face tell want dev spitting face telling fuck insinuating misogynist criticizing ... buy that's completely valid understandable position one even recommend take ca appologizes rating ca though ... rome ii currently beyond couple minor issue still good game reinforce buy devs shitting community,positive,positive,positive,positive
Reddit,Total War: Rome 2,rome 1 arcade-y certainly historically accurate historically inspired way put rome 2 better historical accuracy front loses arcade-y feeling time obviously map faction wise biggest improvement imo eg gaul original rome unified faction v bunch tribe rome 2,positive,positive,positive,positive
Reddit,Total War: Rome 2,rome 2 disaster launch incredible ai still nearly agressive enough change fact fun game,positive,positive,positive,positive
Reddit,Total War: Rome 2,empire 2 medieval 3 anticipated since ... rome 2 released probably enjoyed hell rome 2 attila liked warhammer played warhammer 2 yet always interested history fantasy never biggest warhammer fan great warhammer game way man medieval 3 empire 2 ... excited even medieval mod attila ever get finished would pretty sick less hopeful happening,positive,positive,positive,positive
Reddit,Total War: Rome 2,actually really scared admit reputation actually love rome 2 fact ’ literally playing moment lol,positive,positive,positive,positive
Reddit,Total War: Rome 2,think favorite rome 2 shogun 2 medieval 2 close behind sure rome 2 ’ highly regarded,positive,positive,positive,positive
Reddit,Total War: Rome 2,ah fellow rome 2 enjoyer favourite aswell battle ui everything great,positive,positive,positive,positive
Reddit,Total War: Rome 2,bought rome 1 remaster remembered far greater shit show rome 2 launch admit rome 2 far better game currently fact think rome 2 probably favourite total war game could really improved way less shit ui building tree browser character browser instead carefully mouse tiny box trying work ’ hoping ’ go one pixel far collapse whole thing,positive,positive,positive,positive
Reddit,Total War: Rome 2,huge criticism matter think warhammer mile others term graphic good system run ultra 1440p look bit washed colour lighting maybe end swear even rome 2 better looking :/ non issue odd rest look amazing tob especially,positive,positive,positive,positive
Reddit,Total War: Rome 2,there's less management need rome 2 rome 1 love game prefer rome 1 rome 1 empire management basically boil building build whether use character general governor tax level keeping spqr happy roman faction pretty much ignored tbh mean love rome 1 there's research political career diplomacy joke construction linear every settlement etc much simpler rome 2 imo,positive,positive,positive,positive
Reddit,Total War: Rome 2,want open siege map like historical title rome 2 best custom siege,positive,positive,positive,positive
Reddit,Total War: Rome 2,took patch rome 2 came good anyone think 1 better mostly old man yelling cloud,positive,positive,positive,positive
Metacritic,Total War: Rome 2,rome ii testament great pc gaming must buy follower,positive,positive,positive,positive
Metacritic,Total War: Rome 2,comprehensive reworking grand legacy proud bringing date blistering fashion polishing new generation creative assembly could ask precisely done,positive,positive,positive,positive
Metacritic,Total War: Rome 2,truly developer putting skill knowledge use funneling one singular creation whilst also focusing presenting player familiar series,positive,neutral,positive,positive
Metacritic,Total War: Rome 2,total war rome ii extremely well made game campaign long complex tactical battle really absorbing naval battle really difficult small mistake cost several ship change made game make easier keep track everything that's happening rewarding fast decision-making generating ton fun less-experienced general well creative assembly created something tough top,positive,positive,positive,positive
Metacritic,Total War: Rome 2,total war rome 2 real killer application pc unforgettable experience remain engraved forever heart give chance,positive,positive,positive,positive
Metacritic,Total War: Rome 2,game requires patience immense commitment know getting least patient enough figure everything offer rome ii worthy continuation franchise overdue update one greatest strategy game time every bit vast absorbing come expect,positive,positive,positive,positive
Metacritic,Total War: Rome 2,’ still old imperfection holding back ’ stop rome ii best total war far – one accomplished strategy game recent year,positive,positive,positive,positive
Metacritic,Total War: Rome 2,despite fact hoped revolutionary spirit future total war series rome ii still awesome-looking game hundred hour gameplay huge replay value,positive,positive,positive,positive
Metacritic,Total War: Rome 2,quirk ai engine yet optimized impede total war rome 2 greatness slightly creative assembly refined formula every conceivable way delivered game fan genre ’ miss,positive,positive,positive,positive
Metacritic,Total War: Rome 2,rome total war one brilliant game ever played total war rome ii inverts far name channel greatest military empire history much pale shadow ending bloated technically corrupt unfocused mess,positive,positive,positive,positive
Metacritic,Warhammer 40k: Darktide,hard translate satisfying feel tear horde heathen darktide thunderous soundtrack play word best way seems simply saying spot-on enough surely please fan warhammer horde shooter darktide primarch amongst warhammer game serf corpse emperor admirably,positive,positive,positive,positive
Metacritic,Warhammer 40k: Darktide,warhammer 40k darktide ps5 superb action game filled brutal violence tongue-in-cheek dry british humour expect universe,positive,positive,positive,positive
Metacritic,Warhammer 40k: Darktide,"ps5 release warhammer 40,000 darktide essentially act celebration game reaching current state one best co-op shooter",positive,positive,positive,positive
Metacritic,Warhammer 40k: Darktide,great gameplay server strongest lot unlock obtqin without spending money mission drop drop allow 4 player 4 class choose unique trait characteristic weapon vary power tool dissposal much like left dead successor mix flavor need little juice performance narrative map new class would nice,positive,positive,positive,positive
Reddit,Warhammer 40k: Darktide,want say game fantastic amazing job hope rest f team enjoying success darktide allowing negativity lot nonsense people complain affect ’ wait see see come future title thank,positive,positive,positive,positive
Steam,Warhammer 40k: Darktide,"grim darkness 41st millennium game released year early darktide one best looking feeling sounding interpretation warhammer 40,000 universe ever released yet came clearly early many bug poor progression system in-game shop prioritised promised feature sad 10 month post release many many patch including recently released complete rework class talent tree finally feel like darktide launch darktide incredibly fun play slaw horde heretic probably satisfying horde combat game yet incredible soundtrack playing carnage near perfect rendition hive city incredible melee upgrade vermintide 1 2 shooting thankfully also feel incredibly weighty especially ogre weapon bolt pistol depth new talent tree coupled many new ability add lot depth game especially higher level mission also feel distinct visually whilst shared mechanic mission never feel like copy paste likely due ai director diverse location theme whilst feel comfortable recommending darktide good horde shooter £ 50 high asking price would still recommend picking sale get much bang buck equally game best enjoyed friend excited future darktide found foot going record sure fatshark enhance game one best horde game ever really potential",positive,positive,positive,positive
Steam,Warhammer 40k: Darktide,"november 30th 2022 fatshark released warhammer 40,000 darktide done release public early access unfinished product october 3rd 2023 fatshark released update game affectionately deemed warhammer 40,000 darktide's actual release date good play",positive,positive,positive,positive
Steam,Warhammer 40k: Darktide,weird one overall game really fun would recommend yeah devs questionable thing though also yeah go generic reason enjoy combat music setting atmosphere etc there's plenty review going instead go various negative far going pre-purchase beta launch somehow lost fps stability graphic setting reset launch first thought even messing today still seems worse obviously possible get fixed near future gonna hold like big strike also different type crash experience beta balancing could also use work already determined meta pick weapon class need buff pretty simple change impact amount fun game overall hand crafting launch microtransaction cosmetic store launch super scummy shameful fatshark cosmetic store already full game store also suffers traditional predatory practice see throughout industry timer thing sold cause fomo behavior rotating store well wanna miss cool item know appear better buy also in-game currency rather letting use money never exactly enough buy something always little less much always encouraged buy little currency extra go waste current pricing's 2.50 500 currency 5 1000 10 2100 20 4500 30 7000 current pricing's cosmetic 400 700 800 2400 math scummy predatory practice good thing could make sure implemented though core feature like crafting problem claiming 70 weapon available launch currently 65 lot variant weapon well 3 version rifle one slower rate fire higher damage one high rate fire low damage one balanced missing weapon literally showed advertising take example ogryn powermaul found game fatshark somehow forget implement know yeah weird state right game fun already gotten 40 worth content easily annoying could better,positive,neutral,positive,positive
Steam,Warhammer 40k: Darktide,played game quite lot lately feel like good perspective game point completed every mission type t5 played since closed beta preorder beta max lvl'd every character working 5th throwaway character made hear different voice line ugly performance issue crash still exist window 11 user still need set worker thread launcher 1 crash time performance quickly constantly improving every patch might resolved within month raytracing performance phenomenal however performance hit biggest seen ever game weekly contract ... bit disappointed fatshark pandered people complaining weekly contract rewarding enough could buy stuff melk's requisitorium easily fatsharks response make weekly contract harder people could buy stuff requisitorium within week felt like old weekly contract minimal requirement much better 25 scripture 25 mission 12 grims prefer getting smaller reward come 15 mission 15 scrip 5 grims bad crafting system incomplete right upgrade weapon can't customize crafting material shared across account feel like game shop weapon curio limited selection feel like 3 category 1 melee 1 ranged 1 curio count 10 melee weapon 10 ranged 4 curio always available shop would go long way helping find roll need exact value purchase premium cosmetic yet f stated working predatory marketing technique company video game used premium currency aspect game thing feel show influence tencent game honestly glad limited map selection given time struggle trying complete penance specific mission type might access mission need guessing going add specific mission type difficulty selection complete private lobby going maintain current mission map psyker career definitely need balancing overtuned hope magic class become strong like vermintide 2 pushed back little hard imo zealot ogryn honestly good spot veteran overperforming bit imo neutral crossplay steam window game nonexistent guessing disabled crossplay got console release since probably thinking need support console game pas crossplay compatibility end needing vermintide console approach enemy count reduced enemy hp significantly increased would impossible crossplay console pc gamers imo can't support microsoft might happy f allowing crossplay steam game pas user reused map asset reused quite lot map asset game noticeable go map neutral good mention later map progression may seem tedious honestly fun progressing character exception psyker unlike vt2 everything maxed there's practically nothing except chaos waste always find new loot improve upon create new character get fresh box experience xp gain could use buff obfuscated system ... put neutral honestly enjoy learning game play joy discovering stuff work game amazing knowing small little trick help become better player imo everything's spelled feel like mostly get information overload focused number rather actual gameplay feel shame added lot information game right still obfuscated enough feel like learn play honestly though think added much information case lot people get confused information overload get frustrated personally find added information useful also noticed others also play game lot difficulty understanding information given game cash shop premium cosmetic v2 people kept harping wanting cosmetic f decided important enough come release think fine right people eating think great premium currency good regional pricing support good map design amazing always multiple way approach hardened position honestly like fact reused map asset make map zone feel connected also borrowed real world game workshop set translated game faithful source material know mean different thing different people art design amazing game see skybox phenomenal throneside particular look like lifted straight book cover first get open consignment yard blown away detail open sky cover system feel organic never liked snap system cover game like outrider gear war etc cause lose control character good cover anyway debris cover map feel forced place depending use provide really good cover even ogryn door wall also amazing natural cover game definitely mix melee range definitely ranged focused v2 team need work together know push retreat use ranged switch melee game particularly harder difficulty melee ranged combat important weapon enemy armor complexity people saying game lifted system v2 definitely tried learn game enough v2 best armored unarmored stormfiend mauler multiple enemy multiple armor type every weapon's attack different effectiveness weapon strike good single target might good unyielding target like ogryn shovel h2 high stagger high cleave attack decimates unyielding ogryns monster use h1 single target strikedown toughness system amazing promotes team work make much sense considering much ranged enemy definite improvement thp system made selfish play possible v2 really feel like need move team conclusion think game incomplete point time bother like highly recommend getting game there's great depth definitely game that's work progress much offer point time much offer future fun complex game get better time go much write apparently steam character limit leave get back slaying heretic rise reject update still highly recommend,positive,positive,positive,positive
Steam,Warhammer 40k: Darktide,originally review game negative wherein called game's unfinished launch poor optimization severe lack contact casino crafting added month late time fatshark slowly worked rectify issue game recent patch dated september 25 heaviest lifting lifting mood regarding darktide finally culled rng itemization system plagued game added long-term goal making weapon stronger without long grind per weapon darktide predecessor vermintide unique among co-op horde clearing genre melee gameplay unrivaled lower end game's challenge level simply spamming light attack may work get higher end need consider weapon's full move set combo stagger breakpoints enemy armor type need kept mind trying find perfect build player left there's significantly depth build character game's revamped talent tree launched roughly year game released thanks september 25 patch also tailor weapon exact desire try sort build course good build alone carry victor higher end game's difficulty one mistake get killed ai director feeling particularly vindictive darktide tide game steep learning curve climb attain skill start carrying auric maelstrom mission hit right pulling clutch move game without fault optimization could still use love solo mode would appreciated along ability tinker bot player course there's cash shop personally think item earn game without paying look better fatshark development cycle slow side raw gameplay sound music build crafting leave player addictive action help wait next batch content shame took almost two year game come beta,positive,neutral,positive,positive
Steam,Warhammer 40k: Darktide,launch darktide disaster game good condition buy regret first thought negative review instead waited trusted fatshark really good co op game positive review ;) fight really intense close range fight lot enemy fatsharks formula great time showed u vermintide 1 2 cool co op experience know game feel weapon combat every weapon unique feeling playstyle never get bored dropping next game going deep horde,positive,positive,positive,positive
Steam,Warhammer 40k: Darktide,game got bad review launch rightly finished say game current crafting class talent imo become complete game people complain game lack content meanwhile 400 hour im say much enough everyone different content even say price asked enough core gameplay phenomenal crafting depends taste rng crafting fun people frustrating others feel like bad thing buy progression kind bad launch improved drastically good package 40 especially couple friend like l4d format,positive,positive,positive,positive
Metacritic,Warhammer 40k: Darktide,"warhammer 40,000 darktide delivers action-packed cooperative multiplayer experience deeply satisfying combat spellbinding depiction 40k universe game currently feel foundational comprehensive emphasis repetition lackluster progression system undermining grisly joy",positive,neutral,positive,positive
Metacritic,Battlefield 2042,odd admirably experimental aaa game offer plenty epic scale action launch whose true worth probably revealed month come,positive,neutral,positive,positive
Metacritic,Battlefield 2042,stand battlefield 2042 formidable enjoyable shooter delivers series promise peerless open world combat theatre way series franchise managed match shame battlefield 2042 look future setting must player short-term ea dice scramble fix could potentially best battlefield year,positive,neutral,positive,positive
Metacritic,Battlefield 2042,despite traditionally rocky launch latest battlefield prof one best series tell edwin starr found war good issue p 72,positive,positive,positive,positive
Metacritic,Battlefield 2042,several update game good give try graphic nice new weapon character give option player playing mw2 week getting back battlefield say enjoy bf 2042 mw2,positive,positive,positive,positive
Metacritic,Battlefield 2042,care people say one best battlefield ever made portal mode awesome graphic cool nostalgic play bf 3 portal mode think that's good idea remove class add specialist one problem bf4 cant stinger claymore together removing class,positive,positive,positive,positive
Reddit,Battlefield 2042,holy sh usually play series x god drop ball console graphic department game look good pc mind blown,positive,positive,positive,positive
Reddit,Battlefield 2042,playing bf2042 couple week love switch scope like always wondered multiple slot make sense,positive,positive,positive,positive
Reddit,Battlefield 2042,mmw go criminally underrated game history,positive,positive,positive,positive
Reddit,Battlefield 2042,let's fair 2042 sound bad still great sound design especially good sound setup surround,positive,positive,positive,positive
Reddit,Battlefield 2042,that's exactly need complaining voicing opinion still dropped 50 hour keep coming back crap golden nugget used call battlefield redesigns questionable stuff specialist game good course content load load content hopefully new map alit destruction,positive,positive,positive,positive
Steam,Battlefield 2042,battlefield 2042 worth play 2024 rough start 2021 almost killed game dice fixed step step problem 2024 definitely worth another look gameplay fun chaotic run significantly better launch gunplay great in-game attachment system also cool addition compare previous battlefield title therefore specialist operator system confusing moment really great play able healer also provide recon support super fun however ´ easy get important ´ enjoyable fun play get sale steam quite often thanks reading,positive,positive,positive,positive
Steam,Battlefield 2042,chillax game big punishment dying revives team play encouraged gun nice progression great good cosmetic hidden behind mtx poop game's performance good big bug encountered bad ui resolution scaling 2k display 4k get sale remember fun game traditional single-player solo coop mode,positive,positive,positive,positive
Steam,Battlefield 2042,february 1 2023 patch 3.2 0 came yesterday game feel good real good jump bandwagon hating without allowing enjoy first fixed lot made lot change requested community little late maybe unfortunate yes would great way played launch though give try reinstall grab sale want enjoying battlefield that's tell hope that's enough get give shot,positive,positive,positive,positive
Steam,Battlefield 2042,game made good comeback released ’ nowhere near best battlefield ’ shabby easy find full lobby fun play wish medic would job,positive,positive,positive,positive
Steam,Battlefield 2042,clocking 400 hour battlefield 2042 witnessed firsthand game's evolution ’ quite journey first dove game plagued numerous bug several map felt almost unplayable fast forward today difference night day developer clearly hard work patching bug giving map much-needed overhaul frustrating glitch tearing hair far map initially felt like chore navigate reworked offer much smoother enjoyable experience improvement gameplay dynamic brought fresh exciting vibe game making feel almost like new release fan shooter battlefield 2042 offer truly fun immersive experience chaotic battle 128 player vast map exhilarating strategic depth introduced new hazard zone mode add extra layer excitement customizable portal tool fantastic addition letting player create share game mode brings nostalgic touch incorporating element previous battlefield game conclusion battlefield 2042 come long way since rocky launch dedication developer fixing issue enhancing game truly paid fan large-scale high-intensity shooter battlefield 2042 definitely worth time ’ many hour exhilarating gameplay,positive,positive,positive,positive
Metacritic,Warhammer 40k: Darktide,playing game pc year ago experiencing series x year later patch present wow difference fat shark really outdone far creating universe type game graphic great gameplay great great game play friend reminds xbox 360 day left dead,positive,positive,positive,positive
Metacritic,Warhammer 40k: Darktide,expected decent warhammer 40k shooter got hand best co-op shooter ever played detail could improved gameplay style music score way welcome change usual call duty crap hope expand game future,positive,positive,positive,positive
Steam,Battlefield 2042,conformity bias real thing ’ game demise battlefield 2042 fun like insanely fun hop game play 3-4 hour every day week balancing done perfectly often ’ practically meta map beautiful easily navigated play well gun fun one could carry match shoulder year battlefield 2042 still getting hate yeah nobody actually know play like battlefield ’ arguably one best title rocky start one seems want let live ignore article streamer hate ’ dumb nonsense people afraid opinion give game 10/10 whether ’ old player left franchise someone brand guarantee ’ blast,positive,positive,positive,positive
Metacritic,Total War: Rome 2,start quality good time managed make lot addition correcting gameplay expanding player's capability project essentially icon time,positive,positive,positive,positive
Metacritic,Total War: Rome 2,played total war game rome ii far favourite plenty country quite campaign dlc political aspect well developed building unit political system different depending culture ... greta game,positive,positive,positive,positive
Steam,Wasteland 3,never played wasteland game played every fallout including older one newcomer wasteland's impression rather someone anticipating game even realize coming soon bought whim game everything hoped far term feeling like fallout used feel update disappoints extraordinarily well written writing consistently hit mark whether mark sad shocking tongue-in-cheek sardonic combat satisfying skill tree great world feel alive detailed every nook cranny crafted care great environment major tom cute cat scared dying drop base choice feel like matter compelled think every dialogue option time wonder right thing various faction far well-written morally grey intriguing explore can't wait see mean come together yeah understand wasteland series root know feel like fallout basically original fallout game said pretty much hoped fallout 4 would feel like spiritual sequel fallout new vega last one genuinely loved drag immediately intro far let go word wasteland 3 delightful update 20 hour encountered lot bug still highly suggest game get better better dozen hour fun love much turn auto save check save every 30-60 minute,positive,positive,positive,positive
Steam,Wasteland 3,like middle aged dad time watching world end helping kid pandemic caused home schooling job slowly sucking life loved playing old school rpgs like forgotten realm game fallout 2 baldurs gate planscape torment etc escape world feel like could reality day give fantasy chance surviving end plus reference joke world grew baby boomer parent set path hellish landscape today get fix toaster cool prize,positive,positive,positive,positive
Steam,Wasteland 3,kickstarted well figged that's odd platform name .. wasteland 3 back 2016 waiting four long year released game pas time tear salty got got abused parrot creeped clone propositioned whole host strange occasionally sexy character sure feel ... let's even talk goat h1 gameplay h1 wasteland 3 rpg party management game much streamlined predecessor everything fairly intuitive easy use wasteland 1 2 clunky 3 modern iteration gamer want deep skill choice heavy party balance without much faff one favourite upgrade previous party selected selected main character skill looking whether that's diffusing bomb opening safe repairing toaster game automatically switch character needed complete action hallelujah endlessly switching trying figure character need action smooth easy maybe easily pleased talking smooth inventory combat also simplified without taking away thought involved shared inventory party make equipment breeze niggles weapon choice thing seem underpowered seem op okay though easy enough switch thing around decide like party member full stop easily switch either pre-made creation completely custom character flavour-personality combat solid familiar there's respectable array weapon quite unique pet assistant whole host flavour lore environment great full detail thing pay attention like cryo barrel freeze opponent fire warm team wait maybe fire bit wrong ... according achievement time 4 people killed party fire least short gameplay great solid improvement without taking anything away innovative example genre done well accessible enough someone who's never played party rpg plenty depth difficulty option hardened sadistic soul there's also online co-op mode friend willing play game like can't comment love option h1 story h1 wasteland series always great mix gritty realism slapstick sillyness witty point writing grizzly scenario random oddity wasteland 3 exception really capture surreal apocalypse vibe fact say writing best series character personality quest depth intrigue everything interesting love want every quest game loot exp genuinely find happened choice feel important quest although hard say important really without multiple playthroughs choice hard often pulling morality never know 40 hour later something barely gave thought going come back bite butt save refugee get power armor enslave girl get secret vault code ahhh want bad guy like secret vault code ... disco elysium still win best written game decade award wasteland 3 definitely top 10 improvement would unique character recruit base end staffed lot forgettable face think missed chance improve base management general h1 downside get fly swatter h1 buggy buggy buggy that's hold wasteland 3 back greatness really get annoyed bug game frustrate point several quest quest log appear uncompleteable roll back time hour one point experienced many bug glitch like shooting wall character losing health instead gaining one point invisible enemy shooting inside wall seemed particularly unfair patch going might fixed future decide would dealbreaker right always shame see game held back bug h1 would recommend h1 yeah absolutely intimate memorable experience satisfyingly solid rpg give solid 8/ 10 quote 💖 find review old welsh lady interesting please follow url curator page url 💖 quote,positive,positive,positive,positive
Steam,Wasteland 3,okay great game best fallout since new vega solid 10/10,positive,positive,positive,positive
Metacritic,Wasteland 3,focus freedom choice second-to-none wasteland 3 set benchmark crpg narrative supported wonderfully engaging gameplay roleplaying mechanic,positive,positive,positive,positive
Metacritic,Wasteland 3,wasteland 3 attempt make world player exists rather move complete success,positive,positive,positive,positive
Metacritic,Wasteland 3,overall felt wasteland 3 amazing successor great franchise addicted within first 10 minute play offer great compelling story twist choice matter character robust gorgeous artwork colorado help bring everything life combat great work well ’ find tedious skill system offer depth choice making character brings interesting thing game complaint really come form bug otherwise wasteland 3 everything could want post apoc turn based combat game frozen ferret launcher,positive,positive,positive,positive
Metacritic,Wasteland 3,like x-com style combat combined crpg genre fit like fist eye one game wanted play playthrough,positive,positive,positive,positive
Reddit,Wasteland 3,cant get game music tell story game perfectly lol still listen time time,positive,positive,positive,positive
Reddit,Wasteland 3,far one favorite crpgs last 5-10 year sad probably never get 4th wish like wasteland 3 pillar eternity deadfire ... fantastic want turn based like,positive,positive,positive,positive
Reddit,Wasteland 3,yeah wasteland 3 feel like perfect mash xcom 2 baldur's gate kinda humor borderland better fucking amazing game gasing friend like crpgs,positive,positive,positive,positive
Reddit,Wasteland 3,played twice keep coming back,positive,positive,positive,positive
Steam,Wasteland 3,great combat funny engaging story plenty mission without falling open-world trap burying stuff ending bit letdown basically boiled binary choice previous action basically consequence,positive,positive,positive,positive
Metacritic,Cyberpunk 2077,cyberpunk 2077 perfect ambitious marries gripping story huge open world absolutely dripping atmosphere one fifty hour gameplay still feel like scratched surface even itching jump back complete yet side job enjoyable also case offer v option come ending story even contemplating starting anew change outcome event benefit hindsight expecting light-hearted affair full futuristic hijinks might find want – though let hair every instead cyberpunk 2077 delivers surprisingly serious story that's genuinely touching time gameplay let charge destiny want experience night city polished possible perhaps hold back patch two landed iron kink definitely want visit soon phenomenal that's cyberpunk 2077,positive,positive,positive,positive
Metacritic,Cyberpunk 2077,cyberpunk 2077 engaging experience unlike anything else open world mechanic top notch almost always something map furthermore large number different game path choose give experience story combined hundred weapon augmentation upgrade side mission plenty material last long period time cyberpunk 2077 definitely remembered one significant title history gaming medium,positive,positive,positive,positive
Metacritic,Cyberpunk 2077,’ v game silverhand ’ get cyberpunk 2077 head ’ week played 70 hour probably healthy scooping face replacing electronics ’ feel like work like digital personality loaded onto biochip felt like stepping another life ’ life ’ wait relive,positive,positive,positive,positive
Metacritic,Cyberpunk 2077,immersive stunningly crafted rpg raised bar cinematic quality open-world game aware bug issue release,positive,positive,positive,positive
Metacritic,Cyberpunk 2077,midst intense anticipation scrutiny ’ easy get carried away cyberpunk 2077 could final experience might familiar many predicted plenty element ’ perfect dripping detail engaging story much see cyberpunk 2077 kind rpg blink hour go need finish 2020,positive,positive,positive,positive
Metacritic,Cyberpunk 2077,cyberpunk 2077 celebration entire medium marrying cutting-edge technical innovation unrestrained user agency authentic immersive experience transport another universe game executed promise gaming like cyberpunk 2077 cd projekt red's artistic achievement cannot overstated … despite impressive array bug glitch cyberpunk 2077 remains experience without peer punch pulled platitude given compromise made cyberpunk 2077 industry highpoint simply put may never bested right without hesitation overjoyed say cyberpunk 2077 everything ever wanted game best game ever played,positive,positive,positive,positive
Metacritic,Cyberpunk 2077,cyberpunk 2077 new masterpiece cd projekt red huge dense vibrant colorfoul dark sci-fi rpg fan genre step first provide sensation story really depends choice everything need playstyle street store building inhabitant night city get head easily happy interact keanu reef real star city provides term atmosphere game mechanic story,positive,positive,positive,positive
Metacritic,Cyberpunk 2077,cd projekt red set new standard achieved sandbox cyberpunk 2077 taking open-world gaming next generation,positive,positive,positive,positive
Metacritic,Cyberpunk 2077,cyberpunk 2077 ’ biggest achievement night city fascinating city videogame history far combat outside main story sometimes feel little repetitive way encourages player interact everyday life inhabitant bustling city result roleplaying experience truest sense word game tower like skyscraper western rpg genre skyline,positive,positive,positive,positive
Metacritic,Cyberpunk 2077,’ easy task cyberpunk 2077 manages justice hype level created yes would like extended main campaign course cannot ignore large number bug nevertheless cd projekt red created detailed urban setting ever seen cyberpunk aesthetic beyond match,positive,positive,positive,positive
Metacritic,Cyberpunk 2077,despite flaw cyberpunk 2077 one consistently astounding piece medium ever pleasure consuming,positive,positive,positive,positive
Metacritic,Cyberpunk 2077,’ buggy flawed many technical fixable level cyberpunk 2077 unique beautiful experience almost level – masterpiece,positive,positive,positive,positive
Metacritic,Cyberpunk 2077,cyberpunk 2077 give player ultimate freedom play video game take best modern rpg first-person shooter stealth open world game masterfully blend single product skyrim gta v represented turning point genre beginning 2010s cyberpunk 2077 called upon 2020 despite technical flaw,positive,positive,positive,positive
Metacritic,Cyberpunk 2077,nice game really enjoy character knew playing side content kinda repetitive lazy really hopeful phantom liberty although would nice gave dlc like bought back day full price ask refund managed play cyberpunk 2077 two whole year release horrid launch anyway think worth play nowadays especially appreciate cyberpunk genre,positive,positive,positive,positive
Steam,Cyberpunk 2077,cyberpunk 2077 really hooked story ’ never invested game ’ narrative — made want take time reading every line dialogue make sure ’ mess ending course sarcastic conversation v johnny best,positive,positive,positive,positive
Steam,Cyberpunk 2077,great game,positive,positive,positive,positive
Steam,Cyberpunk 2077,200 hour game last play reached 60 without doubt one funnest game played minor bug really reflect major gameplay issue interesting story loveable character name ... dlc add lot game totally recommended possible,positive,positive,positive,positive
Steam,Cyberpunk 2077,fun game even year later love coming back making new build,positive,positive,positive,positive
Steam,Cyberpunk 2077,love game anything negative say cyberpunk good everyone entitled opinion,positive,positive,positive,positive
Steam,Cyberpunk 2077,perfect game certainly escaped bug launched term moment-to-moment gameplay superb experience beginning end ... mostly couple time felt vindicated quicksaving every minute thanks occasional game breaking bug although worst time froze 7:00 pm noticed couple hour later fix reload save prior stopping use protection go street racing guess bug aside fantastic game ton meat glad abandoned disastrous launch prop modding scene highly recommend stealthrunner mod make guessed stealth gameplay rewarding,positive,positive,positive,positive
Steam,Cyberpunk 2077,love cyberware aspect game futuristic mega city rpg aspect game,positive,positive,positive,positive
Steam,Cyberpunk 2077,gonna lie probably best piece digital art ever played never thought game would make emotional sidequests main storyline everything combined make game amazing,positive,positive,positive,positive
Steam,Cyberpunk 2077,cyberpunk peak,positive,positive,positive,positive
Steam,Cyberpunk 2077,graphic story gameplay yes,positive,positive,positive,positive
Steam,Cyberpunk 2077,highly recommend game anyone fan cyberpunk 2077 rate one entire full number ten fully intend continue playing finger hit several button variety different pattern truly one video game generation,positive,positive,positive,positive
Steam,Cyberpunk 2077,review dedicated johnny silverhand guy saved life,positive,positive,positive,positive
Reddit,Cyberpunk 2077,yeah people think story kind mid honestly havent dived ttrpg lore fine shouldnt really research stuff outside whats presented whole cyberpunk story wild fuckin awesome ton potential stuff go next game also listen one rock station radio station pondsmith give little lore bit guise radio show great,positive,positive,positive,positive
Reddit,Cyberpunk 2077,yes ’ great depends liked fo4 term combat rpg element cyberpunk better open world exploration might better fallout depending taste source friend played game,positive,positive,positive,positive
Reddit,Cyberpunk 2077,spent good 74 hour playing game loved bug love except ending v die ending ending life also much happy ending v die 6 month matter 😭 first ending chose arasaka ending thought damn must chosen worst ending possible maybe ending happy ending ending v still dy whyyy anyway anyone suggest game preferably open world aaa game good ending game give depression like cyberpunk,positive,positive,positive,positive
Reddit,Cyberpunk 2077,random early impression question ps5 opening door stash feel like game designed pc ie point click really clunky trying get finger mouse icon appear something wrong way change camera height first person see setting vehicle quite low walking around like v 4ft tall could finish game without getting much hack shooting ok melee fun hacking stuff far something enjoyed get feeling big part game main playstyle point start heist read little game pick important stop main story quickly concentrate side stuff good time untrack main mission anything everything else map come cp 200 hour elden ring quite change pace trying stick seems good question partly quality life see bit fun graphic fantastic story seems interesting far thanks pointer,positive,positive,positive,positive
Reddit,Cyberpunk 2077,thanks game sale local game store around 10 usd definitely purchasing,positive,positive,positive,positive
Reddit,Cyberpunk 2077,wow unbelievably high quality,positive,positive,positive,positive
Reddit,Cyberpunk 2077,lol normal bedtime anywhere 8 10 ’ going bed midnight ’ screwing bad ’ stop playing,positive,positive,positive,positive
Metacritic,Days Gone,superb zombie-slaying combat enjoyable motorcycle gameplay integrated perfectly well-paced story game ’ major highlight terrifying zombie horde unlike anything seen videogame far,positive,positive,positive,positive
Metacritic,Days Gone,lot day gone larger game people might expect,positive,positive,positive,positive
Metacritic,Days Gone,bend studio delivered great narrative game innovative mechanic addictive gameplay well-considered progression curve great audio design stunning graphic fun play horde game something never seen simply amazing impressive technological display that's surprising lot fun day gone welcome addition playstation classic library,positive,positive,positive,positive
Metacritic,Days Gone,’ think many open world game pack much character much wonderfully crafted narrative day gone sure ’ story world overrun deadly virus ’ also story people hope survival time uplifting others heartbreaking couple day gone's beautiful setting varied array well-designed story mission left something pretty special,positive,positive,positive,positive
Metacritic,Days Gone,day gone check box proverbial playstation exclusive never feel like ’ stepping anyone else ’ toe despite game film tv easily draw comparison day gone handle way unique identity played loved finally finishing long journey wanting adventure end sam witwer brilliant deacon st john journey survival humanity self-discovery deadly world via motorcycle memorable one ’ missed,positive,positive,positive,positive
Metacritic,Days Gone,huge open-world horror stealth-action adventure melting pot manages tap everything love sony ’ game finding voice buried beneath horde idea day gone worth wait issue p 74,positive,positive,positive,positive
Metacritic,Days Gone,still without ps5 never got around day gone understand game break mold massive sandbox seen many time day gone right give player world nothing come easily dozen hour multiple playthroughs still evade even small group freakers overcoming struggle making something new world always lifeblood great zombie fiction though sony bend give monster different name day gone one best genre video game ever produced,positive,positive,positive,positive
Metacritic,Days Gone,day gone perfect playstation game make way pc already beautiful game held back ps4 ps4 pro pc day gone get ’ chance flourish running uncapped frame rate high resolution touting fov slider missing cool next-gen upgrade like ray tracing dlss day gone run nearly flawlessly pc serf testament bend ’ tradecraft even ’ already played game ps4 ps4 pro ’ worth jumping back shoe deacon st john pc massacre freaker horde highest level performance possible,positive,positive,positive,positive
Metacritic,Days Gone,money day gone remains one absolute best open-world game market people opportunity try put best foot forward ’ something worth celebrating think,positive,positive,positive,positive
Metacritic,Days Gone,great port great title zombie game around u bend studio managed squeeze every last drop worn setting everything well-designed polished day gone – believable world character distinct post-apocalyptic aura crafting thrilling combat spectacular encounter bloodthirsty horde addition version well-optimized run smoothly mid-range pc 08/2021 p 48,positive,positive,positive,positive
Metacritic,Days Gone,want sequel day gone deserves confirmation game critic cant trusted day gone's reputation still great eye player,positive,positive,positive,positive
Metacritic,Days Gone,masterpiece ... recently finished game ps5 flawless game start finish im already replaying game game left feeling wanting much cant believe didnt play earlier must play,positive,positive,positive,positive
Reddit,Days Gone,amazing sure everyone thinking remastering mean potential day gone 2 see well day gone remastered sell sell well 100 sequel definitely buying hoping come pc,positive,positive,positive,positive
Reddit,Days Gone,wow amount attention minor detail everything mind blowing,positive,positive,positive,positive
Reddit,Days Gone,thank incredible game took break week ago tried getting title ended starting 5th day gone playthrough last night gonna,positive,positive,positive,positive
Reddit,Days Gone,sell well doubt day gone 2 coming sony already realized live service game ’ sell,positive,positive,positive,positive
Reddit,Days Gone,game taught critic review mean jack shit underated gem thank making brilliant game still hold hope sequel,positive,positive,positive,positive
Reddit,Days Gone,surprise game review score ’ justice,positive,positive,positive,positive
Reddit,Days Gone,someone started playing game gotta say insane lol,positive,positive,positive,positive
Reddit,Days Gone,’ hoping remaster sell well 2nd installment come future,positive,positive,positive,positive
Reddit,Days Gone,know personally missed day gone long time sat fell love due small way initial review feel state gaming review world obviously impacted game reception personally scandalized game recieved attention praise think,positive,positive,positive,positive
Reddit,Days Gone,right especially love spark smoke come body hit detailed,positive,positive,positive,positive
Reddit,Days Gone,speedrun mode practice made pervert's time shine permadeath sense going turn day gone even cult classic already photo mode enhancement salivating hobbyist photographer photo mode junkie romantic walk sarah bane speedrunners everywhere,positive,positive,positive,positive
Reddit,Days Gone,joke aside pay much attention npc's still managed enjoy game regardless,positive,positive,positive,positive
Reddit,Days Gone,omg lol game underrated left ear least,positive,positive,positive,positive
Reddit,Days Gone,really impressive,positive,positive,positive,positive
Reddit,Days Gone,thank creating underrated masterpiece could help make sequel amazing storyline develope ’ brian captain kouri heading east presumably nuked city,positive,positive,positive,positive
Reddit,Days Gone,finished day gone last month amazing game awesome video see attention detail beyond wonder showed,positive,positive,positive,positive
Reddit,Days Gone,fought first two hoard first mission hoard absolutely freaking intense … ’ played game long time ’ think ’ ever experienced something like adrenaline experience needed breather went looking face mp3 player community college … … freaking … way … another horse come … used … bullet … game fun terrifying,positive,positive,positive,positive
Reddit,Days Gone,get bad rating ’ follow critic mainly cause think idiot absolutely love game,positive,positive,positive,positive
Reddit,Days Gone,oh god unique injector haptics bigger horde permadeath mode new trophy pack new chatacters 8 psn avatar fov slider take money,positive,positive,positive,positive
Reddit,Days Gone,one game recent memory actually keep coming back stand rest thank creating great game bend,positive,positive,positive,positive
Reddit,Days Gone,people discover game ps5 pc demand sequel grow,positive,positive,positive,positive
Reddit,Days Gone,game masterpiece,positive,positive,positive,positive
Reddit,Days Gone,one top 3 platform loved every aspect actually driving northern oregon yesterday kept seeing town construction looked like game really stop pulling shooting white propane tank kept stopping buy growler gas styrofoam chemult horde flashback,positive,positive,positive,positive
Reddit,Days Gone,’ definitely gonna buy,positive,positive,positive,positive
Reddit,Days Gone,hell yeah getting,positive,positive,positive,positive
Reddit,Days Gone,please make second one,positive,positive,positive,positive
Reddit,Days Gone,finished third playthrough row today haha happy birthday day gone swear game spoke soul like guy read brain,positive,positive,positive,positive
Steam,Days Gone,run like butter look amazing fun gameplay regret sony please release ghost tsushima ... 10/10 would buy,positive,positive,positive,positive
Steam,Days Gone,keep porting game pc keep getting money,positive,positive,positive,positive
Steam,Days Gone,thank sony want game steam ghost tsushima last u god war update got thank keep coming sony bloodborne gran turismo next world breathtaking ambient world self suck lonely open road get feeling loneliness desperation lighting dynamic soundtrack definitely give chilling isolated vibe bike foot give absolute silence time make want cautious also sound folly sound great amount sound effect make game bit real excellent game engaging story inspires taking mission unfold narrative drama especially tragic romance need comparison day gone offer open world action challenge allow main character grow learn skill item acquisition much like far cry like tool essential pace story impart level design foster world discovery adventure dynamic world change night approach world ’ inhabitant much going inside world constant caution exploring carrying formal mission example experiencing common encampment takedown started stealthy part way got attention horde freakers hasty finesse free escape straight encampment resulted horde clearing enemy plan approach change second ongoing need refuel bike gather crafting resource make feel vulnerable dangerous world however ’ story complex relationship make dangerous world worth risk deacon brave tragic love story see purpose shift hope despair connects player understands meaning found special person life ... one never let go either life memory character likely kind identify generally bend studio ’ make hero player want make kind decision might make deacon true character frustration wanting open friend react differently way might react refreshing change support main idea trust valuable commodity world ’ given easily trust currency day gone deacon ’ wary attitude resistance get close character believable appropriate make softening deacon ’ guard character much meaningful moment occur moment player root incentify story may evolve relationship yet applies story main npc character well high quality dialogue music atmosphere continually set mood perfectly match moment moment experience convincing influence played ps4 glad proud finally play pc 4k hdr high refresh rate p sony want gran turismo pc,positive,positive,positive,positive
Steam,Days Gone,great game great pc port give bloodborne please,positive,positive,positive,positive
Steam,Days Gone,use need day gone 2 button,positive,positive,positive,positive
Steam,Days Gone,want day gone 2,positive,positive,positive,positive
Steam,Days Gone,excellent game excellent port sony .. god war ghost tsushima please ..,positive,positive,positive,positive
Steam,Days Gone,dear sony hey one many people left console pc gaming still exist still much like exclusive please port game pc sincerely guy dusty ps4,positive,neutral,positive,positive
Steam,Days Gone,immersive story lovely character voice acting optimization running smooth ultra wide resolution 3440x1440 case constant 85 capped frame thank sie bringing masterpiece pc world graphic ☐ forget reality ☑ beautiful ☐ good ☐ decent ☐ bad ☐ ‘ look long ☐ ms-dos gameplay ☑ good ☐ good ☐ gameplay ☐ mehh ☐ watch paint dry instead ☐ audio ☐ eargasm ☑ good ☐ good ☐ bad ☐ bad ☐ deaf audience ☐ kid ☐ teen ☑ adult ☐ grandma pc requirement ☐ check run paint ☐ potato ☑ decent ☐ fast ☐ rich boi ☐ ask nasa spare computer difficulty ☐ press w ☐ easy ☐ easy learn hard master ☑ significant brain usage ☐ difficult ☐ dark soul grind ☐ nothing grind ☐ u care leaderboards rank ☑ necessary progress ☐ average grind level ☐ much grind ☐ need second life grinding story ☐ story ☐ lore ☐ average ☐ good ☑ lovely ☐ replace life game time ☐ long enough cup coffee ☐ short ☐ average ☑ long ☐ infinity beyond price ☐ free ☑ worth price ☐ sale ☐ u spare money left ☐ recommended ☐ could also burn money bug ☐ never heard ☑ minor bug ☐ get annoying ☐ ark survival evolved ☐ game big terrarium bug 10 ☐ 1 ☐ 2 ☐ 3 ☐ 4 ☐ 5 ☐ 6 ☐ 7 ☐ 8 ☑ 9 ☐ 10,positive,positive,positive,positive
Steam,Days Gone,buy game help bring p exclusive onto steam beat game way back ps4 treat play 25 fps experience totally different deal controller aim assist anymore game start slow 5 hour hooked can't really beat pacific northwest setting story replete emotional tug pull always get adrenaline rush taking yet another horde getting 77 fps gtx 1080 ti honestly expected worse look like good pc port plethora setting strongly recommended,positive,positive,positive,positive
Steam,Days Gone,game proof sony studio play game green light sequel honestly even done game already want play sequel sign petition,positive,positive,positive,positive
Steam,Days Gone,awesome let money day gone horizon zero dawn listen sony bring ghost tsushima god war last u spiderman steam life 100 complete dont dare make epic game exclusive ... sucker bought day gone eps ...,positive,positive,positive,positive
Steam,Days Gone,graphic ☐ forget reality ☑ beautiful ☐ good ☐ decent ☐ bad ☐ ‘ look long ☐ free fire gameplay ☐ good ☑ good ☐ ‘ gameplay ☐ mehh ☐ watch paint dry instead ☐ audio ☐ eargasm ☑ good ☐ good ☐ bad ☐ bad ☐ deaf audience ☐ kid ☑ teen ☑ adult ☐ pc requirement ☐ check run paint ☐ potato ☑ decent ☐ fast ☐ rich boi ☐ ask nasa spare computer difficulty ☐ press w ☐ easy ☑ significant brain usage ☐ easy learn hard master ☐ difficult ☐ dark soul grind ☐ nothing grind ☐ u care leaderboards rank ☑ necessary progress ☐ average grind level ☐ much grind ☐ ‘ need second live grinding story ☐ story ☐ lore ☐ average ☑ good ☐ lovely ☐ ‘ replace life game time ☐ really short 0 2 hour ☐ short 2 8 hour ☐ hour 8 12 hour ☑ long 12 hour ☐ endless price ☐ ’ free ☐ worth price ☑ sale ☐ u spare money left ☐ recommended ☐ could also burn money bug ☐ never heard ☑ minor bug ☐ get annoying ☐ cyberpunk 2077 ☐ game big terrarium bug {8 2/100,positive,positive,positive,positive
Steam,Days Gone,there's got special place hell moron playstation approved concord want move forward day gone 2,positive,positive,positive,positive
Steam,Days Gone,mark copeland radio free oregon believe negative review buy,positive,positive,positive,positive
Steam,Days Gone,day gone lesson never ever listen essence random nobody fraud calling critic fact game underrated crime sinister humanity invented proper law yet piece art pure brilliance open world garbage producing studio like ubisoft like shovel dirt throat another save world bull covered collect-them-all stale gameplay game tell compelling story undying loyalty friendship love wrapped near perfect game mechanic incredible journey incredible,positive,positive,positive,positive
Steam,Days Gone,please buy game chance getting day gone 2,positive,positive,positive,positive
Steam,Days Gone,honestly 10 year think first game actually wish end made feel something thought would never feel video game 10/10,positive,positive,positive,positive
Steam,Days Gone,great pc port flawless ultrawide support run really well ghost tsushima next please,positive,positive,positive,positive
Steam,Days Gone,felt like post-apocalyptic red dead redemption criminally underrated dire need sequel,positive,positive,positive,positive
Steam,Days Gone,tab game visit ol ph couple hour pick right left 10/10 stable,positive,positive,positive,positive
Steam,Wildfrost,edit seriously conflicted question game hard enough depth really like please check official discord player jump stream game throughout week good provide better content youtube twitch love reading review game hard watching player smash run run discord read review game enough depth sit discord listen interesting discussion faction card could go hour player time typically write review game write however heard nl's twitch game near 50 review baffled negative review read game far ridiculous mean stab wrote review mean say better game probably mean say review divorced experience game much felt compelled speak played lot roguelite like deckbuilders favorite genre used play digital card game competitively currently play tcgs competitively home collection board game largely consists deckbuilders lcgs card game want play best deckbuilder played since slay spire roguebook freakin phenomenal going talk art theme ambiance soundtrack etc thing speak great negative review seem aimed difficulty going address elephant room yes game tough yes die yes lose run wanted guaranteed win enough game library offer story mode choose play roguelite deckbuilders challenging feel rewarding beat think that's big draw u follow genre realize may take extreme player next favorite genre souls-like game always play game hardest difficulty think need like enjoy game however like think really appreciate challenge game offer game tough absolutely first aggressively played first run dozen time deleting save file restarting nearly every game play died many time every single time died could articulate exact reason always felt like loss direct consequence choice never felt oppressed get frustrated sure learning frustrating sometimes that's okay learn figure mistake taught better game eventually win yes several time since winning first run lost one run first run several scripted element take advantage improve win chance dramatically found feel good win chance writing review difficulty game cannot articulate scripted element first run encourage start think really appreciate find first run consecutive win playthrough still feel good change moving forward consecutive run gotten fun interesting there's lot content unlock can't wait enjoy think find worthwhile element unlock run thing learned wildfrost reward methodical play versatile deckbuilding rather deck abuse particular interaction deckbuilder start completing run 15 minute first win probably take hour encounter last minute two last 15 20 may need take time that's okay wildfrost like many deckbuilders cooldown counter play brain awhile acclimate slay spire train thing term wildfrost every character different rate attack may track separate cooldowns 12 character simultaneously harder encounter think that's hardest part game need make use mechanic game offer come easy wildfrost really reward leaning deck think term win need think term deck win case several threat board need figure threat mitigate can't one can't need prioritized case that's bos cooldown reduction often trap poison extremely powerful crown charm busted love lastly importantly many thing started choosing improve chance would first choice also thing seen many streamer fall yet learned playing game work better made better thing reviewer saying die first encounter maybe that's ridiculous notion leader 7 turn cooldown ability pick different one get three choose encounter like fire one oppressive run deck oppressive one game punish dragging encounter consistently win dragging encounter encounter win especially boss outlasting enemy setting harder next run sure beaten charm mod enemy ridiculous found fun take threat imposed enemy enjoy always play ton balancing need game playable think game worth price tag absolutely room improvement absolutely game glossary keywords interaction better visual queue highlight attack pattern balancing bell leave room growth daily run making summoned ally enemy less abusive player summon btw rebalancing support character like pyra make playable sure others thinking play around detract opportunity great time playing game devs already posted going balancing polishing phase first moving new content there's great experience like genre recommendation give try probably later may like missed journey,positive,positive,positive,positive
Steam,Wildfrost,writing review can't bear see innovative well presented game genre since sts sitting around 60 positive review first visuals music absolutely top notch point sometimes distracting form actual gameplay appreciate tactical nature combat positioning unit feel rewarding begin understand also way constantly keep unlocking new stuff via small achievement great game hard yes lot certainly unbeatable know people focused winning video game can't appreciate process loosing figuring learning trying new strategy say sure lot fun getting absolutely wrecked game winning many others like perfect get might everyone like game genre like good challenge intimidated negative review give try,positive,positive,positive,positive
Steam,Wildfrost,thou writeth disparaging review game ... skill issue,positive,positive,positive,positive
Steam,Wildfrost,remain conflicted review wildfrost see side argument see problem everyone calling deckbuilder first veteran deckbuilder actually suck decent tactic game that's would call game first seeing people say a20 sts player issue stuff mean nothing feel like deckbuilding take backseat game tactic come first pick card want feel right taking advantage healing companion working around counter system moving unit around avoid debuffs damage gonna get far thought game really tough first reality different what's get used play secured win first couple attempt felt real good actually really glad ascension system like traditional deckbuilders see get kind game respect gonna everyone certainly enjoy gameplay tight fluid art incredible there's little detail really give game character like yuki's snowball growing soundtrack sure one favorite year far thing improved upon going dev's first update post sound like good hand,positive,positive,positive,positive
Steam,Wildfrost,really understand hate folk remember hard sts monster train first started playing inevitably hit bos optimized stat would die miserably would start knowing bos potential option experience absolute blast game great,positive,positive,positive,positive
Steam,Wildfrost,game punish mistake yes unfair read card text think take deep breath believe yes,positive,positive,positive,positive
Steam,Wildfrost,tl ;d r people mad cuz bad game great love art style different build enemy variety really think difficult steam review would leave believe know position team turn turn prioritize buy crown really difficult even difficult bad mark game get better 100 possible anyway unfair,positive,positive,positive,positive
Steam,Wildfrost,like roguelike deckbuilders want challenge want miss game tough deck need solution every situation deckbuilding much complicated filling deck matching keywords synergy winning run sheer power worth noting battle run interesting rather filler battle many similar game feature finally theme artwork top notch plenty content unlock give game longevity 10/10,positive,positive,positive,positive
Steam,Wildfrost,saw northernlion play contain backseating game beautiful feel nice play gripe back button often feel like wrong spot find detailed run history subtle interaction documented anywhere expanded comment game hard seemed fair third run using poison deck felt amazingly overpowered like good roguelite,positive,positive,positive,positive
Steam,Wildfrost,lot people recommending game think hard honest really hard thats point roguelikes roguelites meant hard good chunk game determined luck level skill understanding game mechanic allow succeed dont listen people mad hard game lot fun experienced player love good fun challenge,positive,positive,positive,positive
Steam,Wildfrost,first ignore negative review almost comical wrong almost every aspect skill issue say least game beautiful challenging addictive soundtrack art alone worth every penny combine fantastic gameplay amazing game meta-progression well implemented allows push every single run get crushed new foe adapt point frustration kick every run allows play completely different style different tribe even variety every single encounter could end run leaving edge cute creature fight angry cute creature like monster train banner ruin game totally alley like cute thing banger soundtrack also give go,positive,positive,positive,positive
Steam,Wildfrost,doubted negative review decided pick launch 2.6 hour fully completed run got unlocks generally got feel game great art style subjective objectively lot care gone aesthetic far negative review read salty struggling new game said punishingly difficult take reccomendation consideration want lose 9/10 run probably much fun love challenge there's lot enjoy h1 edit 10 hour later h1 b tl ;d r right get good wait journalist mode b two run game's new game new game difficulty respectively importantly learned respect combat design entirety every mechanic matter example combo kill bonus bling gold mechanic initially though bonus know focusing early massively offset normally unlucky run comparing felt early struggling feeling far comfortable confident game's mechanic basically zero meta power-progression genuinely impressed mechanical design wildfrost easily lose strong lucky run due carelessness weaker run go distance enough diligence h1 edit initial review h1 art style game-design subjective objectively lot care effort gone aesthetic combat design non-combat encounter progression,positive,positive,positive,positive
Steam,Wildfrost,based northernlion recommendation lionchamp,positive,positive,positive,positive
Steam,Wildfrost,thank nl,positive,positive,positive,positive
Steam,Wildfrost,game receive greatest review first released main reason cute art-style attracted casual audience much experience roguelike deckbuilders wrote game unbalanced punishing get wrong game hard one small mistake ruin run rarely feel plain unfair got take time plan ahead game really fun rewarding get hang mechanic get good run going devs also releasing regular update time make game little easier concerned difficulty,positive,positive,positive,positive
Steam,Wildfrost,snoof,positive,positive,positive,positive
Steam,Wildfrost,lot people think game hard say exactly one thing death fault misplayed know promise practice thought realise game incredible,positive,positive,positive,positive
Steam,Wildfrost,feeling blacking playing non-stop whole day release wildfrost would instantly become recognized staple deckbuilding strategy game absolutely one extremely disappointed see many people levy vague shallow complaint balance difficulty showing quirk patience game impossible unbalanced challenge sharp teeth require navigate encounter carefully sometimes precisely make run game's combat strategy game lot depth hide hero safely shuffle positioning constantly divide incoming damage use every tool arsenal solve problem delaying defeating especially vicious enemy way bad situation obvious grow accustomed game's strict sequencing easier exciting become see aside extremely fun game much approachable initial reception would make seem roguelite deckbuilder deploying creature managing tough board state comparable monster train make bulk gameplay really smooth pacing single encounter multiple wave bos chopped several upgrade modification event shop removal node row get ton back-to-back upgrade option loadout extremely customizable upgrade handled finding charm add keywords stat modification etc applicable card card able hold three--by end run could playing many card seen ended totally different version depending upgrade found really fun system add lot inherent variety game come back higher difficulty add kind variety basic enemy take delicate hand make game constantly give feeling going make encounter play out surprised fact always back many different card mechanic working together exactly well need enemy design tight varied boss asking different thing make sure tool handle many different challenge there's twist final bos design give clear warning need able handle end run finally sure could add what's already said game's style die there's much joy energy personality every single inch game finally put game sleep still hearing catchy battle theme like deckbuilders card game roguelites--the whole genre definitely give game try find struggling frustrated would encourage give little patience game requires different approach challenge neighbor really pay attention tool disposal find deeply rewarding game also really bother see people blaming difficulty luck game little combat rng see whole deck 2-3 hand cycle run enough removal drew entire deck every redraw rule targeting clear even aimless reasonably manipulated especially incoming attack card unit seem much better others many looking underwhelming base forms--this feel intentional way upgrade scale game mechanic multiplicative small atk boost unit barrage frenzy add quickly innocuous aoe spell deck could suddenly become win condition attaching on-hit delay unlike traditional deck-building game like slay spire draw whole deck quickly assembled strategy access becomes extremely consistent point pas one count redraw 6-7 card every shop affordable option select card deck play beginning every encounter game many system designed specifically give consistency control give solution challenging encounter free perceptive unrealized potential card thing simple promising keyword work build around strong synergy rather expect find single completed item round single approach feel address criticism like want others miss gem game negative first-reactions fundamentally misunderstand,positive,positive,positive,positive
Steam,Wildfrost,many change balance game made since last review lot new content added well still highly recommended need good deckbuilder keep attention sts 2 release,positive,positive,positive,positive
Steam,Wildfrost,game quite hard feel like many review focus bit much winning rather enjoying game run feel like beating game icing real fun playing game using given want say always given opportunity win even best skill sometimes want say time winning definitely within arm's reach said still gripe game 1 starting leader seem make rhyme reason balanced example given 12hp 5attack 4turn leader also simultaneously given choice 8hp 4nut shield 3attack 5turn leader second leader similar first except 2 less attack one turn count like explanation see different tribe tribal difference big ever pick latter leader scenario never see reason leader 3 attack 5 turn count even frenzy fact 5 count leader exist period many multiple instance crappy leader there's way reroll without starting run quitting make feel dirty 2 enemy incredibly hard deal notably two type enemy consistently end run enemy talking acorn give 3 thorn ally acorn make unit aimless guy always spawn together completely brutal deal aimless cause attack randomly within row thorn well going likely kill unit especially given average hp unit 5hp getting couple unlucky hit mean everything dead seem nearly impossible deal except health acorn like 14hp control enemy hitting row even get lucky get lucky multiple time way acceptable enemy exist much health said though game fun think playing mindset going win every run realistic quite honestly that's way rogue-like game sometimes given crappy choice make,positive,positive,positive,positive
Steam,Wildfrost,difficult absurdly played card based game past need adapt unique counter twist game put thing moment click becomes incredibly fun puzzle win battle run fairly short hour two depending long think turn real plus play single run hop something else progression unlocks different tribe card set new card card beginning completely valid win run card upgraded run focus different build art style amazing ui great run smooth music incredibly cool 1 coin short shop click item repeatedly shop keeper take pity sell regardless whats love give try great game,positive,positive,positive,positive
Reddit,Wildfrost,… see use soulbound skull well done,positive,positive,positive,positive
Reddit,Wildfrost,“ game hard ” cried “ balance terrible ” chanted step guy,positive,positive,positive,positive
Reddit,Wildfrost,started playing berry fun,positive,positive,positive,positive
Reddit,Wildfrost,10/10 art need moar,positive,positive,positive,positive
Reddit,Wildfrost,lost many run monch always trying run fun around,positive,positive,positive,positive
Reddit,Wildfrost,hello would say game easier slay spire much skillset little different challenging game think game feel unfair get better game rng prevent winning make path victory difficult sometimes advice know strategy hard say improve always taking card reward every opportunity stop ask card actually help deck card noomlin want small deck draw noomlin card often maybe one two card put charm every card add deck make less likely draw good card always taking crown yes keep higher level play find situation skip crown newer player probably know skip time correct take crown bet win default always taking crown putting charm leader leader crappy like said usually happens treat leader like king chess leader fight put charm good card best keep leader safe finally dying played quick ever play card die realize enemy card killing happens preventable need take minute see enemy card nice snow kill enemy card keep taking turn specific situation ask good luck,positive,positive,positive,positive
Reddit,Wildfrost,hope someday add tribe game almost perfect right,positive,positive,positive,positive
Reddit,Wildfrost,time buy game fourth time also hate ruin typo cameo line ’ sorry,positive,positive,positive,positive
Reddit,Wildfrost,nothing else say one biggest takeaway got post turned game completely around tip farm first couple fight find combo extra bling fight easy used make goal take little damage possible early fight taking joy blitzing first couple boss watching 5 minion flee battlefield naturally left ton money table led missed crown would snowball lot 2-2 loss read post started making sure full cleared fight used health resource sandbag kill juicier combo whenever possible made game much easier walking first stage flush cash,positive,positive,positive,positive
Reddit,Wildfrost,great update ’ hyped new tribe next round,positive,positive,positive,positive
Reddit,Wildfrost,game unforgiving make mistake ’ consider every enemy ’ turn effect like one slip cause death positioning important constantly reposition team card avoid barrage effect like long-shot ink op better snow since resist ’ died silly mistake really need know interaction mechanic everything take time learn ’ really good fun game,positive,positive,positive,positive
Reddit,Wildfrost,‘ fav game,positive,positive,positive,positive
Metacritic,Wildfrost,strategic deck-building challenging roguelike extremely cute visuals like slay spire definitely enjoy wildfrost unlock content gradually discovered little quest new buildingsin village class funto explore lot different object collectible strategic combo deploy fun fun fun wish even content feel little short,positive,positive,positive,positive
Metacritic,Wildfrost,fun frustratingly unfair wildfrost currently favourite deckbuilder roguelite swimming sea deckbuilder game work find entire idea deckbuilders highly flawed think wildfrost best little manages enjoyable time even sometimes end feeling like throwing card brick wall,positive,positive,positive,positive
Metacritic,Wildfrost,like game hard lot possible combination music pretty good animation cool,positive,positive,positive,positive
Metacritic,Wildfrost,overall wildfrost incredibly well-designed gameplay experience sure delight dynamic attack counter system combined feature like charm encounter randomised hero stats gameplay feel dynamic challenging twentieth run first one matter whether ’ complete newbie card game veteran wildfrost sure entice beautifully hand-drawn graphic charming soundtrack engaging gameplay,positive,positive,positive,positive
Metacritic,Wildfrost,absolutely fantastic addicting game everyone really like card game without second thought enjoy everyone really fun game hard people claim require bit thinking strategy keep playing get broken build eventually,positive,positive,positive,positive
Metacritic,Wildfrost,wildfrost another ingenious deck-building roguelike almost look like roguelike rpg card visual style depth mechanic boss make entertaining game,positive,positive,positive,positive
Metacritic,Wildfrost,wildfrost refreshingly well made innovative quite addictive like card game never get monotonous wildfrost thing,positive,positive,positive,positive
Metacritic,Wildfrost,wildfrost manages one easy learn hard master type game core mechanic simple enough yet game ramp difficulty substantially lot run take bad turn quickly testament game gameplay loop always want come back one round,positive,positive,positive,positive
Metacritic,Wildfrost,wildfrost feel fresh among many roguelike card game focus timing tactic captivating graphic,positive,positive,positive,positive
Metacritic,Wildfrost,wildfrost ’ going distract anybody looking hardcore high skill play genre quest neve present ’ joyous accessible twist roguelike deck builder definitely want deal,positive,positive,positive,positive
Metacritic,Wildfrost,fantastic art style immediately charm engaging gameplay keep coming back time time love wildfrost ’ welcome entry roguelike card battler genre offering challenging fulfilling combat ’ get enough ’ fan game like slay spire urge try wildfrost ’ disappointed,positive,positive,positive,positive
Metacritic,Wildfrost,wildfrost incredibly charming game ’ easy like maintains “ one go ” mentality despite two main system connecting organic way update tweak experience could flow naturally instead feel like two disconnected element devilish difficulty may offputting many buy charm take time understand combat wildfrost extremely rewarding experience,positive,positive,positive,positive
Metacritic,Wildfrost,’ making sound like mess ’ great care taken make system work together beautifully pulling best element system game challenging yet satisfying play gameplay nice sense momentum stop getting bogged drawn-out strategy ’ still plenty room careful planning clever tactic,positive,positive,positive,positive
Metacritic,Wildfrost,wildfrost highly recommended especially fan genre fun visuals draw addicting gameplay keep prepared die lot,positive,positive,positive,positive
Metacritic,Wildfrost,awesome deck-building rouge-like game beginning little bit confusing rouge-like game thats beauty genre isnt get used run game wish dlc,positive,positive,positive,positive
Metacritic,Wildfrost,wildfrost visual simplicity hide depth gameplay deserves explored mechanic carefully thought give u engaging refreshing experience,positive,positive,positive,positive
Metacritic,Wildfrost,game slay spire monster train good lot review complaining difficulty start game tricky sure lot unique mechanic took start winning run key thing grasp positioning recall unit leaning one mechanic heavily game click fantastic run different fun way breaking game overpowered synergy there's tonne value three faction learn daily run online leaderboards tonne fun achievement shoot visuals general theme fantastic music catchy non-intrusive listen hater give try spend time learning mechanic,positive,positive,positive,positive
Metacritic,Wildfrost,wildfrost fantastic deck-builder rogue-like mechanic what's melancholy story incredible graphic stunning audio top challenging addictive grim however tough action put yet urge break learning curve battle save humanity wildfrost,positive,positive,positive,positive
Metacritic,Wildfrost,one favourite deckbuilder roguelike game like slay spire def give try love artstyle music,positive,positive,positive,positive
Metacritic,Wildfrost,great deckbuilder probably best one ever played colorful fun graphic difficult incompetent,positive,positive,positive,positive
Metacritic,Wildfrost,perfect balance accessibility strategic depth elevated charming visuals bucket personality,positive,positive,positive,positive
Metacritic,Wildfrost,despite palpable chill air throughout there's cosy fire burning heart wildfrost gather round tough-but-rewarding deckbuilding adventure,positive,positive,positive,positive
Metacritic,Wildfrost,wildfrost gorgeously designed brutally unforgiving roguelike deck-builder task putting end eternal frost strategic depth replayability factor alone make premium price worth add possibility encountering naked gnome might no-brainer,positive,positive,positive,positive
Metacritic,Wildfrost,wildfrost brilliant little deck builder manages frustrate charm equal measure magnificently moreish yet maddening gameplay loop make perfect fit mobile intuitive yet punishing mechanic offer heap replayability making well worth premium entry fee,positive,positive,positive,positive
Metacritic,Wildfrost,deeply enjoy wildfrost's bombastic build ’ help feel ’ trading promise exciting next run making current one sustainable nevertheless ’ still genuinely fun game charming detail rewarding tactical combat absolutely giving time,positive,positive,positive,positive
Metacritic,Wildfrost,discovered game added game pas one word amazing loved slay spire game might even better,positive,positive,positive,positive
Metacritic,Wildfrost,small touch like elevate wildfrost upper tier genre even generally lighter range content may steer potential buyer away best quality come view though familiar roguelite deckbuilder addiction take hold reveal considerable potential dozen encouraging rng-fueled synergy lucky accident breathe life additional playthroughs wildfrost might seem bit bare-bones moving part feel precision-engineered making impressive entry genre studio great value asking price,positive,positive,positive,positive
Metacritic,Wildfrost,far though ’ liked ’ seen wildfrost ’ big fan cute art otherwise brutal game plus really easy pick play wish game allowed refresh option beginning made expanding snowdwell feel bit rewarding enjoyed unlocking new card never much fanfare also wished could use leftover bling instead accomplishment add card hub really needed get lucky rng get necessary card nonetheless wildfrost game beautiful cruel cold sunless environment player going prepare sink hour building dream deck … punching pillow,positive,positive,positive,positive
Metacritic,Wildfrost,game incredible mean listen one review hear loved slay spire monster train griftlands faeria inscryption great game wildfrost probably top 3 synergy make game amazing among many element favor play come back leave review btw review metacritic,positive,positive,positive,positive
Metacritic,Wildfrost,wildfrost take core idea popular card-driven genre make enough change add freshness take time unlock town building three tribe provide leader card happens game offer wide range tactical option ’ fun discover various combination perform capable boss game ’ presentation also stand good level detail strong connection theme wildfrost feature tough challenge also offer constant sense progression playing run every day great way sharpen tactical thinking,positive,positive,positive,positive
Metacritic,Wildfrost,wildfrost refreshing deck builder balance difficulty mastery incredible design animation music atmosphere among best roguelike deckbuilder,positive,positive,positive,positive
Metacritic,Wildfrost,whole thing delight one interesting take deckbuilding roguelike genre played since monster train apt definitely take inspiration game one game playing month possibly year come feel good finally get strong run going however difficulty may put player recommend pushing fighting small success rewarded one best indie game 2023 far,positive,positive,positive,positive
Metacritic,Wildfrost,biggest compliment give wildfrost get better better every playthrough failure actually good thing unlock card try invent new tactical approach bid complete run,positive,positive,positive,positive
Metacritic,Wildfrost,know wildfrost everyone ’ caveat recommendation “ free try game io ’ real reason download give shot think worth asking price io immediately one best mobile release 2024 far glad finally played ’ annoyed ’ obsessing last year debuted switch steam rectified mistake least new port go download wildfrost right,positive,positive,positive,positive
Metacritic,Wildfrost,excellent card game lot complaint difficulty think fair actually make game even better,positive,positive,positive,positive
Metacritic,Wildfrost,wildfrost provides much entertaining card battle fun found hard put write review cute,positive,positive,positive,positive
Metacritic,Wildfrost,wildfrost delight artistic style satisfying involved moment-to-moment gameplay game demand amount learning via trial error asks carefully think move get feel game lot like owing roguelike nature every run drastically different experimentation creative thinking rewarded playing game overall joy patience sit learn in out wildrost trust really enjoy,positive,positive,positive,positive
Metacritic,Wildfrost,can't stop playing creative game mechanic beautiful card art recommend many people thank making,positive,positive,positive,positive
Steam,Final Fantasy 14,played wow 16 year switched ff finally playing past couple day nonstop dont regret single minute cant wait start actual expansion though already recommended friend play wow update 100 hour played later im completely addicted still yet hit first expansion content everywhere look cant remember last time genuinely woke got home work excited actually sitting continuing adventure game pure fun enjoyment one best community pleasure starting part well experience still amazing far know going get better better cant wait update well currently sitting 340 hour played nothing change loving actually hit first expansion heavensward good lord kidding dont get wrong didnt mind realm reborn ... wow wow step first expansion cut scene first new main city obssessed love music come along cast arr new voice actor damn good scratched surface heavensward already shocking good getting cant even imagine stormblood shadowbringers honestly say even heavensward put wow shadowlands shame term story especially cut scene even landscape music overall beautiful big game throne fan dragon feel great definitely suprise add heavensward free trial know touch expansion wont want stop :) overall take wow 16 year vet even wow tattoo irl arm lived breathed slept wow yet even miss single patch anything even 9.1 came yesterday sitting playing dont even question single second going back anytime soon resubbing overall amazing experience far keeping completely busy satisfied honestly say first game life kept away world warcraft thats huge statement win 415 hour easily stormblood keep getting side tracked everything else game leveling dark knight 60 finishing heavensward amazing class super fun story class well machinest main recently started going dark knight crazy instant dungeon ques tank also plus damn dark knight gear look good especially swinging around big two hander feel good well hitting stormblood soon though sure long dont get side tracked anymore honestly im still genuinely happy blast playing game honestly longer take get expansion better nothing like wow strict grind fest fast end game nah completely enjoy game fun whatever want take time good stuff update finally finished heavensward ill put simply quick amazing story amazing music hook make connect every character story felt like watching getting know every character like full season show hook cutscenes overall thrill joy end hitting feel haha simply landed spot top 10 story video game experienced life update currently beginning stage stormblood still chilling everything game fun general damn new stormblood city music im love lol,positive,positive,positive,positive
Steam,Final Fantasy 14,game really good dont take word wanna play download free trial square enix page need square enix account play anyways play game little change free level 60 ´ like lot content dude base game one expansion thats easy 100 h content time like buy risk free money credit card asked advance migrate free trial character paid game less five minute,positive,positive,positive,positive
Steam,Final Fantasy 14,edit still good 4 year later long time avoided ff14 even word continued one best mmo's currently increased release shadowbringers expansion heard nothing good thing still enough knowing operate mmo's starting one would colossal time investment month possibly year depending upon much enjoyed ended giving ff14 try saw many oldest friend either playing planning let free trial level 35 figured ... make far like perhaps may worth buying even quite prepared much consumed game ff14 easily best mmo played since wow's wrath lich king expansion 10 year ago found enjoyable eve guild war 2 far superior wow's current expansion battle azeroth year enduring mess refreshing play ff14 find mmo actually could enjoy without excessive rng obnoxious busywork ok reviewing mmo entirety utterly mad hour instead going try highlight key point first foremost ff14 put serious investment storyline might officially mmo ff14 also probably largest jrpg ever made expect dozen hour cutscenes story event 300 hour played finished current story content spend 300 hour story content give pretty decent idea large story familiar franchise pretty good idea expect longtime fan see many familiar name among game's character bos fight hand story bit mediocre early really get going first expansion heavensward technically skip cutscenes rewatch inn house even buy skip way shadowbringers really want recommend considering much role story character development play game story might bit bland lengthy early stage becomes one better part game moving gameplay ff14 large number different class job play get typical mmo setup tank healer melee ranged distinct play style strength weakness crafting gathering ff14 much developed mmo's different class right unlike mmo's ff14 allows play different class single character major selling point someone like major alt problem mmo's 12 120 wow example ff14 ensures able play class storyline time forcing build new character scratch different class group content plenty opportunity pve pvp come pvp admit experience somewhat limited however seen pvp ff14 bit clunky seem particularly popular one area wow clearly beat ff14 ... pve ff14 strong indeed large number dungeon 4 player run trial (8 player bos fight raid (8 player alliance raid 24 player ff14 version lfg duty finder simple use allows queue content unlocked though may want organized group high difficulty content worth mentioning roulette let select category trial level 80 dungeon alliance raid queue obtain daily reward based upon class level ff14 level scaling reduces level fit whatever pve content find though possible turn private group like wow used still good ff14 token badge system collect currency 50 pve content use buy gear material goody also nothing like titanforging weekly chest rng b like current (8 2.5 wow current content raid work little differently ff14 limited amount gear item get per week one hand slows gearing bit free run current raid many time want get gear drop least normal difficulty light wait month getting crucial gear upgrade wow due getting one chance week like ff14 community forum around hardcore player since joined proper raid guild yet free company called ff14 however seen ff14 player far friendly far less toxic many game community completed 500 dungeon far probably count one hand number time dealt jackass dungeon people tend friendly helpful relaxed forgiving error especially new sprout icon think ff14 might stronger rule enforcement bad behavior completely sure even see much swearing kind shock online game event much like peaceful community game ok better wrap review go forever yet many neat thing mention gold saucer minigames player owned housing customization come massive amount special item collect list go ff14 mmo insane amount content spend time expected many opportunity play game manner choosing :d ... opinion game obvious know know tell one last note though ... like many mmo's url recruit friend feature url new player yet buy first month subscription get code current subscriber get reward increase longer new person stick game ff14 sound like something may interested feel free leave comment review asking one code reply one :d wave edit play world coeurl crystal data center way 3,positive,positive,positive,positive
Steam,Final Fantasy 14,yeah hate friend showing game great story simple combat friendly community make great mmo small advice get free trial website instead time limit first two dlcs included ;),positive,positive,positive,positive
Steam,Final Fantasy 14,honest never thought game would hook much even though old game played 70 hour nothing amazed never played game time would past fast im still lost job work stuff like love love game finish realm reborn cant wait keep game going,positive,positive,positive,positive
Metacritic,Final Fantasy 14,final fantasy xiv great potential need evolve,positive,positive,positive,positive
Metacritic,Final Fantasy 14,final fantasy xiv online see alot mmos come go right saturated market f2p p2p everything inbetween think people tend troll game fresh market threatening safe place like game im sure know issue truely mmo issue release content promised come alot right without get head around content time diffrent thats make special grow love dont want learn fairenough nto game pace enjoy small thing thats game say u reward perfect water grow somthing special,positive,positive,positive,positive
Metacritic,Final Fantasy 14,people overreacting game yes perfect game reminds game like asheron's call popular early mmo day believe hype game everyone loaded problem like ffxi give another chance later,positive,positive,positive,positive
Metacritic,Final Fantasy 14,month play would give 8 log every night something different level job craft gathering none simple keep learning make new item something better like bagspace something hold class weapon gear start 80 space get one retainer use hold take travel city alll varied worth exploring also option teleporting place gone member party done like music graphic however turn sound turn setting music isnt good watching tv listening music playing mind interface like ff11 would good given control like added optional chat filter hard everyone enjoy shallow something ive noticed becoming trend new mmorpgs,positive,positive,positive,positive
Metacritic,Final Fantasy 14,recent 1.18 patch game much better future hold development way map redesigns chocobos airship many final fantasy change coming highly recommend checking lodestone update game finally begun change big way,positive,positive,positive,positive
Metacritic,Final Fantasy 14,game like every mmo deserves praise soon enough everyone see game reach potential come drove like gonna get better retail reasonable price try square-enix listening,positive,positive,positive,positive
Reddit,Final Fantasy 14,steadily chugging way 5k rank ultimate thrillseeker title hit 4600 yesterday server maintenance coming resetting rank timer might able hit 4700 week ’ fun 3 year grind far love hunt community ’ excited finally able “ play game ” done work goal achievement instead afk camping limsa aetheryte,positive,positive,positive,positive
Reddit,Final Fantasy 14,even item use one always available every patch brings bit overlooked qol get appreciated overlooked long term,positive,positive,positive,positive
Reddit,Final Fantasy 14,every maintenance sit vibrating like spastic flea excited new content read patch note surprise people,positive,positive,positive,positive
Reddit,Final Fantasy 14,there's really sweet quest help get back one family heirloom correct,positive,positive,positive,positive
Reddit,Final Fantasy 14,last week finally got amaro ❤ ️ ❤ ️ love much,positive,positive,positive,positive
Reddit,Final Fantasy 14,feeling really lately lot thing many u one thing continuously keep going absolute love joy ffxiv year opportunity create commission many player attached guess wanted showcase piece done mostly run headshot sketch drive release positive venting universe instead negative pumped 7.2 ready endless hour entertainment patch look jacked hyped,positive,positive,positive ,positive
Reddit,Final Fantasy 14,miss nero someone give total amnesia play omega raid series first time pls dying nero deficiency,positive,positive,positive,positive
Reddit,Final Fantasy 14,yugiri getting bit character development one reason ranged role quest favorite role quest endwalker ’ much still nice little unexpected,positive,positive,positive,positive
Reddit,Final Fantasy 14,love haurchefant know going handle tonight vault took end arr pretty hard already crush thancred please send good vibe probably going need get tragedy,positive,positive,positive,positive
Metacritic,Battlefield 2042,feature battlefield 2042 introduces hit lack single-player component little disappointing game still manages deliver spectacular skirmish fan series crave explosive 128 player conflict satisfying selection near-future weaponry gadget add impressive portal mode potential keep steady stream community-created content flowing battlefield 2042 could well keep itchy trigger finger soothed foreseeable future whether ’ longtime fan franchise looking dominate leaderboards greenhorn ready first tour duty battlefield 2042 delivers something worth fighting,positive ,positive,positive,positive
Metacritic,Battlefield 2042,apart niggling bug overall experience battlefield 2042 great blast sharpening skill learning new mechanic game like addition changing capture point sector sometimes battling 3 objective point bringing tactic play 10 hour trial thanks game pas ea play subscription would highly recommend least checking game way – think ’ enjoy,positive ,positive,positive,positive
Metacritic,Battlefield 2042,repetition lack content cooled enthusiasm bit excited see dice take battlefield 2042 — current industry trend hold ’ confident strong addition already-full shooter rotation month addition update,positive ,positive,positive,positive
Metacritic,Battlefield 2042,battlefield 2042 well really well sometimes ’ help held weight scale,positive,positive,positive,positive
Metacritic,Battlefield 2042,good storyline gameplay really like ability fly also watchdog also amazing really helpful nice,positive,positive,positive,positive
Metacritic,Battlefield 2042,good shooting game good graphic mechanic like update supposed redownload full game,positive,positive,positive,positive
Metacritic,Battlefield 2042,great game true battlefield great graphic physic good map best war game,positive,positive,positive,positive
Metacritic,Warhammer 40k: Darktide,thought 9/10 still lacking content gain score gameplay loop fun everyone enjoy high skill melee combat game,positive,positive,neutral,positive
Metacritic,Warhammer 40k: Darktide,spent possibly 200hrs getting 4 operative max still learning new skill trick sourcing new powerful weapon mission feel different coplayers make mission may time feel repetitive however hopefully fat shark release new enemy map coming month friend coop fun warhammer fan love dark bleak sci-fi futuristic shooter emperor,positive,positive,positive,positive
Metacritic,Warhammer 40k: Darktide,waited play recent major overhaul class really fun game implementation first person melee combat top notch gun feel good shoot transition ranged melee combat really well-done atmospherics writing voicing music background ... solid reading situation game released incomplete state time get thing cleaned good game many review compare l4d think far better game l4d,positive,positive,positive,positive
Steam,Battlefield 2042,another great warhammer coop game play like mix left dead destiny repetitive randomization keep fresh playing friend lot fun,positive,positive,positive,positive
Steam,Battlefield 2042,listen echo chamber people giving 1 bug in-game shop cosmetic ... game awesome graphic great although problem optimisation right minimal required able play low without issue unless crash since release 100 hour main aspect game killing horde melee missile perfected can't quite explain feeling killing enemy box grenade thrown ommphh :d care cosmetic shop game really much say game 40 full game around 150 hour gameplay get update right end game change couple update :) change rating 10 fat shark add end game weapon fun,positive,positive,positive,positive
Steam,Battlefield 2042,1 year need say rly enjoy playing game fix many thing added many new thing still alot work keep going devs 👍,positive,positive,positive,positive
Steam,Battlefield 2042,decent game worth 10.00,positive,positive,positive,positive
Steam,Battlefield 2042,54 yo father probably one oldest people playing game single father son 14 son got game christmas uncle installed computer started playing end week 24 hour game horrible already hard find way spend time son always friend watching youtube decided make steam account get game see could maybe play alongside loaded game made character world started playing stuck supposed asked son help helped loved best time spent son since wife died game ever since brought son closer actually spend time together outside house together well game reminded there's fun everything brought son many happy memory thank <3,positive,positive,positive,positive
Reddit,Battlefield 2042,get sick pleasure fixing apc turn pile infantry roadkill,positive,positive,positive,positive
Reddit,Battlefield 2042,2042 one thing extremely well explosion effect realistic mean cinematic af,positive,positive,positive,positive
Reddit,Battlefield 2042,think ’ gonna uninstall bo6 reinstall bf2042 watching,positive,positive,positive,positive
Reddit,Battlefield 2042,saying new map 2042 super fun think great job rebounding game started 2021,positive,positive,positive,positive
Reddit,Battlefield 2042,2042 pay really pay,positive,positive,positive,positive
Reddit,Battlefield 2042,garand good 🫡 personally like g428 full auto option also decent dmr full auto useful close quarter someone like reaction may bit slower 😀,positive,positive,positive,positive
Reddit,Battlefield 2042,okay epic,positive,positive,positive,positive
Metacritic,Warhammer 40k: Darktide,knowing fatshark ’ previous work ’ confident darktide much better shape month ’ time perhaps year two couple expansion numerous update may something extraordinary thing stand right ’ good … hard complain fantastic setting ton replayability old juicy combat ’ plenty get sucked sign slowing polygon recommended,positive,positive,positive,positive
Metacritic,Warhammer 40k: Darktide,even omnipresent darktide ‘ technical woe ’ exhilarating thrill mission run shine brightly mind think experience even low graphic setting shining rifle ’ underslung torch dark corridor see horde poxwalkers glaring back whole squad unloads provides utterly giddying rush,positive,positive,positive,positive
Steam,Warhammer 40k: Darktide,played game since beta loved game despite flaw false promise eventually got kind bored there's real update add anything one feel like take portion community exploded around january february thought silly anymore fatshark decided brilliant idea keep nerfing majority thing buffing small amount recent update actively wasted time game feature rng weapon stat booster randomized weapon stats effect spent better part 3 week get enough resource weapon upgrade weapon enjoyed playing good could get 3 week worth resource recent update gutted weapon effected lost place load pve game actively weakening commonly used weapon leaving one get lot play due under-performance still weak useless feature shop microtransactions relatively recently getting main focus updated since focusing ruining aspect game handful cosmetic item unlock gameplay many case sheer dedication take unlock via unrealistic arduous challenge get worth time frustration crafting promised implemented everything insanely expensive make in-game resource frequent nerfing rng way get worth either game could fantastic admittedly enjoy much time put last grind made pointless terrible update truly tonedeaf come across devs playing game foresight caution care subject player base love 40k like horde shooter think work well together course would team behind waste money time devs make sure wasted sadly avoid title find class weapon like assure matter time decide make update revamped class system offer customization play style class 3 tree mix match opinion given variety gameplay weapon still meh think fair say making concerted effort try improve game put another hundred hour time update enjoying getting point growing tired felt fair keep honest review wish neutral recommendation can't say recommend everyone although think worth trying also nailing charging mutant rock ogryn watching break sound barrier ragdoll never fun,neutral,positive,positive,positive
Steam,Warhammer 40k: Darktide,darktide finally everything game launch two year ago fun friend buy 60 better,positive,positive,positive,positive
Steam,Warhammer 40k: Darktide,problem game outside actual gameplay immaculate definitely worth playing skill tree itemization built cosmetic unlocks fixed improved,positive,positive,positive,positive
Steam,Warhammer 40k: Darktide,two year finally darktide longer shadow vermintide core game great combat gameplay plagued terrible system anymore fatshark released update made obtaining upgrading weapon far easier little rng negative would optimisation could better,positive,positive,positive,positive
Steam,Warhammer 40k: Darktide,seeing game store page review score mixed break heart unfortunately warranted review score love game every fiber love gameplay love combat love intricate build create love character make interact really love music anything else love attention detail size map truly astonishing inspires awe game great job taking left 4 dead formula improving upon special enemy enemy readability class build teamwork element special ability however certain thing must addressed seeing many player already done going try emphasis try keep brief b 1 b strike performance great great terrible running asus geforce rtx 2070 super graphic card amd ryzen 7 2700 processor combat still drop 30 fps lower significantly impeding combat performance sometimes costing entire match strike unsure exactly happened probably sometime late last june early july one day got match noticed game suddenly ran lot smoother ever run unsure might've missed something patch note whatever overall game run lot better assuming run better everyone else well either way criticism game's poor performance longer stand b 2 b way microtransactions work game scummy plain simple buy in-game currency buy cosmetic weapon skin want instead buying directly real life money mean spending money actually want spend ending loose change speak incentivizes buy cosmetic also rotate every second week thus creating fomo fear missing consumer-friendly disapprove monetization scheme game b 3 b strike crafting system horrible simply atrocious pure rng may sometimes get lucky roll good weapon feel great hard stay sane sometimes like believe done purpose ensure player keep grinding perhaps exploitative way possible exactly motivate people stick around make easier obtain crafting material recent update path redemption still perfect strike fatshark announced upcoming overhaul crafting system intends make process overall less rng focused update review upon release said overhaul closing yet controversial remark actually problem amount map featured game unlike many others review read b may award jester award b yes agree game could always use map think given scale detail map make sense taking long develop besides make game replayable least rng element cooperative gameplay stranger friend alike build make play tertium still going play game still going experiment build try unlock way play different class although think game good end still incomplete get sale get money b throne b edit 1 fixed minor spelling error edit 2 updated information game performance complaint edit 3 updated information game crafting system complaint,positive,positive,positive,positive
Steam,Warhammer 40k: Darktide,’ amazing game need map content,positive,positive,positive,positive
Reddit,Warhammer 40k: Darktide,yeah seriously loved pre-order beta can't wait full release put ton hour change fact game serious issue sure worked promised feature missing added even happier game flaw still damn fun game,neutral,positive,positive,positive
Reddit,Warhammer 40k: Darktide,yeah crazy people responding talk crash happened that's kind answer running 1660 gtx super mean high end card also 10 year old cpu fps certainly stellar much way crash people much better setup getting consistently,positive,positive,positive,positive
Reddit,Warhammer 40k: Darktide,never played vt 1 2 maybe jaded people really like game tall order severely depressed really enjoyed game since 2016,positive,positive,positive,positive
Reddit,Warhammer 40k: Darktide,played zealot level 30 despite frequent crashing turn crashing dealing fucking gameready driver found playing game fact enjoyed enough max class beta,positive,positive,positive,positive
Reddit,Warhammer 40k: Darktide,really enjoyed despite issue probably best 7/10 game ever played,positive,positive,positive,positive
Reddit,Warhammer 40k: Darktide,pretty much get irked game hard-crashes rest pretty great even current state imagine happy polish,positive,positive,positive,positive
Reddit,Warhammer 40k: Darktide,6 month hopefully short going amazing game total war warhammer 3 flashback,positive,positive,positive,positive
Reddit,Warhammer 40k: Darktide,hey good even better fucking great ie released man nothing still faith,positive,positive,positive,positive
Reddit,Warhammer 40k: Darktide,probably fav 40k game since original dawn war maybe space marine,positive,positive,positive,positive
Reddit,Warhammer 40k: Darktide,amazing lot fun think issue getting money's worth,positive,positive,positive,positive
Reddit,Warhammer 40k: Darktide,yeah people enjoying busy enjoying talk enjoying continue enjoy since enjoy enjoyable,positive,positive,positive,positive
Reddit,Warhammer 40k: Darktide,cool ’ played 37 hour darktide crashed twice,positive,positive,positive,positive
Metacritic,Wasteland 3,inxile describes wasteland 3 deep game 80 100 hour gameplay completion kidding although fall play slowly experience everything side rpg gaming guess 25 percent game 40 hour despite fault strength tactical combat kept u engaged interested tough ethical choice along way kept u guessing motivated scenery compelling soundscape voice acting incredibly lush humorous touch scattered throughout landed often think tactical rpg fan pleased wasteland 3 wart — tactical rpg fan yet might game convert,positive,positive,positive,positive
Metacritic,Wasteland 3,lurid character deep rpg system captivating combat set unhinged apocalypse inxile entertainment ’ latest ’ missed,positive,positive,positive,positive
Metacritic,Wasteland 3,’ already fan type game ’ likely already sold wasteland 3 good reason ’ delved rpg size might perfect place start ’ much action-focused experience contemporary combat system ’ developed enough carry game even without arresting narrative inviting pliability despite couple minor irritation wasteland 3 definition game get lost,positive,positive,positive,positive
Metacritic,Wasteland 3,wasteland 3 absolute blast well balanced unforgiving difficulty feel pitch perfect story world funny harrowing time even verging dark telling compelling tail surviving terrifying world narrative great strategic combat centric gameplay absolutely stunning impossible recommend title one kind,positive,positive,positive,positive
Metacritic,Wasteland 3,much better predessesor bug 2023 enjoyed game like fallout 2 baldurs gate 2 can't go wrong one,positive,positive,positive,positive
Metacritic,Wasteland 3,best game genre imho variability solid quality finished first time started begging day harder difficulty,positive,positive,positive,positive
Metacritic,Wasteland 3,great story atmosphere dialogue one best game year long loading really annoying,positive,positive,positive,positive
Metacritic,Wasteland 3,wasteland 3 new standard crpg game every aspect game improved upon wasteland 2 story decision making role playing element best genre ’ miss,positive,positive,positive,positive
Metacritic,Wasteland 3,choice major consequence satisfying combat boldly distinctive humorous post-apocalyptic world make wasteland 3 memorable rpg,positive,positive,positive,positive
Steam,Wasteland 3,already spent 217 hour game can't say master piece far better average,neutral,positive,positive,positive
Steam,Wasteland 3,quick summary every year take vacation around end august beginning september year spent 70 hour vacation playing wasteland 3 consider time well spent following perspective 40 gamer pro game engaging story branching choice encourage replay different ending difficulty setting well tuned allow casual hardcore play truly mature story game pander audience shy away dark downright gruesome situation black white choice choice consequence may anticipate major tomcat con character creation cosmetic squad depth game point game show made unity game could use bit polish bug platform however devs acknowledged working correct price point bit higher would like caveat game sell whatever market bare dismissed unique tamed animal disappear leave area nitpick might matter someone la cucaracha horn kodiak weapon modding system need polish attach detach weapon mod leading regrettable choice overall good entry point mythos playstyle wasteland series tactical rpgs general 5 5 bear paw,positive,positive,positive,positive
Steam,Wasteland 3,let start saying wasteland 2 favorite game since dragon age origin waiting game patiently two half day release put 33 hour far someone game much used speak volume much enjoyed far list pro con time pro voice acting great character unique pause mannerism really immerse one game actually listen whole dialog instead reading speak clicking twisted post-apoc event disturbingly brutal really set mood chaotic world morally grey plot decision leave decision run ranger feel think increase replayability tempted play roleplay completely different set moral also second guess decision make wonder made right choice base decision gossip others early stage game impossible know telling truth there's clear good evil everyone seems corrupt level leaving decision support condemn combat similar wasteland 2 fun engaging enjoy turn based tactical combat different faction belief system great hard elaborate without spoiler spoiler god-president ronald reagan stitch spoiler music key combat sequence different game genre really seems work con load time long zone bug encountered one quest warren seemingly able complete game spoiler quarex's hellacious journey spoiler seen enemy throw heal dart wall room several time hit travel new zone take anyway forcing endure two lengthy load time movement grid ap always true moved blue square low ap perform attack since learned count ap rely color coding inventory sorting could improved tab utility item checkbox usable item would nice rather seeing armor weapon character compare item compare main weapon secondary make swap weapon compare one comment due incompetence game flaw please leave comment correct definitely recommend game enjoyed last one,positive,positive,positive,positive
Steam,Wasteland 3,wasteland 3 role playing game featuring turn based combat player control party character known desert ranger travelled colorado ’ snowy wasteland mission secure aid home arizona h1 gameplay h1 ’ played previous wasteland turn based game similar xcom combat feel immediately familiar battlefield divided square grid character action point spend moving attacking using healing item grenade going overwatch unused action point carried forward next turn want move get extra attack hover cursor square ui show clearly enemy line sight hit chance percentage currently equipped weapon commit moving position also see object provide half full cover protect character enemy attack lot weapon type including assault rifle smg pistol shotgun sniper rifle rocket launcher flamethrower blunt bladed melee weapon many weapon energy variant extra damage robot enemy turret might apply status effect bleed stun poison successful attack charge meter allows perform special attack almost guaranteed hit let target specific body part chance special effect destroying enemy ’ armour confusing turret causing attack enemy hitting weak point example flamethrower tank instant kill work boss – able one shot massive waste worm queen 4000 hp party include six character two created customised start game recruit ranger base ’ dialogue quest traditional npc personality connected various faction important story also joined follower ’ directly control ’ assist combat found cat wearing cowboy hat scratch enemy dude handgun disco robot shoot healing dart guy outdoor battle lot enemy ’ able use squad ’ vehicle even odds find buy upgrade vehicle ’ weapon armour found cannon fire multicoloured stream laser playing note american national anthem combat start tough particular struggled early fight enemy charge long distance explode turn potentially knocking multiple friendly get easier level find better weapon armour acquire special perk attacking twice melee weapon trigger bonus third attack move several square smg get free attack getting kill assault rifle restores action point non combat skill unlock extra dialogue option alternate route level allowing hack computer pick lock disarm trap repair disable machine h1 story h1 story well written voice acting mostly good take place event wasteland 2 new story ’ need played previous game understand happening although wasteland 2 really good game still recommend playing lot faction civilian law enforcement killer clown cult worship former american president god cannibal cowboy sentient ai quest let choose support different faction almost obvious “ good guy ” tough decide work try complete mission main quest multiple ending depending choice h1 technical h1 even though game originally released 4 month ago received several patch ’ still noticed quite bug worst bug related two side quest occasion needed kill bandit animal protect friendly npc fight npc ’ dialogue ’ recognise ’ done ’ complete quest fortunately recent save could reload try without losing much progress bug relatively minor sometimes move character leg animation ’ play properly slide across ground base fog war conceals npc character model weapon still visible floating mid air one time camera zoomed extremely close ground ’ zoom saved reloaded reset camera normal distance took 43 hour complete main story every side quest found along way combat music great including song play important battle h1 recommendation h1 wasteland 3 great game must buy like rpgs turn based combat price fine amount content might want wait couple patch although bug ’ really spoil enjoyment game play remember save often multiple save file case,positive,positive,positive,positive
Steam,Wasteland 3,7/10 gruesome gory morally ambiguous fun know like genre can't go wrong game however would try introduce new player genre game overall thought game enjoyable story provides player difficult moral choice clear immediate consequence action begin game squad arizona ranger travelling colorado help patriarch ruler secure territory exchange vital supply ranger back home immediately game start really strong combat story even featuring original music cinematic fight subtly introduces idea choice immediate devastating consequence quickly becomes apparent however lot choice locked behind persuasion intimidation skill level mean leveling character specific way funneled undesirable choice forced combat understand used add value skill tying major plot point character skill without option respec character punishes sub-optimal build forcing player set story path another issue locked character choice required use majority 4 6 non-player created character party gather new companion travel companion however preset skill seriously mess party's skill level build specifically character story interesting allow moral consideration however railroaded optimal skill distribution really hamper player freedom quick note side mission except noteworthy exception majority side mission fetch quest noteworthy mission however allow interesting change game world really add overall experience balance negative say overall enjoyed story struggled decide path take game truly shine faction location cannibalistic clown faction worshiping god president reagan game take fallout style apocalypse brings craziness 11 really nothing else like combat aspect far perfect combat 90 bug happen example multiple time throughout game enemy turn would end would restart game cost progress fight cannot save mid fight another combat issue terrain hazard example burning oil radiation cloud nuke show square covered extremely easy move unit unnecessary harm issue combined terrible pathing led serious issue within combat another issue combat every character preforms action time accidentally start combat sneaking straight impossible entire enemy force get take free shot team usually result unwinnable fight reload save many time squad got nearly wiped first turn misstep god awful pathing positive combat moment lot weapon choice interesting perk character take specialize weapon option usually way around combat least give advantage necessary skill allows player customize party use specific type weapon example level automatic weapon take perk submachine gun let character niche lot difficult combat scenario require strategy near impossible fight decide wage war faction loot also picked need scour battlefield body make past bug combat engaging challenging seriously fun graphic good especially isometric game couple minor issue status effect like burning ground showing properly camera little bit difficult work smaller room overall graphic good helped bring crazy wasteland atmosphere life overall think good game fan isometric rpgs turn based combat game best game hold candle divinity original sin 2 still good right also feature 2 player co-op nice addition kind game try cannot comment well work sneaking suspicion fair share bug looking coop game like introduce someone turn based combat isometric rpgs would highly recomend do 2 instead game however know thing say go,positive,positive,positive,positive
Steam,Wasteland 3,writing gameplay interaction attention detail music ... everything incredible,positive,positive,positive,positive
Steam,Wasteland 3,really nice turnbased strategy game squad management base management great actionpoints-based fight quick-slots healing item grenade oftentimes weird funny stuff character well fleshed voice acting good story engaging enough location well done personally would liked accessible fast travelling option instead find right exit go place also fight enemy shot blocked wall hit anyway goon shooting around corner happened taking brygo really enjoying game would definitely recommend,positive,positive,positive,positive
Steam,Wasteland 3,took 28 minute understand game one addictive game played could ruin college career said give chance prove wrong 200 hour,positive,positive,positive,positive
Reddit,Wasteland 3,single crash asus g703 gaming laptop max setting great game,positive,positive,positive,positive
Reddit,Wasteland 3,finished first playthrough love game seems short satoshi reward beautiful epic reward use two fight game end missing something,positive,positive,positive,positive
Reddit,Wasteland 3,put 20 hour game took break one night watched tread documentary netflix resumed playing start noticing stuff 1 killdozer obviously 2 game set colorado surrounding granby co killdozer event occurred arapaho national forest part first mission choice u get can't wait playthru 2nd time see reference game gotta beleive there's reference marv heemeyer cody docheff somewhere,positive,positive,positive,positive
Reddit,Wasteland 3,came across game day based recommendation friend absolutely loving far never would've known otherwise dialogue choice branching path awesome along overall atmosphere far wrapping little vega really enjoying far humour something else funny unpredictable wish map easier navigate option zooming closer game like divinity 2 aside minor issue really enjoying,positive,positive,positive,positive
Reddit,Wasteland 3,fallout themed divinity exactly would describe game playing xbox series x crash far,positive,neutral,positive,positive
Reddit,Wasteland 3,currently 41 hour game second highest difficulty blast one part wish kind game popular another part like type game mainstream would littered microtransactions nonesense gaming industry really looking forward upgrading pc starting baldur's gate 3 when's fully done,positive,neutral,positive,positive
Reddit,Wasteland 3,yeah awesome game would strongly recommend saving often though,positive,positive,positive,positive
Steam,Sea of Thieves,low fov cause motion sickness dev's add slider would ruin design aesthetic game anything beyond look distorted broken,negative,negative,negative,negative
Steam,Sea of Thieves,game make want kill innocent orphan,negative,negative,negative,negative
Steam,Sea of Thieves,friggin crash dude handed friggin packet ngiga,negative,negative,negative,negative
Steam,Sea of Thieves,many sign issue every time try play buy steam never get signed,negative,negative,negative,negative
Steam,Sea of Thieves,even though bought game long time ago played long time purchased in-game content game banned reason contacted support team said remove ban think got banned using dns mean company respect player truly shameful situation,negative,negative,negative,negative
Steam,Sea of Thieves,thing get really laggy,neutral,negative,negative,negative
Steam,Sea of Thieves,can't even start game without getting spammed cyanbeard notification internet good one blame -100/10,negative,negative,negative,negative
Steam,Sea of Thieves,fuck meg,neutral,negative,negative,negative
Steam,Sea of Thieves,got 4 cheater row game making harder legit player play easier cheater care game matter hard try make seem like rare suck real loser also 1800 hour swapped steam long ago saying game really starting suck,negative,negative,negative,negative
Steam,Sea of Thieves,howdy player ever seen ocean like actually seen picture whatever seen maybe ’ understand game pirate treasure dog probably feel like ocean instead gave u thing “ thing ” mean t arr let put simple matey yer game like pirate ship booty aye look mighty fine far ye board ye stuck looking wave thinkin heckler ye even bothered ’ even gettin started t called content update oh ye added shiny new hat well blow ’ exactly lookin ’ sailin half blooming map dig booty locker ’ worth less time wasted gettin pmo honestly combat oh combat ’ like took two drunk dungeonborne goblin swinging wooden club said “ yeah ’ ’ vibe ’ going ” sword fight booty cheek gun feel like ’ booty cheek ’ even get started booty cheek thing less scary grandma third glass booty cheek hey least game look pretty right sure ignore fact honestly doesnt ’ even get started quote quote progression quote system oh want new ship think chamber better grind 42 hour get slightly different shade brown sail whoop de friggin ball table sea like sailor life without fun part davey jones locker adventure whole lot sailing triangels wondering ’ still playing rate game scale 1 10 ’ give solid t 10 t mean suck trash,negative,negative,negative,negative
Steam,Sea of Thieves,garbage game,negative,negative,negative,negative
Steam,Sea of Thieves,tried game month experienced hacker crashing server first evening game fun technical aspect atrocious moment would recommend waiting bug fix,negative,negative,negative,negative
Metacritic,Sea of Thieves,sea thief really shine co-op offer little content price,negative,negative,negative,negative
Metacritic,Sea of Thieves,jack many trade master none sea thief beautiful wide ocean explore bad feel deep puddle,negative,negative,negative,negative
Metacritic,Sea of Thieves,nice concept graphic amazing smart ai character think missed whole point making fun objective game face opponent older five year old pretty rare whole battle depends land first shot awfully tragic combat mechanic that's best part apart mid tall tale reward game sooo boring likethe first 5 hour pretty fun event really repetitive toxic community boring pointless gameplay simply bad also price outrageous understand ask 5 €,negative,negative,negative,negative
Metacritic,Sea of Thieves,4 year playing game get every year basic problem game community become toxic first game much repetitive quest opinion game try regular update new quest opw task that's second problem start can't play great new content update 90 player constantly salting soup constantly attack one mostly sink ship developer also nothing constant killing worse player could simply cure via matchmaking rare microsoft support pvp player getting money sunk ship want experience cool epic pirate adventure buy sea thief rather good game bad,negative,negative,negative,negative
Metacritic,Sea of Thieves,forced pvp ruin game also game give ppl excuse e online online player needed incentive know people going say care pve play well truth game mostly pve look set grinding faction money grind story quest smoke mirror coax pve focused player onto ocean pvp focused player kill steal stuff feel like big bad pirate player end robbing complains blame game action blame player killed blame developer anyone else think made game fun friendly everyone instead making favor pvp focused player intentionally disadvantaging pve focused player people going tell pvp game like mentioned already there's lot pve content pvp focused game arena pvp open ganker's paradise anarchy good pvp crew 4 open season roam around kill people leisure everyone else nightmare constantly looking shoulder losing progress putting griefers imagine gta passive mode mission public lobby could one roll kill time that's game like except usually 2-4 people ship instead one guy vehicle,negative,negative,negative,negative
Metacritic,Sea of Thieves,bad thing game people ... user game like troll trophy stupid thing need obtain,negative,negative,negative,negative
Metacritic,Sea of Thieves,easily worst game played generation even 60 aaa game mobile game graphic bad physic beyond horrible mission boring repetitive enemy variety hardly attention detail would expect full price game game lack much content barely customization weapon game singleplayer campaign charging 60 game without campaign scam game online developer decide switch server game end trash get game less 40 can't even recommend game 1 free-to-play game,negative,negative,negative,negative
Metacritic,Sea of Thieves,stupid bad game xbox apprecaite due lack exclusive,negative,negative,negative,negative
Reddit,Sea of Thieves,negative gamer pas stutter like crazy try full reinstall guess,negative,negative,negative,negative
Reddit,Sea of Thieves,dove hc fortress raid 1 spot fishing map sold dove 2 spot fishing map got ol infinite underwater loading bug canceled voyage never resurfaced,negative,negative,negative,negative
Reddit,Sea of Thieves,got massive haul loot worked hour server lagged ’ let rejoin fuck game fuck rare microsoft,negative,negative,negative,negative
Reddit,Sea of Thieves,crewmate sold treasure storage chest containing 3 item fire meg pristine tooth 2 teeth port merrick ship immediately started spin crewmate frozen ’ interact vendor 6 second kicked almondbeard error attempt rejoin sell loot next 20 min failed marblebeard error,negative,neutral,negative,negative
Reddit,Sea of Thieves,cannot buy hunter call emissery flag lvl 19 click emissery option company shop ’ loading infinitely,negative,neutral,negative,negative
Reddit,Sea of Thieves,cannon got teleported water soon started fighting someone getting upper hand old bug returned,negative,neutral,negative,negative
Reddit,Sea of Thieves,shrine treasure issue putting treasure puddle water sea seems make loot disappear completely,negative,neutral,negative,negative
Reddit,Sea of Thieves,unlocked ship title banner captained ship appearing unlocked item customization chest shipwright despite higher level said ship,negative,neutral,negative,negative
Reddit,Sea of Thieves,killed event redmaw drop loot instead regular meg spawned dropped regular meg loot effort redmaw loot bit disappointing,negative,negative,negative,negative
Reddit,Sea of Thieves,cannot tall tale since update crash within minute two take back outpost video driver also crashing every 30 minute 1 hour since update updated driver etc luck pretty damn frustrating already spent countless hour fixing issue season 14 game bordering unplayable since update,negative,negative,negative,negative
Reddit,Sea of Thieves,corral meg drop loot,negative,negative,negative,negative
Reddit,Sea of Thieves,coral meg plunder valley loot spawned lol,negative,neutral,negative,negative
Reddit,Sea of Thieves,got marblebeard error disconnecting session reconnect reset internet checked internet working properly tried reconnect numerous time kept getting error gave tried starting new session worked instantly annoying go stolen reaper 5 loot solo 😐,negative,negative,negative,negative
Steam,Fallout 76,black screen cu game wont play unless make monitor work 60hz also could make account yeah even play game,negative,neutral,negative,negative
Steam,Fallout 76,idea gamerstm ruined game's launch literally identical first person fallout game term gameplay mmo style 24 player limit per server map size 4 5 state covering entire midwest also travel pittsburg atlantic city,negative,negative,negative,negative
Steam,Fallout 76,love getting beat green oozy nutsack monster,negative,negative,negative,negative
Steam,Fallout 76,quality life game poor unable change keybinds certain function without changing 3 attempt change one keybind may instead randomly bind somewhere else character creation easy either required apply accept find remake character mouse keyboard friendly ever gifted game instantly got headache 20 minute launch fiddle setting ... recommend,negative,negative,negative,negative
Steam,Fallout 76,"fun hit 1,200 weight stash capacity there's nothing else anymore in-game unless pay subscription mind game already paid expected anything else bethesda given predatory tactic carrying capacity eso online",negative,negative,negative,negative
Steam,Fallout 76,game used run really well whatever fucked 4070 super 32 gb ram i7processor get 28 fps like really 3 month ago ran 100 plus thing thats changed updated game better,negative,negative,negative,negative
Steam,Fallout 76,game pc 5 fucking year existed even longer absolutely reason game poorly optimized something simple verifying integrity file broken game either freeze launch lose sound load game absolutely fucking pathetic even outright disgraceful,negative,negative,negative,negative
Steam,Fallout 76,introduce new bug every update,negative,negative,negative,negative
Steam,Fallout 76,build system terrible able store entire camp accident move camp tell everything stored bad game design 286hrs game uninstalling looking back one design flaw spending hour build setup accidentally store main structure without confirmation beyond terrible,negative,negative,negative,negative
Steam,Fallout 76,"yeah rookie mistake buying game played fallout game enjoyed story gameplay buy game loved fallout 4 even story meh story got sleeping boring yes lore kinda interesting choice better watch lore video internet game gameplay also fallout 4 copy pasted like fallout 4 vat fallout 4 way better also god amount almost forced paying insane bought game thinking fallout 1st optional yes store good equipment loot found buy else always throwing stuff insanely messed system would even rather prefer buy 1,000 weight storage unit pay expensive montly subscription",negative,negative,negative,negative
Steam,Fallout 76,fallout flavored cash grab saving grace singular coop fallout experience,negative,negative,negative,negative
Steam,Fallout 76,limited storage ofcourse there's monthly subscription let unlimited ammo junk,negative,negative,negative,negative
Steam,Fallout 76,really wish could recommend game fun unbelievably greedy big fan fallout series game good music large map cool weapon that's that's enjoyable game really want game better factor cost subscription least absurd amount content locked behind including thing would make game actually enjoyable big problem storage enough room dozen weapon minimal amount scrap material consumables ammunition 1200 weight full within hour starting unless mindful fallout 1st provides scrapbox ammo storage like wasting money overpriced crap even know exactly utility provide setup camp fee thankfully cap instead overpriced undervalued 76 currency atom know fortnite operates like v-bucks another similarity seasonal reward provide method acquiring atom uh oh half require fo 1st subscription claim along least half seasonal reward mostly cosmetic utility like specifically water generator camp weapon thing purchasable atom include camp decoration camp building piece recourse generator rare exclusive item basically everything may need want game would acquirable playing game enough everything cost 5 worth atom yay money saving bundle worth 20 get 7 item would decoration like lamp trash maybe couple weapon paint building piece lucky resource generator item can't get exploring cosmetic outfit mostly stuff better game able get playing whatever reason comfortable greedy business practice want suffer know game poorly optimized full bug annoying glitch mission impossible complete frustrating experience expect google lot short get game unless much money like throwing away,negative,negative,negative,negative
Metacritic,Fallout 76,think ever game test difficult judge grip properly fallout 76 make feel contradictory one hand really enjoy game world exploration story told also someone get involved indirect way telling story understand many work without npc dialogue enjoy reading different diary entry listening holobands hand poor technical condition game really annoys lot poor performance despite average graphic quality hard understand must expect modern game 2018,neutral,negative,negative,negative
Metacritic,Fallout 76,bottom line fallout 76 experiment created outdated engine incapable implementing vision bethesda led game full blown identity crisis really play well single-player game suck pvp saving grace multiplayer experience specifically friend sometimes better great one thing good good many thing promised update future may eventually get game need today fan wanted expected,neutral,negative,negative,negative
Metacritic,Fallout 76,fallout 76 underwhelming disappointing mess may potential greatness bethesda chooses support long-term,negative,negative,negative,negative
Metacritic,Fallout 76,fallout 76 ’ premise may made lot sense paper many people love surviving friend huge world practice lot thing keep reaching greatness sparse open world player non-engaging story actual clunky multiplayer cooperative competitive,negative,negative,negative,negative
Metacritic,Fallout 76,bare-bones plot general lack direction mean must make fun set largely static world care choice make time impact world may lost circumvented others mere server hop there's fun enjoy thought poking around fallout wasteland friend otherwise little feel new feel like lot content missing comparison previous game series,negative,negative,negative,negative
Metacritic,Fallout 76,fallout 76 broken unfinished un-special game consists many cut-down element despite enjoyable player love explore post-apocalyptic world invent private role-playing story f76 look constrained released paid dlc fallout 4 shame,negative,negative,negative,negative
Metacritic,Fallout 76,miracle happen man ’ sky proved sometimes possible get back foot even terrible failure right though fallout 76 botched spectacularly many level even talking game waste time 01/2019 p 46,negative,negative,negative,negative
Metacritic,Fallout 76,fallout 76 bold experiment one gaming ’ biggest beloved franchise unfortunately experiment seems like failure far bug glitch everywhere worse core principle design ’ function way seem like,negative,negative,negative,negative
Metacritic,Fallout 76,fallout 76 ’ compared fallout ’ spin-off want something new unfortunately multiplayer sandbox try stagnant intensely frustrating play,negative,negative,negative,negative
Metacritic,Fallout 76,first hour fallout 76 expect lot mission type playing friend ideal cannot overcome constant repetition base-building undiscovered location serve best portion radioactive mess,neutral,negative,negative,negative
Metacritic,Fallout 76,fallout 76 failed experiment game even good point ultimately fails deliver entertaining experience due terrible combat system technical problem,negative,negative,negative,negative
Metacritic,Fallout 76,effort everything fallout 76 fails well enough form identity multiplayer mindset robs quest moral decisionmaking make series great ’ left buggy mess systemic design never seems work together regularly contradicts,negative,negative,negative,negative
Metacritic,Fallout 76,fallout 76 particularly indicative best modern fallout game amazing survival game given competition worst game world anything much exists merely say instead standing fallout 76 current state game version amphicar model 770 sometimes work still worst world,negative,negative,negative,negative
Reddit,Fallout 76,problem know replace oe,negative,neutral,negative,negative
Reddit,Fallout 76,damn really need whole redownload though,negative,negative,negative,negative
Reddit,Fallout 76,see mention fixing paid atom shop reaper skin gatling laser skin broken last patch applied gatling laser default back regular skin barrel also spin please fix,negative,negative,negative,negative
Reddit,Fallout 76,really wish add passive rad generation mechanic replace health regen ghoul doubt would extend vampire well one dream,neutral,negative,negative,negative
Reddit,Fallout 76,bethesda full damage control instead releasing buggy game could done polishing understand deadline company manager meet get point seems like bunch friend tried make fo multiplayer mod,negative,negative,negative,negative
Reddit,Fallout 76,’ glad hear someone else problem ’ happen xbox one tv happens time series x computer screen,negative,neutral,negative,negative
Reddit,Fallout 76,great able sprint operating auto melee weapon understand risk running chainsaw ’ risk take freedom embracing danger taken away,neutral,negative,negative,negative
Reddit,Fallout 76,got boring soloing many hour made want stop playing,negative,negative,negative,negative
Reddit,Fallout 76,bug keep encountering randomly unequipping perk card pt since update can't tell cause seem happen fast traveling anything wondering get overencumbered see 3 point card gone category seem sync stats legendary special one ghoul perk tho never unequipped ghoul card directly looking back footage card loss happens 0:58 tell overencumbered icon appears actually pretty weird effect kept concentrated fire's targeting ability lost added accuracy per shot,negative,neutral,negative,negative
Reddit,Fallout 76,please please please add brightness contrast adjustment recent lighting change made terrible xbox adjust setting tv undo quit fallout,negative,negative,negative,negative
Reddit,Fallout 76,server still maintenance yous already released update ... kinda dumb,negative,negative,negative,negative
Reddit,Fallout 76,running new char main nuke story line dismayed find there's still bug trying find keycard one mansion indicator sends ground level move top level go indicator move back ground level know new player supposed complete game's original primary questline without resorting reddit help find keycard,negative,negative,negative,negative
Reddit,Fallout 76,one thing hoping ’ fix ’ autistic lighting driving mad,negative,negative,negative,negative
Reddit,Fallout 76,scammer would wait set single item price “ 0 ” cap take problem current trade menu double confirmation like game wit p2p trading honor system agree trade “ item x ” “ item z ” verbally goni trade menu wait said item listed zero somebody “ go first ” speak scammer wait honest person list accept item poof disappear,negative,negative,negative,negative
Reddit,Fallout 76,want normal weapon gimmick weapon reason ’ gotten like weapon “ overall ” lately,negative,negative,negative,negative
Steam,Total War: Rome 2,civil disobedience city ferguson,negative,negative,negative,negative
Steam,Total War: Rome 2,read game run well main issue game lack immersion ... hurrendous dlc game engine .. game horrid 3 step backwards shogun etc boring streamlined there depth .. . many feature still broken irreparable like function general use siege equipment ... fact game available ipad joke buy looking see battle classical time period .. dont expect challenge game boring unimmersive broken offensive creative assembly fuking laugh think making 40 quid worth dlc one dissapointing game time .. acceptable moked fan history waiting game since ever layed eye first installment back 2004 younger would lay night dream rome 2 glory ... dream game announcment quite literally jumped joy word express excited stimulated day release .. hadnt excited game since skyrim .. unfortunatley clicked play instead enormous peverted vanular falla strike eye soo hard thought life extinguished reality exist game bloody disgrace arsehole two faced money grabbing liar ca ashamed regardless initial bug currently patch 7 game broken shambolic overpriced piece rushed nonsense ai awful worst ever ui destroyed immersion whatsoever ... campaign dull lifeless many broken feature pointless general diplomacy system leaf fit frustration .. im even going start sea battle let say broke cried one fact ca sheer fucking ordasity reveal anyone child ... mention fucking unbalanced historically inaccurate depiction every faction game .. first time ever seriously consider whether buy next installment series sure added couple nice feature regional management larger navy etc ... everything else worse ... two thing mentioned buggy opinion irreperable stripped hundred feature previous game cutscenes immersion family tree music voice actor siege eqipment fuck torch every unit ridiculous pike unit reveal pike phalanx unit unbalanced slinger common overpowered ... list endless ... multiplayer ... christ .. might aswell barebones immpossible play coop due loading time addition tactical vantage point hill forested area offer benefit removing almost form strategy game .. ive patche ive modded invested 100 hour still havent able change mind reading dont buy dlc content rome 1 far superior game finally engine unit collision awkwardly slide one another fucking mosh pit execute singular kill move added athletisism .. look ridiculous totally unrealistic empire got away mainly musket warfare creative assembly need start fighting period fromations think alexander defeated darius galgumea roman againtss budicca outnumbered 10-1 fucking formation mosh pit blatantly clear folk ca give fuck anymore would much prefer screwing u quick buck bastard .. :( depressed infuriated fan total war since 2004 ... nice day :) buy game,negative,negative,negative,negative
Steam,Total War: Rome 2,rome patched day,negative,negative,negative,negative
Steam,Total War: Rome 2,mod play ella,negative,negative,negative,negative
Steam,Total War: Rome 2,sure ever buying another total war game red shell fiasco installing tracking software customer computer without permission pretty messed pay bill least small amount respect,negative,negative,negative,negative
Steam,Total War: Rome 2,highly dissapointed buggy glitchy crash time turn based element nearly good original rome battle look good always end mosh pit brawl stratigic tactical decision little weight sadest thing could write paragraph paragraph wrong game good thing say would reccomend buying game current state edit yeah lot hour record payed money game would try get value also earlier patch end turn wait time lasted anywhere 5-7 minute average lot time spent afk ai game took sweet time figuring exactly worst possible decision could make would yeah im dissapointed higher expectation product release im dissapointed mean gonna play game paid stand reccomendation buy game time future maybe,negative,negative,negative,negative
Steam,Total War: Rome 2,straight vote game somewhat playable patch 7 total garbage like day 1 mod score could reach 6/6 5 average though moment campaign battle rated easily 8: unfortunately moment happen often last much downvoting game still serious bug game design flaw behavior ca totally offensive fan especially make totally pissed combat system totally arcadish enjoyable fastest battle franchise magic ability b flag torch formation matter blobbing almost gameplay unit diversity faction ai alternate moment cleverness totally stupid moment especially siege sometimes ai freeze defender forced sally wait 60 minute timer go siege ai rome med 2 lot better ai top 3 month release still properly patched ... boring broken naval battle alongside horrific non-working political system stripped feature previous game guard mode family tree fire legionary ca keep releasing b panoramic screenshots trailer saying made rome ii engine trying cheat people b instead creating cutscenes especially designed game big lack game instead properly patching game keeping releasing dlcs dlcs till blood gore nomadic pack greek state pack caesar gaul stop stuff need patching ... lie lie marketing pre release campaign mention one aspect performance said lot b well rome ii would considering aspect even read extremely scalabe experience steam description yeah as release demo prior release fisrt time franchise know precisly make one game seriously engine flaw worst proper multicore support fact cpu gpu used intesnsive gfx task brings high cpu bottleneck --> low fps especially melee lack immersion element connection general family tree almost faction intro video cutscenes boring repetitive music horrific ui gone perfection shogun 2 actual crap continue go let's stop ... end almost challenge sometimes challenge turn frustration immersion fun like previous title really shame considering huge amount beautiful asset made game beautiful unit huge variation helm shield armour along awesome landscape city huge number faction moreover double shame considering many aspect game way way better old rome previous shogun 2 take best part 2 awesome game combined make proper rome ii,negative,negative,negative,negative
Steam,Total War: Rome 2,rome ii nice feature original rome total war lacked like cavalry able dismount assault city battlefield ai patching reasonably competent throw general immediately death try run unit skirmisher unfortunately drop many interesting enjoyable atmosphere enhancing feature original rome also implement many feature way destroy game-play believability historical accuracy also seems unfinished province system city grouped province building one city affect every city province held faction interesting way building work pretty annoying research technology starting tech even bronze age need tech advance battering ram ladder level detail see settlement population happiness unhappiness squalor etc massively reduced info income trade income come political system 1 year turn result general recalled dying soon get significant experience skill agent last much longer stylised icon interface annoying intuitive ai pathfinding bug assault walled city pretty terrible even 6 patch one beta patch ai still can't pick put use ladder ram siege tower effectively way could original rome total war ten year ago medieval 2 total war 7 year ago 100 faction many period made including client state like carthage's two slow ai turn game progress worst instant super transport army create transport carry stepping beach free capable fighting sea battle beating starting fleet whether auto-calc weight number every faction scythian nomad horse archer spanish african tribe go sail mediterranean nothing much fear enemy navy faction lose city also take sea either float till slowly die hover coast forcing place army coastal city dozen turn slowly die attrition else take city avoiding land army acting viking build fleet hunt say can't afford ship fleet take time money build require pay instant transport field army tied land preventing coming back sea bizarrely game designer decided transport slightly inferior version large oared warship hundred oarsman ram sleek design warship reality roman hellenistic period transport usually commandeered merchant sailing ship could carry enough troop horse food water oared warship good ramming boarding raking oar enemy ship oarsman narrow hull make maneuverable left room carry marine usually followed coastline could land get food water oarsman day could land bad weather oared galley seaworthy yet insta-super-transports somehow fit hundred soldier horse elephant unlike original rome fight sea battle rather autocalc ship marine sea battle look great way sea battle work pretty lamentable boarding made easy need use grapple iron hook rope get close enemy ship board let alone use corvus rotatable boarding ramp spike end go enemy deck bumping good enough even ridiculously one ship boarding another ship marine touch either historically smaller galley could outmanouvre defeat larger ship battle actium rome ii small ship incapable much damage larger one even large ship transport lightly built viking style ship historically small oared galley metal plated ram could turn faster larger ship immobilise oar raking shearing enemy ship's oar using ram could sink ramming broadside holing waterline many major ancient city syracuse jerusalem roman great difficulty taking siege assault due massive fortification inner outer wall citadel game unwalled village hamlet make game even ridiculous annoying anyone know even basic history – make sense total war game ’ include every settlement usually include important largest strategically significant one conquering settlement conquered province rome total war rome ii called ‘ region ’ two region grouped province could important settlement entire region hamlet village even ignoring pissing history make sense giving three quarter settlement wall seems like another cheap rush option minimise cost maximise profit working siege ai nah re-use engine empire napoleon shogun total war take wall city attempt justify reducing number boring siege assault fact reduces frequency size field battle compared rome 1 medieval 2 total war game player ai required least 1 turn usually build enough siege equipment take town time player ai usually sent army try break siege resulting battle relieving army one side besieging army garrison rome ii get lot incredibly dull annoying assault unwalled town square garrison militia unit instead field battle assault actual walled town using siege equipment would preferable myriad bug requiring endless patching missing feature suggest rushed incomplete without even beta testing rome ii run poorly poor graphic many pc laptop unless graphical enhancement mod used mistake made ongoing patching process make game currently run mod anyone thinking buying hold least 6 month maybe year two till patching better mod finished,negative,negative,negative,negative
Steam,Total War: Rome 2,know problem recent woman general patch although grossly historically inaccurate could disable enable content patch really want forcefeed historical revisionism customer disrespectful generally good business practice look happened ea mention game still buggy badly optimized year seems ca stopped caring making actually good game like medieval 2 shogun looking pander audience never going attain audience care historical strategy game pandering come cost established core audience mention whole red shell incident yeah buy game ca game matter ca get act together start respecting customer,negative,negative,negative,negative
Steam,Total War: Rome 2,game definately playable though ideally heavily modded successor orginal rome total war veterens wanted akin empire total war structure yet simplified controversial released combined dumbed approach campaign management province system general system recruitment system mean would recommend total war title exception possibly empire one however game patched level new player total war franchise least consider however would suggest wait sale 60 worth game opinion top game seems shed aesthetic feature made first rome immersive lack family required mean feel little immersion general spawn general give random name tool used worn thrown away emperor edition changed presence historical general imperator augustus campaign limited use political tool gain gravitas said politics system concept great exectuion leaf player feeling like strapped side since actual politcal positioning involved gathering gravitas resource game us increase politcal support percentage edit emperor edition patch fixed somewhat adding politics tab use determine overall politcal standing way senate slider functioned rome 1 well guage risk civil war still organised map senate position would able determine high general senate still place faction politics position player see benefit faction well relevence game original rome high ranking general senate consul high ranking position felt like immense importance term standing senate feel connection general like there supposed connection senate none seen apart rank really displayed army recruitment system also step backwards number army field one time hardcoded limit based faction's imperium level severely restricts capability spread force limited working within army cannot detach small force bolster garrison find self forced move entire army order swap unit recruiment linked army aswell cannot army move produce reserve time severely negative effective effect ability field army dynamic manner arguement change stop random small ai force jsut roaming land reason however experience difference warbands general head raiding stance icon navy game virtually useless due uncanny strength transport vessel due fact army automatically form fleet transport moment ordered sea considering considerable portion roman conflict occurred around mediterean ability magically make transport navy appear thin air major oversight render navy pointless transport make equally effective fighting vessel ramming mechanic messed point light skirmisher bireme sink heavily loaded quintareme filled marine hit rendering expensive naval vessel useless province system restricts ability build city hard coding two presets provincial village provincial capital capital build practically structure pre-built wall cannot improved manner village contrast build certain building type cannot fortified manner greatly diminshes ability customise empire existed original rome total war game every settlement preset could built fortified garrisioned needed could created industrial military city wanted wanted something simply cannot rome 2 top limited number build slot haunted last total war game also make return limiting city's space edit 15 patch vanilla balance unit atleast feel good enough credit combat game graphically stunning thing nit pick inccorrect modeling hoplite phalanx use argive grip please edit rome 2 finally become playable experience similar many aspect empire new comer total war series game would worth look though 60 however point veteren total war series entry seems far restrictive previous title cannot recommend game total war title instead consider total war title like shogun 2 original rome edit 15 patch base game reached state somewhat similar empire decent game newcomer total war series problem game regardless cost game 60 combined misgiving provided still recommend game total war title provide better experience better price cost graphical quality address question regarding 300 hour game time yes continued play rome 2 despite concern several mod boot however feel concern mentioned still legitimate edit,negative,negative,negative,negative
Steam,Total War: Rome 2,sadly creative assembly done managed outdo mess launch empire total war game flawed many way would almost funny frustrating sad even seven quite large patch game gone total mess slightly smaller mess good news guess honest par original rome total war released 2004 still massive issue overall performance specifically come frame rate drop even extremely high end machine game feel though made appeal wider audience mean dumbed extremely ui example barren come information research screen poor choice government screen close pointless seems two step forward shogun 2 gave franchise gone instead ca taken three step back stumbled three step massive canyon river floated mile away washed middle nowhere final thought wait one wait price drop would say least year till ca managed make complete working game highly disappointing,negative,negative,negative,negative
Steam,Total War: Rome 2,pro con see compared tw game based campaign single multiplayer edit review vanilla game without mod please read review making critical comment bored repeat people bothered pro campaign map environment varied atmospheric graphic especially battle beautiful small detail rock hitting wall falling ground remaining lethal motion add immersion army navy military tradition general agent trait create satisfying long-term progression campaign conversation comment among soldier battle amusing add immersion con naval combat boat physic abysmal worst yet far naval ai feeble autoresolve calculation extremely bad making small uninteresting battle often compulsory play prevent ridiculously unrealistic outcome autoresolving siege equipment invariably heaviest casualty even 98 victory entire unit heavy onager wiped entirely cavalry often suffers disproportionaly high casualty well diplomacy still terrible despite say improving nation 1 village demanding ten thousand gold non aggression pact control half game world ... unable specify amount money diplomatic negotiation instead select percentage total treasury pikemen one unit actually behaved realistically upon release moving forward relentlessly enemy line encircling cornered enemy since fixed stand gormlessly dead straight line even formation attack unticked roman legionary unit fight style barbarian single men constantly breaking formation 1v1 ... growth becomes worthless 50 turn whereas previous game continues beneficial desyncs multiplayer campaign uncommon often void save barbarian unit far disciplined tightly regimented essentially reskins helenistic roman unit column barbarian access siege equipment roman greek exception polybolos barely count useless siege unit many available building slave trader wine market completely redundant offer nothing easily bested building overall game major let even one one super hyped rome 2 add constant releasing new dlc even buy downloads automatically rendering mod incompatible remains unavailable pay handful half-baked reskins pre-existing unit new menu screen contains terrible enough modding become relatively enjoyable worth investing hour long prepared spend time finding right mod address multitude issue willing endure frustration periodically disabled new piece unrequested dlc inviting install worth look otherwise good call would love love game much potential unfortunately cannot recommend anyone especially fan series seriously damaged faith total war update 31/01 15 ): con mention first time around list long hard remember campaign ai idiotic regarding threat enemy army garrison town move army region preparation attack next turn enemy army gone town completely undefended bad ai opportunity fun siege battle ruined never seen campaign ai recruit top tier unit roman hellenistic faction even 250 turn game fighting army militia hoplites slinger amphibious battle ai frequently leaf one two ship sea killing land force way win sit fast forward next 20 minute clock tick nb selected unlimited battle time situation must quit battle given defeat reload autoresolve yup one ship containing 10 levy freeman defeat force 1000 elite troop sitting sea nothing fast forward battle increase game speed 3 ... pathing siege engine siege-equipped ship terrible instruction shoot target within range often result engine walking sailing slowly towards target shooting fire often result many friendly casualty simply attack nearest target regardless proximity friendly unit shogun 2 intelligent problem rome 2 seems gone backwards ... cavalry frequently ignore order disengage melee often order need given 3-5 time actually attempt escape melee cavalry frequently ignore order attack enemy unit begin run fight unit make attempt pursue re-engage mean massive micro-management cavalry unit fighting skirmisher archer cavalry individual unit need re-instructed attack several time throughout battle failure notice result unit standing still whilst enemy cavalry sit 20 foot away murdering javelin arrow ship ramming animation look like something cartoon truly terrible shogun 2 much better heck even empire better collision effect game even ramming mechanic campaign map resource ... nice idea however one region north africa containing little sand scrub supposedly supply timber playing macedon found importing timber north african region order build siege engine despite occupying around dozen heavily forested region europe none apparently access timber ... nice idea ludicrously implemented keep mind issue reported emperor edition game supposedly fixed .. personally empire tw still beat game even,negative,negative,negative,negative
Steam,Total War: Rome 2,ca told play game never buy another ca game future,negative,negative,negative,negative
Steam,Total War: Rome 2,daughter asked daddy giraffe game supposed answer ca period small nothing battle giraffe nut demand battle giraffe woke kid,negative,negative,negative,negative
Steam,Total War: Rome 2,huge step back total war saga bad ai optimization gameplay lot new mechanic totally broken one loved previous title removed ca tried change much little time obtained half game full price,negative,negative,negative,negative
Steam,Total War: Rome 2,ai abysmal defend city 300 4000 ai decides want use gate way across city instead climbing wall storming gate front current political intrigue seems useless try ignore lastly auto resolve feature common total war game incorrect almost regard superior army still red fight lose fraction unit 10 10 time occurs,negative,negative,negative,negative
Steam,Total War: Rome 2,ever since high school obsessed greek roman civilization friend irl internet attest ever occasion indulge passion greco-roman history take it--be guilty pleasure starz spartacus watching hbo's rome gladiator tenth time reinstalling rome total war assuredly rome ii rome total war fact creator perhaps conscious diametric two game renamed total war rome ii conceding sequel game stirred imagination year ago rome ii is--and claim be--is trojan horse transparent misshapen classically themed gift bear fault empire total war engine aka warscape coupled technological limitation rome ii victim greed cowardice released september 2013 prematurely avoid competition next-gen console showing much faith developer product gutted content deluded pursuit perfect metacritic score left wake creative idiocy skeleton game desperate need least two year patching support dedicated modding community time meant rome ii neither,negative,negative,negative,negative
Steam,Total War: Rome 2,understand bought definitive edition game still £ 90 dlc buy,negative,negative,negative,negative
Steam,Total War: Rome 2,male historically correct unit upset girl much mod play ... want game sjw crap illegal alter paid game long time release since chance refund altered product pay sjw politics,negative,negative,negative,negative
Steam,Total War: Rome 2,rome 2 serious disappointment loyally followed franchise since shogun 1 expectation game huge marketing campaign advance release appeared promise fan could wish yet released soon transpired game many cut truncated feature family tree nerfed political system dummed arcade style tactical battle system magic power button battle record time well many many ai problem design flaw transport ship siege despite patching core issue fixed mod help cannot cure fundamental flaw paid dlc generic content dlc added insult injury game victory presentation substance abject lesson never pre-order wait game patient worth save buck get patched release perhaps dlc bundle 6 month line although game even reduced price came fat dlc bundle stay away disappointment boot rome mtw 2 shogun 2 add excellent mod enjoy great gaming rome total war 2 shameful display,negative,negative,negative,negative
Steam,Final Fantasy 14,great mmo wonderful community strong recommend buy steam that's adding another layer complexity something go wrong basically benefit constantly restart whole steam client ffxiv launcher can't connect like hassle get anything like auto login achievement update bought steam can't unhook steam go square enix's site buy source,negative,positive,negative,negative
Steam,Final Fantasy 14,buy game steam get directly square enix regularly sale unlike steam another site lock future purchase one vendor steam game registered steam version square enix site steam-based expansion registered onto account buy base game game great recommend buying sole basis locked single system cannot buy expansion elsewhere sale please buy elsewhere addendum another reason buy steam need change country square accept payment steam store different country essentially locked able pay subscription,negative,positive,negative,negative
Steam,Final Fantasy 14,buy getting level 60 demo free that's 40-80 free hour content translate 3 month worth subscription time depending often play turn buy locked free level 60 people defend using semantics free trial get around fact noob trap game solid otherwise predatory seen disappointing essentially punishes buying soon recommend purchasing least played entire free trial may research find seems intentionally hidden page,negative,negative,negative,negative
Steam,Final Fantasy 14,less game steam client old account purchase anything steam account branded permanently either window steam purchase cross code cannot redeemed also able login steam version window account etc purchase refundable game steam game solid felt proper disclaimer,negative,positive,negative,negative
Reddit,Final Fantasy 14,edit since clearly reading seem think arr's story concluded tl ;d r writing team seems far less interested deep branching underlying lore foundation 7.0 onward concerned arr's story ended rather dawntrail's story already shown structured fundamentally differently made ffxiv's narrative good call paranoid deep sinking feeling gotten stronger 7.1 acquired encylopedia eorzea book day feel awesome anymore obvious writing team much avoid referencing anything future bought first place xiv awesome lore also clear world built underneath game lore book existed add story really able fit game cool thing though point story element would referenced relevant story content going forward endwalker hand end 10 year ascian conflict ... reason made odd choice remove mysticism long-running plot thread xiv entirely primal threat entirely tempering curable general conflict people beast tribe seems ended anima prof literally primal threat contend u void miraculously solved entire planet like 3 patch killed strongest voidsent ever meaning longer void threat golbez bff zero also bff golbez zero strongest voidsent meaning literally need worry anything 13th anymore garlemald completely destroyed eorzea longer empire threat ... eorzea longer threat really twelve revealed destroyed within 3 sub-patches post-msq content cannot think single good reason done xiv justify never referencing particularly bad twelve reigning religion eorzea player even meant choose one character followed get unnecessary removal honestly could referenced kept vague elpis imo allag plot device peaked extension previous civilization nothing interesting anymore inevitably return visit merycidia suspiciously absent tural space solved omicron pacifist endsinger seemingly killed life outside planet wait see true cool introduction unfortunately killed requirement logically power scale villain even keep adventurer shtick going interesting way wol 100 expected win everyone know literally even need real friend anymore azem's crystal literally dynamis battery dynamis held logical standard aether honestly even problem warrior light zeno benefit giving wuk lamat tell writing team using crutch anything crystal really dead still going reason almost like making canon xiv single-player game big one though really make feel like modern ffxiv deliberately trying pull away ffxiv's previous lore writing habit tural 100 removed eorzea real conflict whatsoever farcry xiv 1.0 arr's starting point everyone mostly peaceful use rubber bullet wild west supposed america literally less dangerous singular turali place simply walking around outskirt limsa ul'dah gridania seen single prostitute prostitute seriously telling new wild west pop-up town gun going halt progress offend group nomadic cow herder saturday morning cartoon shit politics longer factor writing general realistic human behavior majority tural wanted zoraal ja inherit throne ideological reason polar opposite zoraal ja elected instead nobody care alexandria wage war tural defeated clearly still exist dome visible right outside city limit nobody care earth everyone understanding sudden satuday morning cartoon shit ascians reason never thought bother touching tural despite entire continent existing power struggle prior u getting imagine half planet would useful assisting rejoining effort make zero sense even take attention unsundered mamool ja would especially ripe cannot tell ascian peak notice final day seem affect entire hemisphere etheryis nobody even really talk like get celestial current whatever ... seriously nobody afraid talk paranoia conspiracy theory started raining fire people allegedly turned body horror monster nobody care unlike 1.0 arr real grand history war conflict perished failed nation anything tural suggests deeper world seen self explanatory yuk hoy kind alexandria kind take position understandably ... alexandria also surprisingly devoid real conflict convenient soldier automaton citizen interested mean zoraal ja sphene could villain week worry anymore tural auspex vidrral's kind worthless fact killed strongest one continent subplot narrative bit disappointing others even hyped lore either secret one lost history brought dangerous vidrrals bother wuk lamat koana also devoid conflict pushback narrative large koana literally tried sacrifice cow nobody anything say wuk lamat's incredibly naive worldview almost never actually challenged narrative either meanwhile alphinaud completely well-meaning competent start arr still almost got everyone killed surprise people actually terrible care could keep going general idea visible pretty much every long-running story thread 1.0 6.0 cut way honestly kind make irrelevant going forward likely intentional done way anyway assumes new writing team interested building anymore surprising endwalker seems like writing team want anything run long past climax imagine done dawntrail supposed new starting point going forward probably want encourage ability buy expansion without played ffxiv side effect game world starting feel quite hollow unlike earlier area xiv really run area feel like represent anything empty space location seriously simply running gridania past 2 map black shroud many area location landmark lore relevant thus msq relevant thus gameplay relevant least back class job quest cared sort thing reason redbelly courelclaws aggro mob group reason sylph exist hostile area reason garlemald fate pop near border event shadowbringers took place entirely different shard make sense written way endwalker one massive wrap year story thread also forgive written way dawntrail zero excuse way starting believe worst really intentional feeling,negative,negative,negative,negative
Reddit,Final Fantasy 14,others pointed endwalker content shadowbringers compare directly issue content almost entirely focused solo adventure require involvement go beyond dungeon roulette might provide today community wished year release eureka bozja met almost overwhelming negative reaction xiv-focused subreddits forum diadem eureka bozja give type content give mmo moniker ffxiv content made saw world warcraft guild war 2 knew needed open world content absolute basis mmo introduced instanced content community pushed back heavily form pain point staple mmo need work something get shunned seen negative need excised entire philosophy behind trust duty support exists around community philosophy force involved people want ultimately ended situation little raider whereas ishgardian restoration bozja shb bozja replaced criterion island pvp even thing either solo run like dungeon unless attempt savage version literally pretend everyone npc experience cannot even run pvp group matchmaking bozja 2 open world content 3 alliance raid lost action designed work tandem group optimize damage healing stuff made stuff group content opt-in order get done fast enough gone endwalker seen message ff16 development graphical update way honestly cope solution conten keep making non-repeatable solo content even army coder design philosophy flawed begin removed mmo mmo praised lavished kind people ultimately play game extended period time that's ffxiv turning perfect game people want play game community want social group interaction fragmented across discord able team,negative,negative,negative,negative
Reddit,Final Fantasy 14,patch 7.1 three week little worth logging honestly week one sentiment already settling can't mince word longer patch embarrassment large portion userbase ultimate content say content received bad ffxi raid fantastic alliance raid longform content get people log 7.1 patch savage raid tier mean nothing going pelupelu daily quest daily quest design whole downright awful three quest per day take usually five whole minute mention battle job focused quest 90 talk npc carry box interact sparkling point hardly involves combat team devoid taking risk possibility create something fresh instead copy pasting daily quest formula nearly decade understand people want daily quest feel like slog right sentiment state hardly interacting combat quest want actually play job outside roulette capacity getting chaotic later month sure fine well new fresh people stepping ultimate chaotic seriously wonder game offer moment logging day five month since dt launched time field expedition actually playable well half year think game serious issue getting longer form content way sooner hope enough people voice concern way actually get heard development team,negative,negative,negative,negative
Reddit,Final Fantasy 14,many instance felt like shouldve taken action instead chose stand around stare frustratingly high wol run weird guy injured bird gonna like stormblood plot acknowledges player healer gonna stare wanted closer look gaping wound zoraal attacked tural threatening leader dogpile nope want 1v1 ... came back life clearly losing okay he clearly pulling bullshit attack still gonna stand watch oh gulool dead good plan mind zoraal gave ultimatum wuk reason jump zoraal tried kill hostage let go okay finally something nope guess let get away zoraal dropped weird thing probably grab huh one even going mention even thought camera zoomed focused attention oh sphene grabbing thing slowly floating away ... uhhh someone grab gonna watch thing escalated ok ...,negative,negative,negative,negative
Reddit,Final Fantasy 14,can't link thread due sub rule ffo board 5ch search 【 ff14 】 黄金のレガシー ・ ネタバレ可の感想スレ 【 嫌なら見るな 】 far there's two thread 1000 reply feedback seems either lukewarm negative although board may bias take discontent generally center around wuk lamat tedious cutscenes pacing boring fetch quest impression become positive last two zone praise dungeon trial design music reply happened yoshida immediately killed moenbryda please kill wuk lamat begging feel like marriage arr's errand boy questing stormblood's preachy moralizing can't believe made msq one really long beast tribe quest finally thought could put heavy baggage adventure heart's content stuck babysitting cat emet selch came fun place idiot feel like turned lyse cat like hiding lack substance dragging length cutscenes wuk seriously empty headed forced support someone inexperienced concrete policy many fetch quest 4 hour id instance dungeon start fighting want play game part already cutscenes get long yoshida's turtle shirt referred huh want leave succession race someone else vacation southern isle estinien one got adventure even skip cutscenes correctly guess gist said there's seriously point watching even starting point next 10 year saga go far copying 2.0 slog wuk lamat stereotypical idealized character hard relate like protagonist manga aimed elementary schoolers dialogue template-like suspense next development fatal mistake tired seeing many lizard start finish problem caused low iq lizard maybe slaughtering savage bad idea unlike japan even foreigner usually give positive review somewhat unsatisfied 40 disapproval steam bad story skipper hard sphene introduced 3/5 story late warm wuk lamat since start never grew maybe that's problem terminal shutdown portion blatant playtime padding reception seriously hinge whether like wuk lamat actual story level shounen anime airing 6pm would've better go vacation scion wearing swimsuit stop forcing watch unskippable cutscene literally nothing happens kill even cutscenes reduced half much plot seriously thin least sidequests talking npc wol still feel like main character msq tag along please bring back ishikawa ... dy said ishikawa supervising bet really dogeza front asking borrow name salvage made overworld msq level sidequests honestly let ascians kill everyone continent said vacation mean including game,negative,negative,negative,negative
Reddit,Final Fantasy 14,past day early tricklings immediate reaction msq dawntrail come scattered across different forum raising different fairly commonly shared objection narrative content given indeed initial reaction ton persuasive reasoning provided people seem dislike dislike people point existence wuk lamat likeness lyse secondary role given warrior light main character banal narrative structure trial keystone menial task given u townspeople thin-wearing functional delivery ffxiv's quest system slow pacing lack stake myriad nitpicks complaint build course one playthrough end posted reddit none problem dawntrail's msq could many pointed every apparent flaw dawntrail present expansion wuk lamat mentioned easily comparable lyse well arr heavensward alphinaud naive sheltered insecure leader need come gain holistic perspective world people become wise effective motivator unifier warrior light taken backseat plenty time taking supporting role numerous point heavensward stormblood simple structure go place get key object bear likeness similarly simple structure shadowbringers lightwardens course dawntrail would hardly first ffxiv expansion feature talking nameless townspeople clicking sparkly ground surface level objection dawntrail imprecise hardly communicate one might find distasteful easily dismissed hand reason alluded making criticism expansion fairly easy ignore position dawntrail predicated content expansion quality old video youtuber named mrbtongue ending mass effect 3 say order understand said ending wrong consider mass effect right game fan cheerleader bore friend group point obnoxiousness attempt desperately get experience game msq thing people frequently complain groan within game lyse zeno stormblood general g'raha tia eating burger thing deeply love defend death doomer disparages game bad faith want everyone know experience think ffxiv ton thing right convincing consistent worldbuilding thrilling action stunning set piece compelling politics intriguing theme fascinating mystery else think final fantasy xiv master character part 1 importance character character believe single important component storytelling unlike feature narrative vary series series medium medium character non-negotiable enjoy thoughtful episodism star trek much enjoy absurd nonsense baki grappler much enjoy heartwarming compelling adventure dungeon meshi much enjoy everything final fantasy xiv series common core excellent character writing ability get u invested story unique individuated human being thought feeling desire insecurity obstacle get way character way reductive term essentially humanity narrative character perspective world happens attach relate empathize come love hate root triumph cheer defeat watch dynamic unfold every ilm engagement story predicated two factor 1 caring people narrative 2 needing pay attention order understand make story compelling essentially human ability engage instinct social animal desire empathize share thing common need see opposed u fail intrigue information intuition speculate subtext people choose say say get point final fantasy xiv's strength always make u care much u recommend many people make every single one expansion excellent narrative character feature character written love emet selch act hide u bear u moment vulnerability interacts one character versus interacts another unique personality quirk inflect speech character contrast form fascinating dynamic scion love emet selch cool sexy mysterious wizard love emet selch embodies trait act part 2 wuk lamat similarly people hate wuk lamat naive idealist stick value commitment understanding others culture many way character well executed ffxiv people hate wuk lamat written wuk lamat start narrative naive easily fooled idealist end narrative naive easily fooled idealist repeatedly make mistake get kidnapped deceived overlook problem people struggle understand solve problem problem wuk lamat never punished mistake mistake directly caused character naive trusting bandit pot village subsequently getting kidnapped held hostage naive trusting sphene never asking question sphene society solution 9 operates repeatedly suggests run thing headlong regardless whether could trap previous part story including arr sort character flaw repeatedly punished significant unavoidable way alphinaud's naive formation crystal brave nanamo's naive attempt immediately drastically change ul'dah government way way far less drastic wuk lamat's executive decision arr result near assassination latter total betrayal former lyse attempt motivate around simple idealism lay life line apparently fruitless attempt freedom fails horribly ala mighans suffering garlemald cynical reluctant throw suicidal hopeless revolution learn doma hien leadership must demonstrated people must gain lose victory must fought earned demonstrate success possible first place character fails wuk lamat mary sue simply character never challenged way failure ever stimulated grow develop presented problem cannot solved immediately mere suggestion platitude peace happiness situation really difficult food difficulty face summarily eliminated scion near uncritical support regardless legitimate concern may capacity lead massive diverse continent make every struggle wuk lamat feel pointless every victory achieves feel unearned every mistake make feel frustrating despite expansion's mantra learning others order understand end dawntrail know absolutely nothing wuk lamat started expansion knowing hardly understand character effect creates one utter confusion form ryne gaia-esque relationship sphene end expansion despite scene build relationship demonstrate reason apparent affection indicate reason wuk lamat still trust sphene indicating reason trust sphene first place part 3 everyone else many people reduced grievance expansion one character may read criticism said character similar fixation character want understand wuk lamat problem reason every single character problem wuk lamat every single character naive clueless fortune cookie nothing move point point b periodically dispensing semantically identical catchphrase theme narrative problem 6 x patch zero scion problem that's persisted dt like zero proximity wuk lamat scion become completely identical borg-like automaton talk exactly say exactly thing peace friendship happiness order prop companion analytical statesmanship alphinaud cynical skeptical sarcastic common-sense alisae hard-headed aggressive approach thancred esoteric erudite empathy urianger reckless insatiable intellectualism y'shtola unique personality disposition incredibly colorful cast scion myriad way trait informed interacted eachother world around completely flattened single character scion scion kind calm mildly inquisitive like peace that's character make mild comment trying figure what's going give word-for-word identical advice character supporting alphinaud extremely interested statebuilding social welfare leadership display interest totally passive towards completely unexplored unclarified political system bureaucracy tuliyolal alisae voice reason street-smarts alphinaud's time naive intellectualism completely uncritical trusting sphene solution 9 y'shtola made life work cross barrier realm cost completely unfascinated unopinionated emergence alexandria discovery key could really go suffice say main problem current writer msq unable put mind character think would think would new situation given new information previous expansion would take time talk every single character one quest marker head objective would always unique interesting thing say happening indicated thought dawntrail practice completely unnecessary character muse trivially what's literally happening say love wuk lamat novel world tural solution 9 provoke insane number question thing work never asked anyone rare event scion ask question character obviously suspicious unsatisfyingly hand-wave away saying can't say trust accept sort thing came place like eulmore earth would accept place like solution 9 finally character speak subtext expansion like shadowbringers ishikawa commanded mastery subtext giving u insight character thought felt thing said literally implied chose hide said certain tone voice dawntrail 6 x everyone literally say mean time completely unnatural uncanny way subtext fall category show dont tell complicated whether dialogue used purpose exposition lot shown use dialogue emet selch speaks wistfully pain losing dear revealing history ancient strongly crystal exarch feel u heroism gradually implied act word chooses carefully use finally cathartic open heart-to-heart u feel earned incredibly bizarrely placed bracelet subplot dawntrail namikka say u bracelet really important sad without shown namikka wuk lamat deep familial bond namikka tell u unlike seeing much venat care life people shown gutting brutal sacrifice sundering merely told sphene good queen loved people undergo great sacrifice preserve ask simple question remove name dialogue dawntrail 6 x would know saying every single character seeing world eye thought saying thing every character speaks word dome appears despite completely different place communicating eachother sudden appearance ask peace happiness every time wuk lamat want impress belief people reason immediately uncritically accept natural order life death musing shutting endless tediously every single character dole dry exposition completely identical way consideration character voice character voice every character fungible character wuk lamat koana scion anyone react thing happening around ask question anything strong opinion whatsoever anything speak straightforwardly subtext reason care cannot relate people nothing engage onscreen every single character speaks voice say thing ideology conflict interpersonality reason even like one character another everyone scion corrected one strangely one exception end expansion share gondola ride g'raha living memory mus thoughtfully somberly nature life loss way g'raha tell friend ever wished reuinted someone passed away think ... else wish lived one day one day ... joyous one could choose could make happen tried everything spared nothing manner able keep soul harm's way many beyond power save would done you-can imagine spending eternity knowing loss scene rich subtext one say much g'raha kind life life lived exarch say much value belief life speaks humanism love people commitment life adventure thoughtful empathetic way thinking thing see world said g'raha's voice expressed way scene ishikawa would write maybe even one write stand everything else much cant help wonder go back said start think make ffxiv special treat character that's entirely true make ffxiv special natsuko ishikawa treat character consistently everything wrote whether job quest patch quest msq characterized quality antithetical everything described ishikawa's greatest talent empathy ability get heart mind character said think carefully would think feel situation arise around way ishikawa love ffxiv narrative love ffxiv get u raid get u buy house get u log feel absence feel great concern game continue,negative,negative,negative,negative
Metacritic,Final Fantasy 14,right playing ffxiv like playing toy stuck plastic bag fun get general idea can't appreciate full experience future update doubt open bag sealed frustratingly tight,negative,neutral,negative,negative
Metacritic,Final Fantasy 14,shallow slow grind-heavy mmo crippled horrible interface nonsensical player limitation,negative,negative,negative,negative
Metacritic,Final Fantasy 14,travesty release already mediocre game ironing kink broken interface enough content keep interesting honestly feel like pc version beta test next year's ps3 version,negative,negative,negative,negative
Metacritic,Final Fantasy 14,really hoping would new mmo really could get game fight felt like se living cave last 10 one thing great graphic doesnt make good game.there ah use bazaar system people put insanely high price may click hundred bazaar spend hour looking npc market game soloable max level dont problem endgame get 10 quest per 48 hours.that alone make game hard level quest respawn rate monster seems there many people going monsters.every action make game 3 sec delay played final fantasy 11 least classic class played game could max class pick ever abilys want end everyone mosty class set going picked thiers ui worst ive ever want open bag case inventory would think hiting would seem want make macro everything insane modern time mmos.there also bad lag first two day 3rd 4th couldnt even start quest reason almost never see anyone chatting unless wanted sell buy crafting take long gather make stuff.lets say want mine ore go mini game thats problem mini game fishing mining gathering herb btw problem take like 5 sec per action spend two hour mining 3 4 time doesnt game show make option even wrost log go site look need make something really say log try way game crash yeah another thing crafting seem rely could go many problem game seems rushed.they needed year two race final fantasy 11 alot final fantasy 11 problem seem port ffxiv.when 11 came could look 2010 isnt acceptable.everything made ff11 great like notorious monster classic class isnt think like prettier looking final fantasy 11 bring wow fan final fantasy ream maker game wanted target wow player saying ffxiv target casual friendly audience would say game seems geared hardest core fans.just playing game hard.maybe 2 year game playable dont buy let square enix know make bad game people wont buy thier name product p ive ff fan since start 85 please dont get misspells grammer upset review thank sorry forgot score last review 2 10,negative,negative,negative,negative
Metacritic,Final Fantasy 14,game insult final fantasy fanbase abomination poorly conceived poorly designed poorly executed fanboys saying graphic cutting edge game challenging hold hand aion's graphic superior game impossible hold anyone's interest . . . long check reaction japanese gamers could square-enix's swansong titanic fail,negative,negative,negative,negative
Metacritic,Final Fantasy 14,despite huge post launch patch final fantasy xiv still lack content show many flaw game design basic come great disappointment stick absolute fan saga,negative,negative,negative,negative
Steam,Total War: Rome 2,total war rome ii rtw 2 game two half one half filled potential graphical accomplishment sense community addition workshop half mess bug poor balance total lack attachment campaign bug release balance issue part total war since day rtw 1 20 patch certainly level game-breaking effect present even nearly year later pre-ordered attachment really hurt long time fan shogun total war ii made feel attached every member clan gained skill trait made feel genuinely unique rome total war 1 arguably epitome though sprawling family tree real sense taking roman family enemy rome one greatest era history turn feel like slog destroying faction commonplace thanks huge number seperate area character end similar trait everyone faction like roman really unique feeling person siege bug worst seen rts game missile unit sometimes fire melee battle sometimes look like two blob fighting eachother naval battle initially absolutely awful improved still feel totally void character real sense strategy mod solve issue game appears irrepairable without right combination mod match patch short cannot recommend easily worst total war game ever made essentially killed chance pre-ordering creative assembly game edit several complaint review amount playtime change opinion based spent £ 40 game abandon leave bad review came back patch patch including recent emperor edition would tell someone buy want able creative assembly company support still support unless reviewer like make clear game acceptable release still mistake repeated newer title complaint playtime deleted review,negative,negative,negative,negative
Steam,Total War: Rome 2,game still 60 2022,negative,negative,negative,negative
Reddit,Total War: Rome 2,rome 2 launch many many thing wrong,negative,negative,negative,negative
Reddit,Total War: Rome 2,rome 2 also broken autoresolve bring along doomstack trash unit win autoresolving everything,negative,negative,negative,negative
Reddit,Total War: Rome 2,total war game rank better rome total war medieval 1 medieval 2 shogun 2 rome 2 attila age charlemagne warhammer 1 2 3 three kingdom troy,negative,positive,negative,negative
Reddit,Total War: Rome 2,eh rome 2 middle tier best took 17 patch get level,negative,negative,negative,negative
Reddit,Total War: Rome 2,started playing rome 2 month ago still prefer alot original game mechanic like city work witg building kinda stupid honestly better graphic rome 1 better game,negative,negative,negative,negative
Reddit,Total War: Rome 2,since warhammer 1 gate broken rome 2 attila originated rome 2 came 12 year ago became problem ever since invisible wall added gate prevented attacker entering even open medieval 2 rome 1 gate open attacker could run invisible wall nothing opening gate stop ram risky rome 2 warhammer 3 game use 1 defending unit bug gate stay open attacker longer attack even artillery usually aim door opening mean fraction shot miss hit gatehouse damage imo invisible gate wall caused ongoing problem remove punish defender opening gate letting attacker freely move open currently invisible wall prevents attacker choosing move gate open wall buggy unit attacking closed gate still phase get stuck inside point trapped jank connected invisible wall,negative,negative,negative,negative
Reddit,Total War: Rome 2,nobody else remembers rome 2 siege carthage video ca straight lied ai scripted,negative,negative,negative,negative
Metacritic,Total War: Rome 2,creative assembly created game could pinnacle great strategy franchise unfortunately rome ii marred number technical flaw ruin experience hopefully game redeemed future patch,negative,negative,negative,negative
Metacritic,Total War: Rome 2,rome ii somewhat disappointment great battle series known still far easy master series ai always problem still remains instead ’ game outside battle draw politics diplomacy roman empire,negative,negative,negative,negative
Metacritic,Total War: Rome 2,bloated unwieldy mess game whose lofty ambition matched gravity failure well least pretty nov 2013 p 64,negative,negative,negative,negative
Metacritic,Total War: Rome 2,reckless half-cocked release insulting thousand gamers ’ pay full price receive inferior product others buy cut-price month line ’ finally chopped changed playable state detrimental damaging team developer clearly real passion love game create,negative,negative,negative,negative
Metacritic,Total War: Rome 2,six month time rome 2 could decent game present ’ desperate need lengthy patching schedule shore wall barbarian horde trouble,negative,negative,negative,negative
Metacritic,Total War: Rome 2,time may well become great strategy game stand alongside franchise ’ true classic ’ bloated mess ’ unfair developer publisher take everyone ’ money give game many obvious problem maybe creative assembly sega learn lesson maybe total war fan unfortunately ’ optimistic,negative,negative,negative,negative
Metacritic,Total War: Rome 2,series stay put add insult injury installment half-baked look beautiful play like chore issue,negative,negative,negative,negative
Metacritic,Total War: Rome 2,play literally anything featuring total war rome title value time nov 2013 p 80,negative,negative,negative,negative
Metacritic,Total War: Rome 2,astonished state game think ’ notice clumsy interface wretched documentation absolutely untenable naval combat weird bug lock-ups game-killing glitch think ’ notice ai really think acceptable ai single-player game single player game disappointing multiplayer compared clever multiplayer last release,negative,negative,negative,negative
Metacritic,Total War: Rome 2,creative assembly always find way bugger game case cannot trade gift region cannot stop war ally vassal lose interest game give,negative,negative,negative,negative
Metacritic,Total War: Rome 2,absolutely disgusting release fixed bug later still taste crap release date fresh hell,negative,negative,negative,negative
Metacritic,Total War: Rome 2,difference score user critic probably give away game deliver promise instead insulted many total war fan right launch problem arose game run crash littered bug glitch got passed discover game nothing offer broken experience feature present total war game like family tree gone ai broken nearly impossible lose graphic looked good pre-released footage actual game even beasty pc's get beautiful graphic shown instead sit watch creative assembly sell greek state dlc additional money insulting say least mutiplayer broken constantly desynches crash what's actually good game well interesting thing city building option give new naval combat series level many faction though probably many even function game single handedly made sure never pre-order game let alone try new total war game broken till day bad show together give game 4/10,negative,negative,negative,negative
Metacritic,Total War: Rome 2,uninspiring installment total war barely evolved year game concept show age even bug fixed,negative,negative,negative,negative
Metacritic,Total War: Rome 2,невероятно разочаровывающая часть игры после которой я поставил крест на серии .. я буквально не мог узнать свою любимую серию игр тут само собой напрашивается look massacred boy,negative,negative,negative,negative
Metacritic,Total War: Rome 2,played medieval total war 2 loved played joke really tried understand game nothing make sence symbol far small nothing self explained joke honestly buy game serie anymore worth time,negative,negative,negative,negative
Metacritic,Total War: Rome 2,game depressing compared first one reason include limited requiring general troop capping number legion get control order cavalry run away decide start walking camera zoom enough also tactical map army flank want get formation done thing make every total war game grindy fest remaster work anymore sad game even sadder,negative,negative,negative,negative
Metacritic,Total War: Rome 2,worst installment series ever worst installment series ever worst installment series ever worst installment series ever worst installment series ever worst installment series ever,negative,negative,negative,negative
Metacritic,Total War: Rome 2,pre-ordered game hope could play bro-sef come launch co-op fun knew would kind first day-of patch would probably smooth patch never came long story short lan-party ended hostility misery game caused many gamers grief emotionally physically deserves every gamer conceince self-respect deny greedy f'''n publisher anymore money shame casual assembly shame another hero gaming god fade former glory ea abyss bargin-bin title gamers scoff,negative,negative,negative,negative
Metacritic,Warhammer 40k: Darktide,one expect extremely rich warhammer 40k lore darktide good idea commits ultimate sin game becomes boring due extreme repetitiveness,negative,negative,negative,negative
Metacritic,Warhammer 40k: Darktide,game progress slow little co-op mechanic lack incentive grind sobering,negative,negative,negative,negative
Metacritic,Warhammer 40k: Darktide,uninstalled got level 28 vet level 14 zealot game even allowed marketplace condition simple fundamental core gameplay loop wrapped around addiction forming timer currency gambling mechanic majority shareholder parent company tencent mandated shove game game glorified gacha slot machine gunplay 40k imagery lore absolutely nothing offer fan series extremely surface level experience meant attack fear missing waste time devs vacation yeah 150 spending vacation bonus got tricking people buying crap product refuse update acknowledge fix fatsharks website even update 2 year twitter stagnated much like 5000 concurrent player online terrible game terrible joke really hope worth money take hard work ruin sake almighty fast cash people wanted action based 40k game got machine game market crashing apologize devs fatshark studio untalented quality work provide may well shutter door work lack speaks .. waste time unless given offline single player guessing plan future proofing shut server moment money dry say goodbye stuff spent time unlocking happens pumped dumped tl :d r game scam play,negative,negative,negative,negative
Metacritic,Warhammer 40k: Darktide,live service garbage less update live service title ever last year added total 3 rehashed map call running old map walk reverse direciton new map im joking thats actually work lmao bos fight literally reuses old enemy model poison floor thats thats update fomo cash shop extremely buggy gear progression literally checking ingame store every hour see anything good like lootboxes shop paintjob,negative,negative,negative,negative
Metacritic,Warhammer 40k: Darktide,one worst game life everything bad insane frustration,negative,negative,negative,negative
Reddit,Warhammer 40k: Darktide,content drought end still going strong need something give u something f,negative,negative,negative,negative
Reddit,Warhammer 40k: Darktide,stimms sadly one element game's godawful ux normally reserved mourningstar make core gameplay incredibly easy someone walk front stim target walk slightly range wrong moment initial targeting fucky work taken basically walking right target making point aim directly follow around 3 full second know sure stim successfully applied straight taken melee hit higher difficulty really injecting people worth effort insane think something really intuitive clean quick impressive bad functionality imagine playing game like overwatch zarya's ultimate hard hit needed 3 second aiming definitively get wanted go instead projectile always clipping random terrain prop hitbox hero would suck entirely see play can't instant fatshark really want animation part skill use least let lock randomly cancel add progress bar like lever objective,negative,negative,negative,negative
Reddit,Warhammer 40k: Darktide,8 10 auric mission completed row without dying untouchable operative penance joined match progress even spawn went straight loading screen mission failed screen team died ever spawned counted death wiped progress penance go fuck mad ignore delete rule update never use reddit apparently get comment post notification mobile labeled title post kept getting notification saying fuck understanding least that's one fun thing come shit,negative,negative,negative,negative
Steam,Warhammer 40k: Darktide,fire ceo executive insane killing something huge potential 100 leadership gameplay excellent ambiance great scenery incredible get setting right begin feel like thing focused making sure in-game cosmetic purchase work 100 percent high price fixing bug expanding game goofy need build product like longevity mind seems like least concern,negative,negative,negative,negative
Steam,Warhammer 40k: Darktide,"rewriting partially 07.10 2023 decided return check changed year consider buying would say worth base price low expectation gameplay slap system around flawed one way another lot thing weres bad release changed game still pretty far ideal plus f decided double dip mtx shop selling skin costing roughly 12 one character forget year since release game finally reached mostly release-ready state 11 month work slow clap let get straight fatshark company lying regular basis fatshark straight lied advertising lot promo material weapon cosmetic unobtainable game launch ability obtain premium currency gameplay removed sneaky enough edit discord post right release crafting system supposed ready release added several month later promised story used dan abnett big name promotion fact story exist aside couple cutscenes weapon modification system scrapped can't attach flashlight bayonet gun get better scope despite apparently work long ago modders able restore maybe f go eventually release game happened 30.11 2022 actual release miss key feature game stability absolutely awful probably already realise 54 time review atm year later relatively smooth sailing releasing game state awful idea year later crafting notably improved new player met wall grind get proper rolled weapon find good blessing library game still division 2 level loot stats distribution making weapon bad base stats garbage even property perk amazing still addressed game still want check shop per hour amount content still questionable much less game currently feature 4 class 3 subclass making 12 opposed 15 free class v2 release amost every map game reused fragment another map location essentially weave v2 map run backwards also much copypasted sequence like defending hacking servo skull killing small daemo-grown tentacle two appear lot map mostly case v2 event unique tied map plus almost weapon 3/4 character literally weapon every class access couple unique item generic rifle ax sword class diluting loot pool ogryn get full set unique weapon limited option sadly im rewriting f added almost nothing new weapon department year work described problem still apply least reworked weapon stop bad game still reek effective management player engagement retention year later also game shop exploiting fomo allow buy item directly instead forcing buy aquila pack spending aquila cosmetic still true year later becoming worse introduction premium skin popular regiment like steel support b vote wallet skin game worth 10 also give insight initial backlash mtx addressed promised add 100 aquila bundle would solve problem shop.it added hidden shop show try purchase item missing 100 less aquila convenient eh ingame mictrotransactions shop taken directly fortnite similar game displaying one set cosmetic character time got swapped 7-10 day initially timer removed community backlash still exploiting fomo fooled also added convenient bundle buy expensive skin set direct price 10,5 per skin dinda funny initial negativiy head studio said interview simply forgot release pack course totally believe anything less luxury pack still need sit shop calculator try figure much want spend much unused aquila sitting inventory finished clarify yes game released poor tech state missing feature lot map reuse asset literally part level move backwards core mechanic didnt finished mtx shop ready use spew 2 set skin 2 hat class every week kinda ironic aldo adding latest datamine showed around 150 entry cash shop interface including full set weapon skin separate piece worry fatshark loaded shop long run tldr shop using predatory anticonsumer mechanic support dont give money yes people really need admit tencent got hand share f changed worse google chairman board chinese go non-executive whole bunch staff level infinite studio listed credit darktide case know level infinite studio help design monetisation tencent owned project original studio can't make putting blame ofc amount incompetence seling okayed studio head honcho guess say thanks appearance implementation mtx vermintide 2 darktide thing broken core gameplay combat fun vermintide 2 added gunplay everything else surrounding core gameplay smell bad progression system monetisation craft game challenge clearly desinged premades mind good luck randoms solo put finger find broken way even lot basic qol feaatures gone combad bug fixed much smoother launch still last paragraph applies mostly unchanged game manifest wrong gaming industry nowadays barely playable unfinished release already loaded microtranscations mechanic tailored make people stay game 200 hr game roughly 2 piece gear per class actually good everything else pile blue garbage fun agency term equipment current loot progression somehow still much worse v1 v2 respect player time maybe need another year address remaning problem",negative,negative,negative,negative
Steam,Warhammer 40k: Darktide,longer good faith wait game improved crafting update delayed 1.5 year counting promised solo mode update never new class quarter lie new map live service game cosmetic cash shop updated regularly though incredible disappointment incredibly promising game,negative,negative,negative,negative
Steam,Warhammer 40k: Darktide,edit class overhaul patch october 4th game improved quite bit past big update every class good amount variety want build around character playstyle addition difficult mission via auric maelstrom also appreciated balanced change mostly good however game start marking game early access title clear indicator fatshark's greed money crafting still heavily reliant rng slog get weapon actually want increased pricing cosmetic along screwing pc playerbase providing way aquillas xbox player community get insulted cm called pearl clutching game made step forward back one best horde shooter set warhammer 40k universe might consider buy changing positive review lie false pretense f brought light can't bring support kind marketing even hour sunk game deemed fully operational cash shop work like charm update without issue necessity list thing thought needed need mission select need campaign need story hired 40k writer need weapon shown gameplay trailer need 70 plus weapon promised need 5th class like vermintide launch need 2nd 3rd career like vermintide launch need crafting like vermintide launch need promo outfit need enemy shown trailer need run 30 fps even 30 series card need pr post outside discord need finished launch need basic mob patrol need better spawning need scoreboard need penance require griefing entire team need shared inventory character need shared set weekly character need unified currency need crossplay game pas user need launch stabilisation need option disable rtx need prioritise core feature virtual store need option unlock store cosmetic in-game earned currency need fix crash game crash store need positive review score lead designer f think armoury shop map rotation crafting system fine even though people except improvement regarding issue communication nonexistent,negative,negative,negative,negative
Steam,Warhammer 40k: Darktide,✗ day 1 optimisation ✗ day 1 promised feature ✗ day 1 mostly bug free 🗸 day 1 full featured 100 bug free cash shop,negative,negative,negative,negative
Steam,Warhammer 40k: Darktide,update dev blog maelstrom 4th august 2023 long-awaited communication developer clearly revealed game continue unfortunate direction plentiful feedback past month major pain-points acknowledged announced plan address leave much desired seem outright disrespectful dwindling remaining player base statement original review still painfully true qol added update terribly slow poor rng design decision still predominant new content still presented there's still roadmap kind recommendation stand look purchase discount interested treat investment developer finally catch-up potential year line original review recommendation held review 6 month release participated beta actively engage discord forum clocked nearly 550 hour got achievement easily play hardest content currently available find actual gameplay unique personally enjoy greatly recommend spending money game current state make neat somewhat short game launched poor technical state lot optimization issue addressed many still reported forum might one unlucky advertisement game amounted little truth content launch repetitive artificially bloated new content coming painfully slow fails satisfy impress key selling point live service model upheld game get regular update majority fix balance however new class spoken since launch new map released shortly launch two coming one gated behind community event total 2 new weapon 6 month rest variant existing item game's design philosophy heavily dedicated rng multiple 7-8 case layer certain game mechanic extensive thread forum one interested qol respect player's time minimal present mission selection completely player's hand qol improvement worked there's lot left done community engagement poor fatshark failed acknowledge majority otherwise often fed back issue way due fault community manager rather seemingly anti-consumer corporate policy roadmap presented initial content planning quickly reverted first backlash game updated even spoken since paid cosmetic shop launched literally day release prior immediate patch gameplay update cosmetic hit miss cost real money obtain cannot obtained via in-game currency cosmetic added latest reject unite content release obviously re-skins lower quality premium store sum recommendation wait interest 40k horde shooter game wonderful core gameplay loop suffers immensely poor design decision lack content dwindling player base historically accurate fatshark release previous title similar lifespan game stand scrutiny deserve purchased anywhere near full price let alone supported cosmetic purchase,negative,negative,negative,negative
Steam,Warhammer 40k: Darktide,update two year maybe fix come always late feel like unfinished game every moment play still run like shit need mod coop game fun,negative,negative,negative,negative
Steam,Warhammer 40k: Darktide,delay beta still came complete unplayable piece sh ater 2 week preorder saw bad performance often game crash fuc given game come without single crash performance fix instead add comsetic shop spend real money 2 week release still crashing every second game like beta constantly droping fps 120 40-50 getting dcd server crafting content 2 mission bos guy nothing epic repeat every 5-7 mission day long laging crashing think game dead 1-2 month update 3 month new pc 13600k 4070 ti still crashing like trash 1 mission 2 crash,negative,negative,negative,negative
Metacritic,Warhammer 40k: Darktide,weak 3 best game pretty barebones compared game set function promised game one well implemented like genre vermintide 2 better game ground game could enjoyed friend one going trick three people buying game friend re-think friendship,negative,negative,negative,negative
Metacritic,Battlefield 2042,battlefield 2042 absolutely pushed back ea dice point 2022 instead version game currently available virtually unplayable time since first releasing even beyond though key design change dice made battlefield 2042 feel better rather improving core battlefield experience fan loved battlefield 3 4 bad company 2 2042 bloated husk former self trying recapture semblance previous glory fan playing series well decade battlefield 2042 massive disappointment struggle think even worth saving,negative,negative,negative,negative
Metacritic,Battlefield 2042,destruction still cool end give creator credit fact much marketing-washed akedo moment everything else made good battlefield completely missing chase record-breaking size player count really poor substitute well-designed map rich content form game mode certainly substitute original class system gameplay always relied first place issue,negative,negative,negative,negative
Metacritic,Battlefield 2042,’ looking enjoy next battlefield title turn back next patch slated arrive another month next content update release time ’ going 2042 earn right called true battlefield game ’ best wait smoke clear dice fix major bug maybe even wait go discount spending 70 game,negative,negative,negative,negative
Metacritic,Battlefield 2042,devs involved making atrocity fired never allowed anywhere near game development word describe truly abysmal game,negative,negative,negative,negative
Metacritic,Battlefield 2042,really bad everyone say ’ glitch fixed game make play “ specialist ” hero honest got game 25 ’ even worth unless completely away specialist add back class add team death match breakthrough rush add scoreboard hardcore mode remove weapon bloom entirely remove invisible wall litter map give future dlc free game never recover genuinely feel bad people bought 70 ps5 map complete garbage well mostly flat like everyone say really ’ even finished game game scrapped launch remade completely dice completely ruined battlefield battlefront inside 4 year expectation “ brutal ” whiny devs say realistic could ’ literally given u battlefield 4 remake map graphic 2042 new weapon everyone woulda happy ’ low bar far bar developer actually fell tried make game everyone play battle royal battlefield fan never work 2 different type demographic want different thing people buy battlefield play battlefield ’ freaking hard understand trying combine want 2 freaking game mode main game really terrible project management ’ even count hazard zone dice internal report already given account one playing anymore trying 1 match really see trace 2 different game nothing one trying cool edgy hip actual battlefield sadly suffocates real battlefield one happy everyone liking giving kudos portal mode prof point could remade battlefield 4 better graphic map weapon adulation fan 0/10 pro cool graphic effect portal con literally everything else verdict complete waste money time play anything else wanted play dumb dumb specialist would play literally hundred lame battle royal game flooding market battlefield,negative,negative,negative,negative
Reddit,Battlefield 2042,edit thanks effort u 007silvertoe community survey based list please find time go take give post upvote dice see seeing people genuinely enjoying game that's great want 2042 best game sheer amount shit that's either missing downright worse astounding go clarity talking base game content portal although much list applies core feature single-player story campaign mode standard server browser fewer standardized game mode can't even play tdm smaller scale mode without relying community server really standard hardcore mode conventional scoreboard persistent lobby seriously matchmake every round class system less character customization option bf5 profile progress stats page menu battle log stats tracker player global leader board dog tag still sort exist guess custom emblem cross-game profile screen bf 4 hl 1 v linked menu owned digitally neat feature spectator mode permanent community server would useful clan event test range one sort compensated single payer server v bot infantry gameplay fewer gun even including portal gun bf4 still launch fewer infantry gadget manual leaning diving swimming moving prone ad high wall vaulting crouch sprinting backwards prone explosion knockback rolling falling height spotted indication ammo health pickup teammate scope zeroing tiered reloads paused reloads thermal optic indirect fire gadget less anti-tank launcher come man one lock-on launcher m5 work soflam requires 2 people ap mine claymore suppression mechanic one mind including everything first person takedown animation whether downgrade debate think vehicle fewer vehicle type separate vehicle progression per faction even though functionally identical ... naval vehicle cannot spawn passenger seat transport round start vehicle gunner direction indicator lock direction indicator unoccupied seat indicator friendly vehicle vehicle enter exit animation less vehicle driver pilot customization option tank zoom customization option heli gunner secondary weapon separate heli fixed-wing control rocket impact reticle helictopters option toggle tank turret decoupling control input looking behind free looking aircraft bf1 v pilot one gonna absolutely suck guy joystick non-generic gamepad support general consensus seems helicopter fixed wing flight model step bf4 scoring system squad wipe scoring player damage point vehicle damage point vehicle kill assist point laser designation kill assist point headshot bonus long-range kill marksman bonus assist count kill bonus multi-kill bonus killstreak stopped bonus comeback bonus squad objective play bonus oversimplified teamplay scoring e healing teammate always give flat 5xp rather based much heal squad teamwork commander special squad call-in ability squad field upgrade in-game voip coming soon tm fewer faction almost nothing give 2 faction distinction cross-team chat team changing create new squad option option switch squad self promote squad lead using request order clan platoon coming soon tm view squadmates spawn screen smaller squad size medic incoming indicator downed state added rank name icon number map lack persistent server lead poor map rotation fewer base game map including portal map static weapon emplacement fewer destructible building poor balance vehicle infantry gameplay infantry focused map game changing levolution absolutely zero cover capture zone poor spawn point constantly spawning open visible enemy fortification building given open map could super useful fewer urban area naval map ui quality life less control customization option less ui customization option hud icon opacity customization hud scaling customization option mini-map zoom scale elevation difference indication enemy mini map gunsight reticle customization option network performance graph individual player scoreboard ability zoom spawn map less ultrawide monitor support hud ratio locked 16:9 poor friend joining system lack server browser make playing 4 friend completely impossible coming soon tm poor console aim assist big fat fuck console player dice hopefully come d1 patch fixed game crossplay toggle option change global console setting fixed general consensus seems audio design bad especially compared bf3 bf1 3d soundscape almost non-exsistent less impactful soundtrack menu music dull repetitive end round music dull uninteresting compared bf1 v big downgrade end round voicelines tone-deaf awful can't describe much hate tried keep rest list objective add guy understand special thanks u mikelowreyatl post well also check u greenymyman video good visualization lot thing disclaimer point necessarily belong game arguably removed good reason wanna make clear 2042 could much better qol gameplay game really feel like hastily slapped together without attempt improve innovate past idea almost like many core feature afterthought big selling point like tornado 128 player server important forgot flesh smaller detail portal really saving grace shame rely heavily user-created server fill many gap missing base game portal going going hold status forever edit wrong guy think anything else post comment edit edit 2 reorganized list legible coherent edit 3 y'all given idea going set reminder repost list 6 month time compare game hold much fixed love guy follow along edit 4 guy stop award 69 edit 5 added audio category edit 6 added map category,negative,negative,negative,negative
Reddit,Battlefield 2042,went everyone complaining holy shit can't even play game anymore matter day playing bf since battlefield 1942 first came stopped bf4 last one 2042 played 1942 vietnam 2142 bc bc2 bf2 bf3 bf4 little interest bf1 thing went 2042 hoping reinvention 2142 saw lot comment bf1 whole ordeal immersive decided give bf1 shot since already owned free understand people meant said 2042 felt soulless 2hrs bf1 get tonight played bf1 truly hard believe bf2042 game came bf1 clearly cash grab whole many studio worked say lot would many studio need work game especially one even single player campaign unless falling apart unbelievable poorly executed release ever cash grab game disappointment new world cyberpunk think ever buy game least 6mo can't believe paid 90 alpha test game edit know know preorder game saw different scenario get play supposed finished product immediately opposed ordering waiting bought first woke release day order ahead time get play receipt 6:22 early release day,negative,negative,negative,negative
Reddit,Battlefield 2042,always rack around 300-400 hour playtime per battlefield bfv one played immersive bf1 feature overall pretty solid entry felt complete bf2042 feel like chinese knockoff franchise,negative,negative,negative,negative
Steam,Battlefield 2042,uninstalling problem,negative,negative,negative,negative
Steam,Battlefield 2042,support alt f4,negative,negative,negative,negative
Steam,Battlefield 2042,fix game fix review wanna love game hard blue screen death restarting pc driver crashing unacceptable,negative,negative,negative,negative
Steam,Battlefield 2042,headshot damage reduced 3 4 shot kill game randomly reset weapon unlock progress seems like everyone know time seems empty like nothing map bought sale like 98 paid 2.49 something like cant get really tried second weapon reset,negative,negative,negative,negative
Steam,Battlefield 2042,seen enough waste time money turd unless ... 1 enjoy playing weather simulator 2 care jet 3 offended woke b 4 like idea opening multiple game launcher play game importantly 5 cheat software speed wall aim hack,negative,negative,negative,negative
Metacritic,Warhammer 40k: Darktide,basically unplayable spent 5h game bought release trying solve error even run one mission can't even connect lobby starting game getting disconnected game crash waste time waste money,negative,negative,negative,negative
Steam,Battlefield 2042,perfect game practicing uninstall speedrun,negative,negative,negative,negative
Metacritic,Battlefield 2042,battlefield 2042 technically unfinished game dozen problem visual technical level pose questionable gameplay change good bad still present dash fresh air great mode like portal hazard zone sadly many problem mentioned level really disappointing “ bloom ” shooting pose pretty bad experience overall really hard recommend anyone get patched get additional content future,negative,negative,negative,negative
Metacritic,Battlefield 2042,shame dice game belong trash tried twice open beta obviously 0/10 p plus free game nothing changed 0/10 nothing good game,negative,negative,negative,negative
Metacritic,Total War: Rome 2,rome 2 one biggest strategy game ever made right ’ worth money time software bug worst ai total war series dubious game design element crippled multiplayer … inevitable string update fix problem user mod take care rest unfortunately take month hurry wait least next spring,negative,negative,negative,negative
Metacritic,Total War: Rome 2,tw game love however like play ca dev ok also modern politics political correctness game pure please stop :/,negative,negative,neutral,negative
Steam,Wasteland 3,fun wasteland 2 really wanted love game ... feel like needed another year refinement released balance gunplay improve combat arena fix numerous gameplay ui issue forth let's start good though story definately interesting sending ranger colorado mission aid local dictator return much-needed food ... directive choose follow ignore there's really good original song graphic improved wasteland 2 without losing old-school charm bad combat gun stopping power combined enemy multitude health team least hard difficulty played mean there's nothing prevent enemy running past line tanking entire squad's ambush attack melee-ing soldier death unless attack crit tip put attribute point luck killing enemy feel like chopping tree dessert spoon add combat arena poorly designed often piece cover close enough shoot enemy forcing choose standing open getting shot dead half squad sit fight weirdly line sight broken doorway mean set soldier cover side open door can't shoot enemy unless another soldier already room main story good many different faction sadistic psychopath becomes difficult take seriously especially get past capturing first patriarch's three kid bit variety would made big difference mean variety costume psychopath wear,negative,negative,negative,negative
Steam,Wasteland 3,really wanted wasteland psycho game give town take care learn fallout 4,negative,negative,negative,negative
Steam,Wasteland 3,played game twice co op goody two shoe run solo play monster run sheer amount bug recommend game way perfect multiplayer near unplayable due got soft locked multiple time cause dialogue que quest trigger would trigger outside game-breaking bug sound bug graphical bug litter game well second biggest issue game unfinished insane amount cut content aware found many interaction felt really shallow suddenly writing would dip quality look wtf going however even finished part big issue find righting game take seriously enough sound stupid say like comedy sprinkled lot moment humor fit situation disservice event taking place game humor made sense subsided unfinished part game tho righting phenomenal enjoyed second dlc regarding last point like righting genuinely believe drop quality unfinished part cant help ask referencing zoophilia many time really necessary uncomfortable best even tho nerd recognized lot reference sheer amount alongside shallowly included exception specific one actually made really grading first wasteland game absolutely give prop devs got knowledge world really quickly without info dump feel like look lore previous game play one however lore fantastic know something specific wasteland series whole specifically game felt like consequence decision properly communicated co-op quest-line would reward u really powerful armor showed armor cutsceen protected lot skill requirement take assumed idea either quest line get armor steal kill everyone decided go second option armor un-lootable questline solo play would know armor coudnt pick suddenly became gradable lighter annoying side one one tho made quit game main story line try explain without spoiler put case spoiler playing evil character taken evil companion character character asks align another character b character kinda good side wanted betray shot character never taking side focused quest line character b game took sided character b whole party abandoned play-through entirely lost decision day prior spoiler think companion co-op bugged near never talk play time even played solo tiny drop better 1 character stuck mind due interaction character one people recruiting first play-through since im talking companion think fucking stupid forced 2 custom character party solo waste companion slot could allow hear bit ever rare dialogue bit frustrating part flaw genuinely liked game think whenever righting good exceptionally good found trying figure moral would result best people fun turn based game enjoyed time one game steel town combat gimmick go die ditch found trying think build create synergy's constantly music phenomenon except mic picked specific song fucking happy go lucky ear worm song issue mentioned found uninstalling game cause coudnt bear deal bullshit anymore,negative,negative,negative,negative
Steam,Wasteland 3,something happens want make game run console pc pc rarely good thing far worst wasteland game encounter sorted class seems like always encounter team rifleman knifers heavy gunner flamers etc grows boring meaningless time combat game boring besides sluggish slow graphic decent soundtrack nice especially slow country combat roadtrips story fine really engaging npc enemy faction ... non interesting wonder anyone inxile played original game guy played version wasteland version kinda suck better game,negative,negative,negative,negative
Metacritic,Wasteland 3,there's enjoyable often downright hilarious story that's strengthened deep gameplay however time find staring loading time becoming frustrated game's unstable framerate feeling baffled amount input lag display,negative,negative,negative,negative
Metacritic,Wasteland 3,wasteland 3 treading creatively irradiated ground nuclear post-apocalypse explored exhaustion video game elsewhere amount weird faction sex joke prevent feeling like aged rock band comeback tour tune still decent ’ youthful vigour,negative,negative,negative,negative
Metacritic,Wasteland 3,graphic looked like released 2012 gameplay's ok story engaging wasteland 2 biggest issue uninspiring visual style dated texture,neutral,negative,negative,negative
Metacritic,Wasteland 3,"wasteland 3 tragic affair let ask question first important aspect able play course hey credit due let's talk game's strong point term rpg experience wasteland 3 simply brilliant rpg element skill check etc seamlessly combined fun combat system many different weapon item special ability non-linear gameplay wasteland 3 offer many many different way fun .

... actually play technical standpoint wasteland 3 utter complete disaster like ps4 version previous game wasteland 3 continuously test patience slog game's numerous glitch bug course crash initial enjoyment game turn first frustration later hair pulling anger finally nail-biting terror struggle throw controller floor wonder ai controlled companion disappear without warning curse heard space try move character simply refuse budge shot enemy despite range fully loaded weapon pulse rise wait horror wondering game crash cost hard earned victory spent 10 minute win oh mention crash oh yes game crash time every 30 40 minute game crash area transition forcing restart game time review wasteland 3 six month old fix fact fix anything every time developer release patch fix something end breaking something else appears developer despite criticism wasteland 2 terrible launch subsequent technical problem especially ps4 learned nothing much hire programmer actually competent program game know actually playable state cannot recommend wasteland 3 broken state despite 6 month old exaggeration say unstable game ever played ps4 . ... well besides wasteland 2 course simply cannot release broken faulty product responsibility costumer long-term fan least game break every half hour game less stable alpha protocol time consider career change",negative,negative,negative,negative
Reddit,Wasteland 3,patching game weekly many bug,negative,negative,negative,negative
Reddit,Wasteland 3,performance issue annoyed even laptop game rarely crash issue though fast travel broken travel waypoint likely call tow truck return base oddly enough feature working beta much need fix game first,negative,negative,negative,negative
Reddit,Wasteland 3,ah yes game definitely gonna fixed,negative,negative,negative,negative
Reddit,Wasteland 3,got dlc going fix crash issue seems little important,negative,negative,negative,negative
Reddit,Wasteland 3,buggy even year release,negative,negative,negative,negative
Metacritic,Cyberpunk 2077,"writing review game crashed 1,000 th time know got real problem good gaming session get 3 crash hour game interesting world story that's absolutely ruined technical mess everything else car drive horribly ai act horribly random bug everywhere course god help want spend twice long game replay much due crashing",negative,negative,negative,negative
Metacritic,Cyberpunk 2077,buggy every hour spent playing game spent 10 minute googling bug fix,negative,negative,negative,negative
Metacritic,Cyberpunk 2077,game one biggest waste time life tried hype internet finally playable actually fun found 20 hour trying fun although almost serious technical problem anymore game boring hell promising anything far gonna change end game actually hundred hour long movie get bored death people talking thing care keep skipping part finally play last 5 minute find nothing driving lifeless street shoot stupid enemy come dialogue time follow talk get car needle talk go beg like come oon game let try new gun found please nooo dialogue give story want fool around city nooo silent can't fun character met game phone text choke needle information thing zero interest clear interesting part game clipped technical issue left empty shell nothing good graphic hype can't play game anymore,negative,negative,negative,negative
Metacritic,Cyberpunk 2077,boring bad history bad rol game adaptation broken 2023,negative,negative,negative,negative
Metacritic,Cyberpunk 2077,one worse game ever made cdpr hack adam kicinski fired abomination,negative,negative,negative,negative
Metacritic,Cyberpunk 2077,playing 24 hour hour experiencing image distortion blurring vertical stripe screen effect similar blurring johnny silverhand's character mini map also falling apart accompanied terribly annoying sound effect f game came 3 year ago there's bug make impossible play cdp red serious,negative,negative,negative,negative
Metacritic,Cyberpunk 2077,still one worst rpg ever released 2.0 update finally added dlss support unless top end state art 4000 card ... send fps plummiting 30 fps earlier version yes ... update nvidida driver 3080ti playing optimal setting according nvidia plenty bug map npc falling elevator still horrible car mechanic gunplay still bland boring find pretty ... still boxy mess stuff simply make good game rpg change 2.0 make game worse many way half npc shooting longer even gun dropping gameplay simply lacking maybe ... maybe ... bother full playthrough game 2077 modders fixed rest,negative,negative,negative,negative
Metacritic,Cyberpunk 2077,another overhype played game 2-3 month ago liked moved mfers hyped game bro there change game ultra easy item overpowered broken fanboying game overpromised pile garbage,negative,negative,negative,negative
Metacritic,Cyberpunk 2077,vulgar stupid linear bugged witcher 3 far far better,negative,negative,negative,negative
Metacritic,Cyberpunk 2077,game still bugged sound problem popping often graphic glitch,negative,negative,negative,negative
Metacritic,Cyberpunk 2077,basically choice main plot :( end case idiotic way allowing continue game main plot ending use save point return :( focused main plot suggesting hurry time ended seven hour ... dissapointed witchers plot brilliant marketing hype etc :( lack choice started see glitch bug game ton sometimes affect feeling game drastically :(,negative,negative,negative,negative
Metacritic,Cyberpunk 2077,one disappointing game ever made bug filled nightmare helped hide mediocre story hidden beneath pathetic,negative,negative,negative,negative
Steam,Cyberpunk 2077,real life's graphic suck choom,negative,negative,negative,negative
Steam,Cyberpunk 2077,dumb game bug since game released wth pre ordered crap small bug cannot continue load save waste time upset big part waited game fix bug 4-5 year bought phantom liberty another try ... piece sht suck hard,negative,negative,negative,negative
Steam,Cyberpunk 2077,david come back life 0/10 worst game ever played,negative,negative,negative,negative
Steam,Cyberpunk 2077,pretty big let-down excited play ui off-putting setting expected,negative,negative,negative,negative
Steam,Cyberpunk 2077,buy game absolutley terrible game cutscenes 6.2 hour aghaghghhh,negative,negative,negative,negative
Steam,Cyberpunk 2077,short incoherent story 0/10 gameplay 5/10 side mission boring campaign short expected tbh worth hype,negative,negative,negative,negative
Steam,Cyberpunk 2077,much recoil,negative,negative,negative,negative
Steam,Cyberpunk 2077,really good waste time fer sure,negative,negative,negative,negative
Steam,Cyberpunk 2077,review new player actually liked game gathered decent stack weapon stuff find gone update looking suck tremendeously earth logical reason anyhow ... review eventually new player well ... possibility stuff get taken away quite progress within game btw net recommend starting game option rather scrap,negative,negative,negative,negative
Steam,Cyberpunk 2077,game cursed buy play,negative,negative,negative,negative
Steam,Cyberpunk 2077,cyberpeak made cybercry,negative,negative,negative,negative
Steam,Cyberpunk 2077,game bug sometimes thats fine,negative,negative,negative,negative
Steam,Cyberpunk 2077,still feel unfinished janky ...,negative,negative,negative,negative
Reddit,Cyberpunk 2077,’ floaty handle horribly pc,negative,negative,negative,negative
Reddit,Cyberpunk 2077,blood black bugginess began suck began suck let's move crash crash feel body blue screen death feel like fall hype let anything body want play released game state get pleasure standard lately created part system uninstalled two day,negative,negative,negative,negative
Reddit,Cyberpunk 2077,think one crash 60 hour pc bug worse average witcher 3 gta te game launch downed 1920x1080 play full field view hdr everything high locked 60 frame never get much dip game actually look like ps4 horrified though artistic liberty actually look bad,negative,negative,negative,negative
Reddit,Cyberpunk 2077,"level 40 reached max 50 street cred beat pretty much enemy come yet still feel like missing something like playing game wrong one thing something like 500,000 eddy feel like playing game right there's way would much money granted loot everything mean everything break everything think ever sold stuff like twice also go gun shop neve anything better already pickup go ripperdocs never seem anything that's much improvement already feel like anything special ); short seem anything spend money there's armor 429/1135 finding armor cyberware brings actual armor rating 429 anywhere close capacity 1135 missing humungous armor capacity can't find way use finally there's carrying capacity say carry 409 kilo actually carrying like 95 break scrap whatever called everything pickup need better already carrying remember loot everything huge carrying capacity missing carrying something armor rating level 40 max street cred feel like better grip game feeling like missing much missing p rarely use cyberware unless called mission sure really get work game's walking step-by-step mission either",negative,negative,neutral,negative
Reddit,Cyberpunk 2077,game poorly optimized last gen console bug issue,negative,negative,negative,negative
Reddit,Cyberpunk 2077,entire world lifeless game,negative,negative,negative,negative
Reddit,Cyberpunk 2077,lol gamers stupid happily preorder next game,negative,negative,negative,negative
Reddit,Cyberpunk 2077,right bug get focus everyone act like problem game quality nearly every system mechanic feature game lower handful example game thing even worse technology fact c77 still hit rather serious inflection point speaks big fail quality huge medium tends take spend marketing game great way hedge bet still make money bad product also help grow grassroots seemingly fanbase dissent-clobbering need deliver statement explain conspiracy theory suppression bad faith argument muddying water providing cover,negative,negative,negative,negative
Reddit,Cyberpunk 2077,would say design choice precede mechanic would nitpick haha definitely see feature issue criticism mostly much stuff game feel like better version underlying reason thing like police system work way weird way commonplace feature various game get mangled shit interesting system ever personally happy cut game made ncpd another gang-like faction clear point exactly designed c77 always mediocre game better average narrative better average writing also lot small touch appreciate surprise player completely miss last time played game mechanic narrative much contention mass effect andromeda one learned fucking anything one either rehabilitate pig fun pig many positive quality still gonna pig,negative,negative,negative,negative
Reddit,Cyberpunk 2077,cyberpunk 2077 feel like upper-management forgot actually make working product time came closer closer full panic without unifying voice taking charge telling people task instead got released game mentality made witcher 3 fine gamers love u like bioware magic investor higher management high fume can't see daylight anymore heart breaking game mismanaged start end higher ups blame development team's anyway shape form wonder's given,negative,negative,negative,negative
Reddit,Cyberpunk 2077,cyberpunk cybershit,negative,negative,negative,negative
Reddit,Cyberpunk 2077,even month release genuinely make sad,negative,negative,negative,negative
Reddit,Cyberpunk 2077,tbh want cash-cow online probably gonna fix game might reason salvage cyberpunk,negative,negative,negative,negative
Reddit,Cyberpunk 2077,going say ... cyberpunk fiasco actually worse nm fiasco,negative,negative,negative,negative
Reddit,Cyberpunk 2077,saying lot know bug ain't problem fixed relatively easily can't fixed easily mediocre gameplay system fact bug blessing game deflecting attention away gameplay,negative,negative,negative,negative
Reddit,Cyberpunk 2077,hyped want play right away may wait thing get better disappointed hear cyberware ’ implemented well really looking forward,negative,negative,negative,negative
Reddit,Cyberpunk 2077,lead game spawned two car far front 10 second reaching finish line ended third without anyone passing since start frustrating,negative,negative,negative,negative
Reddit,Cyberpunk 2077,fart bathroom mirror describing game toilet,negative,negative,negative,negative
Reddit,Cyberpunk 2077,pretty sure pc player like finally game that's optimized pc using chance shit console pc thing good performance done throw light empty game,negative,negative,negative,negative
Metacritic,Days Gone,sordid state affair lead believe day gone either rushed sony fill gap release buy time like last u part 2 bend studio veteran psp p vita title simply cannot develop bona fide console,negative,negative,negative,negative
Metacritic,Days Gone,day gone seems taken many cue last u uncharted fails match standard thrilling chance battle freakers punctuated meandering dull flashback chat wife bookended abrupt loading screen one mission even forcing u pick flower,negative,negative,negative,negative
Metacritic,Days Gone,one worst game ever released far play sudoku instead miserable existence,negative,negative,negative,negative
Metacritic,Days Gone,technical worst game ever ps5 20 second cutscene loading glitch,negative,negative,negative,negative
Metacritic,Days Gone,video game another long tedious trend interactive story waste time people whose time worthless may think purchased zombie game becomes clear skipping numerous cutscenes people reason care play crappy motorcycle chase lead zone use witcher sense whatever calling detect clue allows find person looking triggering yet another cutscene may indeed zombie gamplay zombie game know time valuable find immensely frustrating wasted purchasing supposed video game expecting game wanted make movie gone film school,negative,negative,negative,negative
Metacritic,Days Gone,ordinary zombie game without unique style design without interesting character plot mediocre gameplay game cause emotion desire continue playing deleted 3 hour want play really addictive unique zombie game incredible atmosphere addictive gameplay good storyline great soundtrack play dying light 1 instead,negative,negative,negative,negative
Metacritic,Days Gone,played game ever made confirm one worst writing game offer,negative,negative,negative,negative
Metacritic,Days Gone,game mess dialogue comically bad gameplay boring,negative,negative,negative,negative
Metacritic,Days Gone,really dont understand people see 5his game dont story boring protagonist boring side character boring open world bland nothing explore,negative,negative,negative,negative
Metacritic,Days Gone,game terrible unimaginative rehash survival game lot frustrating bug repetitive game play uninteresting character storyline think game needed least another year work released,negative,negative,negative,negative
Steam,Days Gone,another game fully enjoyed ps4 come pc right time purchase play 4k ... well guess refunded due intrusive data collection drm game force accept way accept forced playing key logger attached active regardless game active includes visited website thing made refund horizon zero dawn part term accept limited option also taken screenshots thesis term show blatant clue attach review network data information device's network connection mobile ethernet wi-fi bluetooth including ip address number requirement speed connection configuration data information device's configuration manufacturer model number processor display size resolution date region language locale capability security data information necessary detect investigate malicious unauthorized fraudulent activity legal data information required applicable law demonstrate compliance stated squash bug .. crash log albe opt sharing info im seeing pattern sony game intrusive albeit hidden wall text thing ever seen would reconsider buying could disable data collection reallocate fund yet different game believe confirm later game also ported chinese developer virtuos know stigma surrounding chinese company tencent know selling data tell need know,negative,negative,negative,negative
Steam,Days Gone,invaded sony's data stealing tracking antic guide window 10/11 press window key open search bar type window defender firewall press enter navigate outbound rule window defender firewall window click advanced setting option select outbound rule select new rule right side panel keep program selected hit next find day gone file path copy paste program box exp d: steam steamapps common day gone hit next select block connection option select option domain private public hit next name rule sony eat fat k press finish sony longer track steal data cheer,negative,negative,negative,negative
Steam,Days Gone,noted others mentioned privacy policy extreme term data sent machine watched see much data sent received noticed large spike data sent upon closing process consistent game log system spec information limited data option like lack transparency refunded game,negative,negative,negative,negative
Steam,Days Gone,collecting data game running prevent hack single-player game think tim,negative,negative,negative,negative
Steam,Days Gone,control data transmitted use file poa connection information visible wherever go nothing new day gone requires submit data collection limited capacity full ok rebuttal comment inherently flawed going nowhere real argument console exact component mac address issue network address talk computer data collected hour played time spent menu personal information spending habit category genre much realize plug play game problem hybrid class millenial quite boomer definitely zoomers position fly 1776 flag defend freedom e resort vegging weekend playing game forward profiled even know give resume prove anyone anything people fighting arguing literally idea talking justify oh already 99 retort complete misdirection browse review see flat racism rudeness literal toxicity reason someone told truth point honestly think brain collecting tremendous amount data improve 1 game wrong professional know exactly data average internet user video gamer 0 clue that's point put cc play told play shut hyperbole turn brain get drug spend money wisely studio protect data data transmission ok normal forced collection unclear read privacy policy get legal terminology redundancy see exactly may collect issue collection issue clear choice outcome specific involved collected hope help actually read,negative,negative,negative,negative
Steam,Days Gone,reason give big term recommendation absurd intrusive data collection stopped blocking firewall big no-no,negative,negative,negative,negative
Steam,Wildfrost,front like game fun moment major problem reason can't recommend current state others mentioned game massively overtuned love good roguelite deckbuilder made level ascension sts decided fun made mid covenant monster train 9 think maxed every race overall would say reasonably skilled player genre one though can't figure lay issue game apr 12 2023 ): list area far short able add maybe 2 3 normal card deck possibly get charm two probably add 2 companion face first bos give little time opportunity modify meaningful way make easy rng really wreck run even normal monster bit overtuned far unforgiving early run single small mistake second enemy wipe get past first area fairly reliably second area completely take apart find reliable way get first section using high health companion steady defensive play style swapping companion dealing consistent damage behind couple tank second area punishes playing style far seen get one two biome second area poison fire equivalent rather poison simply overpowered hero get hit couple stack basically dead since healing relatively difficult without able pull back deck fire area seems need able deal consistently high damage specific target failing cause side grow control area also cause powerful ability barrage become huge liability list devs really want love game mechanic lot fun visuals great ability usually feel really good sheer difficulty feel like unfairness game leaf sour taste mouth,negative,negative,negative,negative
Steam,Wildfrost,one's tough say many game love game play ton deckbuilders one exceptional hard thing pull trigger think game rewarding certain point along rather glaring flaw think hold back fun play good charming adorable art style absolutely love pay real charm put phone bag soundtrack cute never get old imo whistle main menu theme time easy play tough master good snowballing run work fucking work nothing satisfying getting perfectly overpowered run good strategy mechanic love love love managing 2 different lane moving unit around optimize turn well done bad way say anything deck bloat becomes mandatory run miss map reward get rid 2 possible many card need want get rid dozen run end draw needed due bloated deck avoid reward battle one could nitpick admit amount card charm get map shop good amount even tough nail game like slay spire give card something beat fight fight game fucking hard barely eking win feel bittersweet see there's nothing map help get useless card charm rng sense progression comparatively little time look getting gilded frame true ending beating final bos bad bell cool telling unlocked 3 map event 3 deck handfull companion pet arent hard get progression end there's nothing grinding true ending game everything town unlocked charm dont super count thing could barely see across 10 different run rewarding either feel like game beating as trying play ridiculously hard encounter amount flat dp check deck snuff end run way puzzle unrewarding long haul gameplay way lack control usually feel deckbuilder like kinda think wildfrost hard sell difficulty need major tuning personally think stand next big one like slay spire monster train that's one humble woman's opinion game fun game good encourage least try sale get money back like edit coming back say final bos mechanic novel create unbeatable monster punished subsequent run well previous one feel bad,negative,negative,negative,negative
Steam,Wildfrost,rating positive enjoyed time game appreciative continued work devs provided game numerous complaint someone 1000 hr deckbuilding roguelike genre need write sanity least important 1 turn visibility player game abhorrent compared others genre slay facing 40 damage attack ironclad 50 health know survive reduced attack enemy intangible etc whatever damage monster head taking hard mental math turn-per-turn monster train active damage preview showing player unit die take x damage player click end turn button wayy many run game feel like lose error mental calculation juggling order operation potentially 12 unit effect x unit dy who'll hit instead etc since ink remove wild keyword boar fight cancel multistrike since got keyword begin one way find ... dead whereas slay character say like 40 hp room experimentation game mechanic mid-run without outright potentially run-ruining oh think worked like oh well took 4 extra damage needed often juggling unit game small single digit hp many time literally 1 hp constantly teetering smallest screw misinterpretation game mechanic order operation mistake flush 30 minute run moment mentally draining driving reason behind many negative review many casual player captivated approachable art-style bounce game quickly lose want put bad position taken x card gotten crown get unit play faster taken muncher thin desk make consistent protect bad draw etc game need preview turn button per run redo turn idk something turn via skull something want og experience similar injured companion change 2 lack individual run variability special event slay spire monster train encounter random event room help spruce run serve important role throwing curveball player building towards deck x synergy event room offer special card item know offered engaging player slay certain artifact event may encounter every hundred run run remember certain point end going motion think lack sort random event encounter major drawback encounter always goblin money win choose path 3 reward rinse repeat saying core gameplay loop fun absolutely need variability could take many shape maybe 3rd path sometimes encounter clouded gamble get random event mentioned maybe path encounter offer miniboss encounter offer unique reward unit loss permanently gone etc etc something separate one run next besides inherit deck synergy building implied part genre 3 postgame incentive continue playing enjoy run game intrinsic value think need something else besides card frame 4 charm random variable usefulness straight getting durian balance charm multihit turn losing run booming success getting yank bread feel like legitimately got robbed reward whatsoever think game need internal tiering charm common uncommon rare either common uncommon rare gacha machine put x extra money guarantee certain level chance common uncommon rare show hover machine know something hell even option sell charm want shop stop giving yank charm obviously charm can't winner would make game easy getting bad charm early feel crippling 5 need dialog box pop informing player unequipped charm prior entering encounter lost multiple run picking charm holding equipping see unit get offered case want put new unit forgetting put prior encounter 6 need way player see charm go card prior purchase charm merchant moko charm 1 frenzy 1 attack 1 hp can't go snoffel presumably since attack way verify prior purchase 7 fact greed attack bonus actively tracked attack stat enemy unit greed straight dumb hell said art-style great vibrant captivating playing game core enjoyable sound effect visuals deck building fun present know people always complain balance roguelike deckbuilders considering 3 different clan unique synergy many boss think bad never felt like outright lost encounter way around x definitely gone fight knowing bad match-up turn 1 draw never felt like outright lost preview hope game improved time maybe another clan added,negative,negative,negative,negative
Steam,Wildfrost,uninstalled point going thing right front probably play fast know thing game kill lot almost always could survived noticed one icon card somewhere problem game demand perfect perception time punishes ending run miss small detail even one previously encountered foreseen unfortunately also make perception super difficult lot way lot card effect obfuscated icon card easy overlook looking fog lot effect common least common enough name type game named thing looking teeth shroom etc stack game demand much player give still find fun perhaps different can't recommend,negative,negative,negative,negative
Steam,Wildfrost,really really wanted like game look charming clearly well-polished forced engage give fair shot find far frustrating play recommend people experience wildfrost couple run working mechanic able get three win row incredibly broken deck made game feel easy ... win despite trying maybe 20 time can't gotten worse game playing longer ... forced confront design decision devs made game simply agree say skill matter game absolutely pay attention mechanic may get sticky situation otherwise experience wildfrost feel skill expression far overshadowed main problem game badly balanced rng throwing rng player make game difficult rng reward skill persistence even odds larger sample size giving player way offset control rng reward skillful decision-making wildfrost's lack control ultimately make far frustrating fun explain remember said far easier time winning earlier run unlocked fewer thing metaprogression therefore fewer card pool synergy game require strict deck building management use level needed win run ironically unlocking thing make less powerful rngods likely offer card way synergise current setup thereby losing run even play well seriously first 3 follower synergy deck throw run start wasting time otherwise game push hard one run mentality found hard believe there's run reset button pause menu play fair roguelike game pondering wildfrost's rng problem made think metaprogression mechanic roguelikes roguelites prefer use offset problem expanding rng pool 1 stat boost complete run gain incremental increase stats make objectively powerful previous run even get no-synergy build might still able struggle regardless problem making randomness obsolete lower difficulty problem sufficient difficulty customisation like curse bell reward time investment game giving straight-up power exchange 2 rng control roguelikes may give ability reroll mulligan randomly-generated choice still preserve random spirit roguelikes help even particularly trash rng even make rerolls involved mechanic rewarding player ability gain roll skillful play like letting buy rerolls in-game money better play money rerolls want reward skill expression choosing use limited resource necessarily result meaningful decision plus incentive get rerolls nice carrot dangle front player 3 risk management roguelikes give option make run harder wildfrost often also give kind bonus exchange harder run usually metaprogression currency wildfrost reward trying harder difficulty therefore incentivising get better rate control ultimately even lose run probably still get metaprogression goody would've dared greatly even failing feel good ultimately biggest issue wildfrost metaprogression feel weak nothing offset core rng problem exactly three fixed option make run pet take deck start curse bell difficulty modifier add run eeeverything else rng meaning understand synergy incentive keep playing hoping hope time start new run star align wildfrost's rngesus finally see fit let pick card need actually good deck fine game grind grind respect time investment 1 giving meaningful progression 2 allows properly express skill learned playing 3 give confidence play higher difficulty even fail wildfrost sometimes delivers 2 completely fails 1 3 kept entertained see coming back game like beloved roguelikes putting new twist genre formula mean one reason love indie game feel particular case lack feature standard metaprogression roguelikes like listed much wildfrost's detriment shame given pretty professionally made game obviously,negative,negative,negative,negative
Reddit,Wildfrost,hate makoko fucker good wish 10 card deck fuck u makoko hate u,negative,negative,negative,negative
Reddit,Wildfrost,fuck makokos attack damn fast,negative,negative,neutral,negative
Reddit,Wildfrost,everytime ugly fucker rear stupid head ’ enjoying game good time start seeing red pop fuck makoko hate,negative,negative,neutral,negative
Reddit,Wildfrost,feel hate run appears either lol lmao fffuuu middle ground,negative,negative,negative,negative
Reddit,Wildfrost,20 game though listed reason besides price want junk also said disappointed said thank sound mad,negative,negative,negative,negative
Reddit,Wildfrost,here's tip found actually scope hero 3 tribe check 9 choice make choice always get least 1 good choice rng aspect charm frustrating part beyond broken get insta win run others bad even use seem real way guarantee access certain charm except charm merchant giving actual choice much like wildfrost rng aspect make hard like deck builder usually rng card building deck rng addition charm bit much far rng go said 7 storm bell atm know everything game maybe others know way impact rng way also side note lot charm even worth unlocking imo felt like added bad option pool unlocking that's great feeling tbh wish unlocked charm good,negative,negative,negative,negative
Reddit,Wildfrost,suck bad game lmaooo beat one time good 40 run since sick build op never seen card duped nova,negative,negative,neutral,negative
Metacritic,Wildfrost,chance course correct game extremely unforgiving detriment,negative,negative,negative,negative
Steam,Final Fantasy 14,registration bloody nightmare,negative,negative,negative,negative
Steam,Final Fantasy 14,mmo okay strictly recommending purchase steam since complicates lot account-related stuff like wanted play another platform recommend buying another platform like website directly,negative,negative,negative,negative
Steam,Final Fantasy 14,absolutely unacceptable service support trying link correct square enix account steam waited 4 day support respond ticket closed without resolution paid money subscription can't even login right square enix account linked steam terrible system cannot recommend anyone,negative,negative,negative,negative
Steam,Final Fantasy 14,word much wanted play enjoy game tried get frustrated one worst login authentication system ever created multiple occasion come back play find account suspended locked citing potential risk account compromised suspicious activity logging still simple way reactivate account basically every game would inconvenience stupid system broken attempt reactivate account redirects login page stupid message account suspended email sent instruction reactivate email includes link back login screen apparently expected call spend time trying get fix problem phone buy game lose progress personally would rather invest time money game give shit player's experience plenty option,negative,negative,negative,negative
Steam,Final Fantasy 14,trying login game like first wave american storming normandy,negative,negative,negative,negative
Steam,Final Fantasy 14,anyone who's seriously mmorpgs final fantasy game like however play game casually isnt game despite fantastic game ton fun can't get behind pricing model buying game dlcs often full price still pay subscription access content paid definitely great game lot people,negative,negative,negative,negative
Steam,Final Fantasy 14,lost interest seeing slow boring play main story story might good overall although overrated 90 running back forward people loading screen read ton boring dialogue mention fetch quest absolute worst story gameplay pacing ever experienced may well visual novel mmo aspect great however much locked behind long boring story probably take least 400 hour complete story nothing story good luck staying awake got halfway third expansion realizing story less throughout worth ended switching guild war 2 enjoy,negative,negative,negative,negative
Steam,Final Fantasy 14,mostly idle time,negative,negative,negative,negative
Metacritic,Final Fantasy 14,mmorpg great potential sunken fatal bug error – first come catastrophic interface followed absence player-to-player communication issue,negative,negative,negative,negative
Metacritic,Final Fantasy 14,possible see anything different use famous brand like final fantasy new square enix production behind cool art direction ton weird gameplay decision lack content make moment surely inadvisable,negative,negative,negative,negative
Metacritic,Final Fantasy 14,lack character bare-bones quest audiovisual repetition fail instill sense fantasy wonder lack cohesion communication failure economic oddity stringent limitation leave constantly directionless lack joy abysmal interface boring monster make struggle stay invested,negative,negative,negative,negative
Metacritic,Final Fantasy 14,final fantasy xiv way shape form ready commercial release suppose potential line experience improve patch tweak justify game shamble launch,negative,negative,negative,negative
Metacritic,Final Fantasy 14,empty souless unfinished stay far far away disaster worst ui mmo history massive empty world filled nothing except cut-and-pasted terrain utterly boring quest system hilariously broken economy ah way search retainer .. could go ... clear buy pc version ffxiv paying square-enix privelige beta testing ps3 release,negative,negative,negative,negative
Metacritic,Final Fantasy 14,final fantasy chapter online done least brilliant case worst final fantasy ton really annoying bug restricting chat system many wrong idea demon happen final fantasy,negative,negative,negative,negative
Reddit,Final Fantasy 14,terribad english voice acting,negative,negative,negative,negative
Reddit,Final Fantasy 14,assume continuity lore error post -7.0 none new writer actually play game studied game's story prior writing thing make lot sense unfortunately square enix stated scion banner promotional purpose,negative,negative,negative,negative
Reddit,Final Fantasy 14,yeah sadly gone hades themis ...,negative,negative,negative,negative
Reddit,Final Fantasy 14,considered lot thing past ended nothing like massive expansion gc rank weapon display housing etc,negative,negative,negative,negative
Reddit,Final Fantasy 14,someone pvp entire season every day back s11 get hellhound helm really hate lot pvp reward associated cheater bad actor due prevalent community final conflict title stem se's horrible moderation ranking system refuse acknowledge hey affect bottom line could care less suppose,negative,negative,negative,negative
Metacritic,Battlefield 2042,huge fraud ea paid 100 € im supposed buy battlepass 10 € released barely anything nearly 2 year disgusting service,negative ,negative,negative,negative
Metacritic,Battlefield 2042,2042 biggest disappointment personally since play video game advertised ahead schedule broken launch 6 month release new content try call duty hero shooter element although battlefield gameplay completly fine false advertising bad managment ea reached unforgivable low,negative ,negative,negative,negative
Metacritic,Battlefield 2042,horrible map design bad game play launched state yet another time dice know player base simply caring,negative ,negative,negative,negative
Metacritic,Battlefield 2042,worst battlefield ever made futuristic bias 1 map design terrible 128p lobby map still big empty world 2 specialist one worst idea series becomes game soldier special power less tactic decision choosing gunfight sentinel ruin game everywhere traditional class assault suport engineer scout purpose game 3 many bug search online see hitbox terrible cant revive friend whenever die near wall etc 4 wacky controller console aim assist terrible wich make clear unfair fight pc player need press 2 button throw grenade 2 button throw medkit etc ps5 version released without haptic feedback support 5 voip wtf release tactical shooter without voip 6 scoreboard 7 map variety weapon shooter like battlefield released 20 gun 8) infantry based mode know bf series famous warfare gamestyle always infantry based mode tdm domination .. huge fan franchise disappointed criticizing game impossible fun,negative ,negative,negative,negative
Metacritic,Battlefield 2042,battlefield 2042 lackluster battlefield game bad fps general overcorrect battlefield 5 marketing criticized out-there cgi trailer clear battlefield 2042 even want beyond bland step back one hope meaningful content update later line ship sinking even leaving port,negative,negative,negative,negative
Metacritic,Battlefield 2042,battlefield 2042 nothing short rip-off scream ea trying see get away generation overpriced yet devoid content justify next-gen premium leave franchise fan feeling insulted make mistake anyone looking get battlefield look elsewhere risk letting lacklustre first impression sour perception otherwise one premiere first-person shooter genre frankly make 2042 lack content lack campaign lack polish frustrating battlefield's legacy deserves better ea squandering dice's potential launching major title clearly unfinished state battlefield 2042 beta masquerading aaa release,negative,negative,negative,negative
Metacritic,Warhammer 40k: Darktide,darktide ’ pulse-pounding action win lot fan feel like rush get door developer fatshark ’ include enough content darktide could best horde shooter need progression need feel little meaningful,negative,negative,negative,negative
Metacritic,Warhammer 40k: Darktide,due respect fatshark need relocated country developer actually work fresh hell guy 4 year mess copied system design fundamental enemy decisioning enemy type etc last game understand enough game development know mean free work backend put ahead almost company releasing game sequel number type thing transposed vermintide seems unparalleled industry yet somehow spend extra time gave above-average development time game optimization content fewer class vt2 game look better rtx lighting dark environment run 12700k 3080 nvme ssd sub 60 fps 4k even medium rtx 70 weapon mere variation theme story intro cutscene lead style campaign even f2p pseudo-mmos like warframe global agenda executed better shop ui ux simply scream intend fleece community post-launch maybe monetization model could've waited game know actually functioned comparable amount content last release point frontrun beta release multiple press statement setting expectation product time sit conversation ready go market sincerely hope darktide get pas simply genre that's going way rts last ten year game treated fairly fan medium release incredibly damaging brand guess need care tencent acquisition retention bonus paid probably lose half talent anyway keep working fantastic cash grab partner great job fatshark,negative,negative,negative,negative
Metacritic,Warhammer 40k: Darktide,overall game fun heavily pulled universe take place theory crafting build four mercs also fun however fatshark fun tendency break something every time put patch fix problem good looking cosmetic game locked behind microtransaction paywall exception cosmetic buy re-colours achievement armour console player got fat stack microtransaction currency aquillas apology server issue pc user got fugly looking armour steer clear get helldivers 2 allows earn microtransaction credit playing game be.game,negative,negative,negative,negative
Steam,Battlefield 2042,realy wish fatshark would replicate great model map gameplay different engine still sometimes play darktide 100 despite effing garbage engine use cant get stable framerate even lowest setting hit registration issue even evident given amount ranged weapon compared vermintide 1 new map sinsce release honestly realy like lot still awful bug performance issue also weird rendering smoke sometimes light ruining experience make thing something like unreal might even purchase something stupid cosmetic store,negative,negative,negative,negative
Steam,Battlefield 2042,magic wear start noticing infuriating bug special killing texture materializing thin air weapon firing whim really regret buying game wouldnt recommend anyone stage clearly focusing mainly selling ingame currency rather actual game really bad job hiding focus really,negative,negative,negative,negative
Steam,Battlefield 2042,game train wreck made majorly cut gaming improve actually got homework done started going gym made fond irl memory friend thanks dice,negative,negative,negative,negative
Steam,Battlefield 2042,game made realize relationship actually broken,negative,negative,negative,negative
Steam,Battlefield 2042,legit cant play game without either crashing completely rebooting pc,negative,negative,negative,negative
Steam,Battlefield 2042,mad wasted money,negative,negative,negative,negative
Steam,Battlefield 2042,roblox natural disaster survival game destructive tornado,negative,negative,negative,negative
Reddit,Battlefield 2042,sound fucking awful portal battle chatter twice loud someone shooting gun next absolutely zero grand scale feeling war shooter sound design implemented,negative,negative,negative,negative
Reddit,Battlefield 2042,kinda sad 100x better still worse bf3 4 sound design one detail notice fuck post scriptum squad best sound design seem game indie shooter ...,negative,negative,negative,negative
Reddit,Battlefield 2042,happy people like already uninstalled tbh really wanted like,negative,negative,negative,negative
Reddit,Battlefield 2042,’ fully lost faith dice,negative,negative,negative,negative
Reddit,Battlefield 2042,want even think next bf feel like game done random company f2p madness reused asset,negative,negative,negative,negative
Reddit,Battlefield 2042,’ sad angry ’ fucking furious cry time fuck stuff like allowed fuck dice release game ’ current state fuck,negative,negative,negative,negative
Reddit,Battlefield 2042,fuck hope someone dice read list realize much missed goal .. ill admit fun 10ish hour .. thing became obvious fun dwindled rapidly,negative,negative,negative,negative
Reddit,Battlefield 2042,seriously feel like started development like last year,negative,negative,negative,negative
Metacritic,Warhammer 40k: Darktide,lazy game design oriented around catharsis rather challenge made intention creating good video game profiting loving fanbase cynical lazy boring waste money sorry excuse video game,negative,negative,negative,negative
Metacritic,Warhammer 40k: Darktide,scoreboard boring weapon lack fun build route lot copy-paste vermintide 2 content less refinement depth gameplay plain feel bad fun 0 movement mechanic new sprint mechanic bulldozed map design,negative,negative,negative,negative
Steam,Warhammer 40k: Darktide,september 2024 unlocked loaded patch dropped darktide patch brought long long awaited itemization crafting rework included feature mastery system unlock weapon blessing removal lock crafting weapon fantastic addition game pre-ordered darktide 2 year ago november 2022 opportunity experience far game come unfortunately come nagging realization take 2 year development get game place that's worthwhile many feature since added year incessantly clamoured community sometimes modders would take matter hand create quality life feature part core game instance obsolete contract overlay mod released 2023-04- 27 would allow pull contract progress mid-mission took fatshark entire year include similar functionality path redemption update 2024-04- 16 something simple wanting track live progress grind mission seems like functionality included release scenario would someone b b want know performed enough scab melee kill focus dreg ranged kill perhaps there's someone enjoys inefficiently exceeding target additional reward ultimately there's theme basic quality life feature existed release incorporated year later although feature like numericui still awaiting official fatshark implementation maybe another 2 year disappointing modders would say gameplay experience would far worse someone ask whether would recommend vanilla darktide would say game's lifespan unlocked loaded update recent closing url grudge url feel like game worth recommending can't lie reluctant recommendation cautionary tale classic fatshark development curse look like vermintide veteran right along,neutral,negative,negative,negative
Steam,Warhammer 40k: Darktide,love game really huge 40k nerd love setting hell even played vt2 loved excuse game state wait go sale avoid entirely 6 month year even 40 worth money here's terrible optimization many player incapable running game acceptable frame able uncommon see complaint rig capable running much graphically intensive game well hundred fps struggle maintain 60 decreasing resolution lowering setting even mentioning inconsistent lower end machine running better several thousand dollar rig locking one's system entirely memory leak random client-side crash inconsistent best server nasty habit disconnecting people random time match preventing people even logging game attempt play better beta still common enough reoccurring complaint missing content micro-transactions game released half finished state even fully functional crafting system selling point game one walked back clumsily cm's promised marketing hype v delivered course december update believed game fully functioning micro transaction store several step back vermintide's system buying cosmetic direct cash one us premium currency recently employed fomo tactic placing mtx store weekly timer timer longer mtx store though stock failed refresh reason personally mind mtx store premium currency though preferred vt's implementation one implemented full release crafting system full arsenal promised weapon promotional trailer box art game supposedly 3/4 game slap face anti-player tactic many split implementation coherency mechanic present darktide many achievement penance character progression designed way encourages player either completely subvert nearly actively troll match accomplish can't completed without full stack coordinated player reward difficult thing participate difficult challenge moderately interesting t-shirt one team member many balance design account issue contribute beyond game achievement suggest peruse forum varied series account like lack either commensurate reward completing challenge beating optional boss completing secondary objective absurdly designed loot shop system completely rng weapon selection weapon stat blessing roll balance jank game's server severe issue hit-reg spawn janky inconsistent dodge dodge temporarily break tracking even far enough away enemy watch whiff strike take damage dodging ranged weapon break tracking get hit regardless key combat component function consistently suppression melee challenging shooter dodging disablers hit behind need turn around spidey sense noise triggering consistently etc game spawn enemy directly behind clearing area allowing enemy get free hit weapon powered across board make properly tuned weapon stand like op juggernaut many talent perk skill broken worded poorly function severely underwhelming veteran class dominates game one optimally tuned class solid answer everything despite marketed back line sharp shooter zealot psyker significantly nerfed since closed beta test stagger incoming toughness damage often put player death spiral higher difficulty due staggering movement preventing getting fire 12/15 20 zealot's ultimate fixed every class game barring ogryn nuke elite enemy faster dedicated elite hunter psyker blessing perk weapon counter intuitive useless like reload speed bonus weapon use ammo many many many issue suggest looking forum complete understanding zero endgame story one game's marketing tactic advertise dan abnett writer critically acclaimed gaunt's ghost's eisenhorn 40k book series wrote story game much like rest game story missing well spoil little provided fair say development team got confused implementing story implementing story board say without hyperbole read sparknotes detail complexity dan abnett wrote must've stolen basic outline wrote coffee shop napkin ran additionally reason max level character unlock whole talent tree get higher drop chance better weapon incentive money plentiful complete difficult mission get special mission new modifier best get decorative cosmetic changed voicelines among ambient npc hub area everything designed around artificial player retention level 30 player 30 hour character due rng may gameplay benefit level 30 player 300 hour personal skill withstanding 5 difficulty 13 map supposedly many thematically identical 40k supposed grim dark series wealth environment choose even hive city could've implemented introduce meaningful variety end could keep writing reason buy game many done already core gameplay loop amazing despite flaw year sure polish buy game fat shark already made two tide game second entry series prime example phenomenal change bad good team polished game significantly year progress gone stride made qol gameplay balance combat communication transparency etc washed away somehow third tide title taken 2 step backwards none forward entire community confused game turned fumbling community manager regard responding question criticism done nothing evaporate goodwill seed doubt despite hedge prominent community manager tell game early access played know regardless fun enjoyable may game finished even fun worth 40 stretch imagination buy like fun early access game beta tester want polished product left wanting suggest checking back year,negative,negative,negative,negative
Steam,Warhammer 40k: Darktide,emperor ’ name darktide beckoned u promise purging heretic darkest depth gameplay fierce graphic grim delight soundscapes echo emperor ’ wrath yet fatshark forsaken u compared relentless support vermintide 2 darktide's update meager leaving u wanting instead delivering new content fatshark flood cash shop ludicrously priced cosmetic grievous insult loyal servant imperium fatshark heed call emperor demand cannot recommend game,negative,negative,negative,negative
Steam,Warhammer 40k: Darktide,hi 100 hour review good devs bad executive explanation visuals audio gameplay top notch nailed 40k atmosphere gunplay melee visceral satisfying mission type fun need however problem thing happen outside actual match crafting scheme huge middle finger fatshark tencent c-suite straight playerbase timegating arbitrary lock system gaining blessing etc ... aimed artificially inflating play time ploy aimed hiding darktide's lack mission content synergizes cosmetic shop rotates one page twice month keep player stuck convoluted upgrade crafting scheme drip-feed overpriced cosmetic long get away else would cosmetic shop rotate slowly weaponizing fomo contrast vermintide 2 cosmetic available time shop also pay far less new class cosmetic v2 would simply cosmetic darktide almost seems fatshark forgotten lesson learned vermintide 2 unless course simply focused squeezing loyal fan worth lifeblood perhaps forgotten game get negative review darktide amazingly fun game hamstrung greedy tencent overlord crafting shop greed situation addressed review flip positive instant,negative,negative,negative,negative
Steam,Warhammer 40k: Darktide,used rng determine whether review game rng crafting rng upgrading system rng weapon shop offer rng mission selection rng mission modifier selection rng mission completion reward would negative positive,negative,negative,negative,negative
Reddit,Warhammer 40k: Darktide,3060ti crash towards end beta insane time behavior load game fine start mission crash load back reconnect good leaving mission smaller chance crash maybe 25 joining mission 100 time crash towards end beta load game crash load get past character select choose mission crash reload reconnect crash reload maybe reconnect still maybe ’ last day beta able get play 3 game back back game fun crashing insane beyond progression ’ feel rewarding played zealot level 10 gotten one cosmetic drop neither feat felt even noticeable game play core play great super satisfying combat lot working,negative,negative,negative,negative
Reddit,Warhammer 40k: Darktide,literally stance well always hate anytime situation like arises fandom give rise group take valid criticism personal attack begin vehemently defending downplaying flaw love game really need work rather disappointing time investment put game ’ released like,negative,negative,negative,negative
Reddit,Warhammer 40k: Darktide,got game super excited play fun crashed crashed crashed seriously played 5 hour total crashed least 10 time playable unfortunate time able get uninterrupted game time fun r9 5900x 3080 latest nvidia driver able deal game,negative,negative,negative,negative
Reddit,Warhammer 40k: Darktide,fatshark little bit incompetent that's understaffed size project y'know really care fatshark also passionate game trying make better respond community feedback best stay top game breaking issue know many developer bigger team budget high million shit broken garbage intentionally make bad game design decision leech money player day happily wait give fatshark time what's right darktide need fixing there's plenty good game fill void wait including vermintide 2 time fixed balanced fatshark edit point downvoted post longer agree said since read 4 discord post hedge addressing missing promised content like crafting 70 weapon since launch came beginning genuinely feel like fatshark care player base personally going play anymore darktide next couple week currently still eligible steam refund darktide fatshark continues current trend lying directly player base change behaviour 14 day pas refunding repurchasing game actually complete may never,negative,negative,negative,negative
Reddit,Warhammer 40k: Darktide,’ surefire way burn devs make game die real early almost certain happened deathwing,negative,negative,negative,negative
Reddit,Warhammer 40k: Darktide,fatshark developer apparently seems intent learn mistake going vt vt2 instead retake class every 3-4 year,negative,negative,negative,negative
Reddit,Warhammer 40k: Darktide,mess poor design choice unbalanced unit unforgivably bad dialogue narrative beat shift rts dota style gameplay main problem bought even transparent change relic deserved every bit shit slung community changing core loop franchise business suicide activision decided wanted make doom game instead completely cut fps mechanic third person camera's slapped call duty modern warfare 4 saying fully respect developer made game take lot sweat make game sort quality game anyone wanted,negative,negative,negative,negative
Reddit,Warhammer 40k: Darktide,yeah remember contention switching rts smaller squad based game people lost made solid gameplay loop coop great campaign right bat dow 3 campaign felt bad dialogue forced spawnable unit thinking ...,negative,negative,negative,negative
Reddit,Warhammer 40k: Darktide,first two great right different reason 3rd dog shit,negative,negative,negative,negative
Reddit,Warhammer 40k: Darktide,sometimes definitely feel damn near unplayable though crash crash crash especially recent update launch maintenance 3070ti amd r 7 5800x game chug play game heresy play graphically intensive game still keep 120 fps problem game quite poorly optimized stated instead pushed aside op happened like game,negative,negative,negative,negative
Metacritic,Wasteland 3,can't change camera movement key something unacceptable 2020,negative,negative,negative,negative
Metacritic,Wasteland 3,even game buggy unworkable pile trash would still bad mechanic story gameplay fall flat entertaining compare similar game like divinity original sin 2 easily see game delivers far par add top game buggy mess littered game-breaking bug terribly long load time even ssd place easiest 0 rating ever given life,negative,negative,negative,negative
Metacritic,Wasteland 3,quit using customer bug tester wasteland 3 issue fallout 76 fallout 76 got ripped new one wasteland 3 get almost universal praise current state game unfinished virtually unplayable hence 0 crash crash crash add salt injury loading time inexplicably long state art game would justify loading time seeing game can't wonder took devs long make quality testing hell stunning visuals cutscenes nope still wasteland 2 seriously inxile ef year feel like wasteland 2.5 groundbreaking new game mechanic wish even much tactical depth faction two different enemy mutant raider fight attack group hell even classic doom monster in-fighting camera issue well get started botched stealth system graphic look badly outdated personally care cartoonish style wasteland 2 stick one avoid wasteland 3 like plague re-fkin-funded,negative,negative,negative,negative
Metacritic,Wasteland 3,game unplayable trash 15 crash entire quest broken combat horribly designed winner whoever shoot first put bluntly middle schooler learning programming tier beta game unplayed tester,negative,negative,negative,negative
Metacritic,Wasteland 3,another unfinished buggy game newly microsoft owned studio wait another half year fix numerous bug glitch,negative,negative,negative,negative
Metacritic,Wasteland 3,better name game crashland 3 game crash every 15min :/ matter shoping fighting crash must wait 2min game load ...,negative,negative,negative,negative
Metacritic,Wasteland 3,one first character meet female leader military unit bestest everything everyone love reason loos 1 dimensional male villain lick knife talking jumped overwhelming number superior weapon still managed kill like half first male leader meet called patriarch course turn loser big ego need taken substituted woman that's basically theme game men patheric loser whiner get ahead evil thing woman bestest fail something put impossible situation,negative,negative,negative,negative
Metacritic,Wasteland 3,stupid dummy make game get obviously know nothing weapon mean shotgun point blank range miss whole point shotgun spray high chance hitting target mention mission arent interesting character arent interesting much decided play see mean,negative,negative,negative,negative
Metacritic,Wasteland 3,much like outer world another game rpg studio recently bought microsoft game ambitious given resource publisher behind instead like wasteland 2 snow disappointed trailer seen game showcased conversation full facial animation something happens interaction though maybe inxile got microsoft cash late development really make game stand apart predecessor either way hold interest like crpg's pillar eternity 2 inxile's recent bard tale entry,negative,negative,negative,negative
Metacritic,Wasteland 3,high production value awesome music solid sound design npc voice acting beautiful graphic cinematics make extremely poor performance caricate nonsensical unrelatable character faction worldbuilding huge amount bug inconsistant ruleset combat starting ability usage status effect environmental interaction etc poor main story completely unrelatable unemergencial plot driver ala fallout 4 wasteland 3 try go deeper tactical aspect like xcom sacrifice roleplaying aspect game expecting cinematic-ish presentation make game really appeal neither tactical crpg fan inconsistent mechanical ruleset sometimes sacrificed sake cinematic presentation combat initiation extreme unpredictability due completely random trigger distance scripted event dialogue cinematics sometimes plagued seem bug can't really sure aoe ability randomness uneveven terrain rpg aspect get sacrificed worldbuilding incredibly poor get wrong game look sound amazing believable relatable npc game's real protagonist patriarch probablly daughter every single character unidimensional dull caricate every option includes non-ranger companion de facto ranger completely disposable blank slate spec use solely mechanical reason faction extremely hard swallow top action make little sense thing amazes wasteland 3 pulled fallout 4 u game's main plot following worry spoiler everything given beggining game ): convoy desert ranger sent colorado secure deal local strongman patriarch order act colorado secure deal allow survival organization back home play whole game colorado recruit people colorado play game back arizona supposed headquarters almost contact arizona people arizona gameplay everyone meet everything mess colorado regarding colorado player zero reason care desert ranger headquarters arizona zero reason find character's son shaun fallout 4 player absolutely urgency drive simple plain reason care even follow plot's objective saving desert ranger headquarters care get point annoying even overlooked tactical game maybe immersive sim one bethesda's game crpg drive cinematicisim omnipresent game's design final presentation result dominance heavily scripted scene there's next zero systemic design game kind polar opposite divinity original sin 1 2 almost nothing really interactable interactable environmental effect object imo detriment gameplay everytime try creative resolve situation way devs intend game either allow simply break mechanically narratively shame,neutral,negative,negative,negative
Steam,Wasteland 3,trash,negative,negative,negative,negative
Steam,Wasteland 3,garbage autosave mean somewhere last three hour want loose item play stuff six eight time never start initiative pile crap take buy,negative,negative,negative,negative
Steam,Wasteland 3,one worst game played end full horrible bug one worst one bug made entire party abandon team every encounter camera would freak plenty time ui bad frustrating deal even basic obvious choice like skill tab skill perk info scroll bar can't actually read perk trying hover story bad writing compelling character point feel like grew care anyone actually relieved finally found could make initial 2 custom character worry stupid bug party member leaving killing enemy even ambush attacked u road game claim choice matter suffers lot presenting illusion choice many encounter one worst case forcing impossible beat bos battle way win others ridiculous thing like saving npc held captivity slave response change dialogue gift joining base nothing writing story clearly meant force certain path obvious became disliked music odd much ambiant music battle music time unique song play always unique america beautiful played multiple time playthrough ever fit thematically scene area game music unfitting almost every chance used humor game try use time often poorly done funny sometimes there's choice made writing go beyond bad joke almost offensive like insane choice make every clown game speak spanish character time sound like voiced people forcing fake accent many loading screen made game needlessly longer make even worse delay even dialogue box option even simple request like healing party reason always second delay there's reason first bad need heal time becomes frustrating time game breaking bug happening ton little annoyance like build make game much unpleasant ever needed game feel like structure place others make map something least even feature game there's point playing game would never recommend buying got gift got play friend grew hate time went end relief finally done,negative,negative,negative,negative
Steam,Wasteland 3,second worst game ever played,negative,negative,negative,negative
Steam,Wasteland 3,game great reminds classic fallout music character dialogue easter egg etc can't recommend buying steam way dlc activation implemented simply horrible internet connection interrupted gameplay dlc quest silently disappear costing hour progress break save carrying dlc desicions main game questlines get restarted without ability actually complete looking solution found thread dating back 2021 2025 issue still present unfixed avoid steam version buy drm-free gog unstable internet connection developer need state store page internet connection b hard b requirement playing dlcs otherwise save get broken,negative,negative,negative,negative
Steam,Wasteland 3,mission log bug main quest become empty forum post say full restart required fix fuck,negative,negative,negative,negative
Steam,Wasteland 3,let say voice acting music graphic good contrast gameplay bad can't stand like form idea rather good game playing worst everything unlocked late game can't cross save game,neutral,negative,negative,negative
Steam,Wasteland 3,116 hour play many update later feel game still bug game breaking story solid rewarding like new vega cha high enough pretty much tell people go away combat rough time time slow grind people dying getting resed using pack next fight end would say good game however replay value isnt leaving old review case matter first glance game awesome combat much like xcom divinity rpg style borderland humor fallout art vibe however issue game bug left lot missing polish seperate save multiplayer v single player write singleplayer multiplayer campaign payng attention bug wipe money quest progress well never ending loading bar friend suddenly disconnected online end whole multiplayer session game issue follower hire many game control honestly kind exhausting list problem even though keep playing 20 hour game time 2 day ... would say hold really really hope change review game fixed,neutral,negative,negative,negative
Steam,Wasteland 3,mixed feeling game could good let shoddy quality issue would problem given aaa high price tag honest consumer deserves better term finish execution name irritation 1 ai character shooting wall 2 poorly realised inventory system can't compare stats secondary weapon inventory item 3 camera follow action combat 4 right click item inventory always get correct sub menu 5 mouse keyboard use definitely afterthought term design 6 frustrating click confirm attribute perk talent spend 7 ui always detail consumed action point move location combat said lot irritation normally indie game would expect ... publisher charge aaa price ez,neutral,negative,negative,negative
Steam,Wasteland 3,great game play really in-depth role playing element ultimately many bug recommend game,neutral,negative,negative,negative
Steam,Wasteland 3,really wanted enjoy game get felt like combat boring version xcom 2 writing felt subpar especially compared competitor like divinity original sin pathfinder,negative,negative,negative,negative
Reddit,Wasteland 3,like spaceship hard limit air food,negative,negative,negative,negative
Reddit,Wasteland 3,fucking loved game first playthrough encountered bug let stay party contacted developer reddit said fixed x box app 2nd playthrough encounter bug like 10 hour passed later buy game steam encounter bug kwon every fucking storyline character couldnt used game allowed play two headed goat chicken worth sadly think never able start fourth time already three chance give game,negative,negative,negative,negative
Reddit,Wasteland 3,enter lab either attack get field vision attack first fight end disown robot guy kidnap caravan right fight done leave,negative,negative,negative,negative
Reddit,Wasteland 3,idk talking bug prevents quest working properly,negative,negative,negative,negative
Reddit,Battlefield 2042,bought 15 ea access play week early checked battlefield ww1 ww2 shooter scene came back 2042 hoping bf4 uninstalled three day come check dumpster fire occasionally done battlefield damn shame regret spending 15 can't imagine people actually bought game must feel,negative,negative,negative,negative
Metacritic,Battlefield 2042,hot garbage ea promised allot delivered nothing ea dice ripped everything loved franchise game delivered buggy po,negative,negative,negative,negative
Metacritic,Cyberpunk 2077,забагованная игра задолбавшая вылетами подгрузкой лодов перед носом отсутсвие ии вообще но она безумно интересна и красива в те редкие моменты когда всё работает исправно,negative,negative,negative,negative
Metacritic,Fallout 76,get fooled mean paid review joke else online mod fallout 4 game us engine look almost fact f76 look crappier due constant bug texture god ray 3d model etc ... game deserves early access instead fully 60 game insult fallout name ban fase want play fallout game go play 3 new vega 4 otherwise venture cheap excuse fallout game end cash grabber u disappointed much u never want play fallout game thats wrong since past game great buy f76 garbage buy f4 instead,negative,negative,negative,negative
Metacritic,Days Gone,blahh mmm dont like horrible many bug even launched 30 patch buy 20dls even price bad,negative,negative,negative,negative
Metacritic,Battlefield 2042,absolument aucun fun j'ai joué beaucoup d'autres bf mais la se faire fumer 500m par de mec en pp29 marcher 5 minute pour atteindre un objectif n'est pa fun ce jeu n'est pa fun,negative,negative,negative,negative
Metacritic,Cyberpunk 2077,le bug se corrigent cependant le game play n'est pa fameux nous somme sur un banal fps sans grande saveur en aucun ca nous pouvons parler de rpg le personnage de v est un un mercenaire avec une identité imposée nous ne pouvons pa choisir sa voie pa de bon mauvais neutre la natation est digne d'un film de série z il pourtant de œuvres intéressante qui auraient pu être utilisé gibson asimov spinrad ... cd projet à préféré faire du netflix sans ambition trop vouloir ratisser large perd le fan nous somme loin de l'émerveillement de la quête du baron rouge l'inquiétante tractation avec le moire la panique de jeter un bébé dans un four dans cyberpunk 2077 il ont choisi un scénario écrit par un maître de jeux ringard ne connaissant pa son sujet ayant une image déplorable du mouvement punk et ne traitant la question du transhumanisme non par de œuvres comme neuromancien accélérando le samouraï virtuel ghost shell etc etc mais uniquement par de résumés et de page wiki c'est trist de piétiner comme cela un mouvement littéraire aussi riche il paraît que le patron voulaient pa entendre de synthewave dans le jeux domage car la musique du jeu est souvent mal choisie bref je met zéro car le jeux est une purge au vue de leurs ambition et du mensonge envers le consommateurs j'attendais un chef d'œuvre j'ai le droit à un mauvais film,negative,negative,negative,negative
Metacritic,Cyberpunk 2077,best ci game da world one play stalker understand experience game,negative,negative,negative,negative
Metacritic,Battlefield 2042,depressing damn depressing ... battlefield game know sorry spock possibly even game definition way look score compare other's score depressing shuffle away kicking cat ...,negative,negative,negative,negative
Metacritic,Days Gone,game bad critic say though suffers inconsistent bad writing part gameplay pure blast story keep going really touching moment carried good soundtrack playing 40 hour fun would recommend waiting sale buying game otherwise missing really cool game opinion plus horde amazing world war z looking,negative,negative,negative,negative
Metacritic,Cyberpunk 2077,как можно было пустить в релиз неиграбельный кусок дерьма все ждали игру gun от шевцова получите правда не от шевцова сюжет шикарный но играть в игру просто нереально от этого еще больнее становится ведь сюжет реально годный надеюсь что патчами поправят дела ... ну а так печалька,negative,negative,negative,negative
Metacritic,Days Gone,absolutely amazing game flaw whole great time pc gamers show love well,negative,negative,negative,negative
Metacritic,Battlefield 2042,dice could eat kiss as piece ever seen,negative,negative,negative,negative
Metacritic,Cyberpunk 2077,great game :) great game :) great game :) great game :) great game :),negative,negative,negative,negative
Metacritic,Cyberpunk 2077,spoiler alert review contains spoiler,negative,negative,negative,negative
Metacritic,Cyberpunk 2077,good game point talk bug issue bug really bother game major issue texture loading people face loading running invisible wall fence even texture loaded bug look good would compare deus ex human revolution came 2011 hard say game play good enjoyable bc hard get past horrible graphic texture pop extremely low fps really would hope patch could fix sure,negative,negative,negative,negative
Metacritic,Cyberpunk 2077,overall 2023 great game interesting plot great lore though 3rd act felt rushed honestly asking story content great side quest come unique npc judy's panam's river's quest line aspect better main quest great fixer's quest though boring repetitive come location kill mob loot that's fair game provides great variety way done many instance possible complete gig completely stealth honestly preferable get building destroy everyone 2 minute fast-paced action great combat system really enjoyed melee combat ranged combat net running art direction music design best saw video game general buggs still still quite annoying example johnny's side quest line,negative,negative,negative,negative
Metacritic,Fallout 76,wanted add multiplayer aspect fallout 4 ended adding stuff decided release separate game ... fallout 76 bethesda's explanation game came evidence enough bad fallout 76 laziest effort feel like shameless cash grab played every fallout since day 56k modem yes gotten bit worse year strayed choice matter kind narrative still enjoyed know fantastic story telling immersion via interesting npc personality floored thought completely removing npc interaction would good idea played beta completely bored within hour wife loved watching play fallout 4 fell asleep less hour watching play fo76 becomes extremely repetitive soon leave vault walk find junk kill enemy loot junk find workbench scrap junk ... rinse repeat quest even serve real purpose helping find place loot junk quest asks find so-n-so went fall 100 flat since everybody dead already know never find anyone end running computer computer note note discover happened made choice play rather rdr 2 like sci-fi really western beta immediately bought rdr 2 loving know fleshed totally immersive npc interaction bethesda failed horrendously game giving 3 like picking loot lot stay fun immersive story character keep dragging along,negative,negative,negative,negative
Metacritic,Fallout 76,ad trailer best part game boring unplayable even friend,negative,negative,negative,negative
Metacritic,Battlefield 2042,worst battlefield game ever made nothing made previous game great game buy crap,negative,negative,negative,negative
Metacritic,Fallout 76,played beta playing game naysayer got wrong love game bug fallout lore rich human npc part story believe 0 7 score,negative,negative,negative,negative
Metacritic,Days Gone,story good bit repetitive overall enjoyed found horde different kind challenge,negative,negative,negative,negative
Metacritic,Days Gone,day gone good game thanks patch possible solve bug beautiful region view game highly recommended hesitate buy theme horde incredible innovative liked 10/10 good job bend studio,negative,negative,negative,negative
Metacritic,Days Gone,first game ever taken time review reasoning behind deserves better got glad user base giving better score main reviewer masterfully put together game couple less bug would rated 10/10 pro compelling story character care immersive world draw wanting learn complete game need buy add ons order complete want add spoiler wont however time thought near end game let's say con buggy time occasional bug make redo quest count go another area trigger reset spawn properly different experience depending version playstation intense game designed pro experience frame loss pretty badly standard version 2 con first game size scope caused stay compelled continue playing end also never posted online review however really wanted let people know father four much opportunity dedicate time game love anymore game made find time even bought god war spiderman playing instead starting game beat started new game survival mode released xd hope help anyone fence giving chance,negative,negative,negative,negative
Metacritic,Cyberpunk 2077,never seen crap ps4 crash mission bug una vera merda tacci vostra,negative,negative,negative,negative
Metacritic,Battlefield 2042,battlefield took away essence destroying franchise greed bitterly regret,negative,negative,negative,negative
Metacritic,Cyberpunk 2077,beaten game 6 time different experience time player build life path alternate ending provide ton choice variety playing hard getting legendary ending without losing anyone cherry top game tremendous highly recommend can't wait sequel,negative,negative,negative,negative
Metacritic,Days Gone,much better expected ’ almost like last u open world great atmosphere gorgeous graphic good mechanic shooting stealth riding bike everything smooth responsive technically good sporadic drop frame rate much recommended,negative,negative,negative,negative
Metacritic,Cyberpunk 2077,nice game deserve slandered even played well even though came pretty good,negative,negative,negative,negative
Metacritic,Cyberpunk 2077,game bug much that's scandal cdprojeck scandal game work ...,negative,negative,negative,negative
Metacritic,Sea of Thieves,game good fun becomes repetitive start get boring week 5.0,negative,negative,negative,negative
Metacritic,Cyberpunk 2077,bad old console lot bug look like 240p sad,negative,negative,negative,negative
Metacritic,Wasteland 3,unfinished lot bug unbalanced combat weak story wasteland 2 far better game,negative,negative,negative,negative
Metacritic,Fallout 76,that's great game slow exploration huge world history fallout's world terminal among empty left building ton danger 2 year release great game recommend like survival realtime rpg exploration fun go friend online,negative,negative,negative,negative
Metacritic,Cyberpunk 2077,jogo com desempenho simplesmente horrível no console base má otimização com inúmeros bug que prejudicam experiência jogador não recomendo ninguém,negative,negative,negative,negative
Metacritic,Final Fantasy 14,take ffxi played six year remove basically activity beyond grinding mob exp grinding craft pretty much ffxiv oh add heaping helping interface lag maddening bug near-inability find item want sale repair cost quickly become comically expensive restore 25 item's durability oh almost forgot ... forget pulling mob avoid link adhd chase second giving going back really unlucky bug kick instantly give health back get back spawn point adhd also mean there's little danger game hard aggro thing first place something can't one-shot chase long enough pose danger anyway could probably reach character limit listing game's fault sure look gorgeous mmo tl ;d r version would game even ready beta testing,negative,negative,negative,negative
Metacritic,Battlefield 2042,even free play game woould insulting ffs ea ...,negative,negative,negative,negative
Metacritic,Fallout 76,game getting lot hate whole lot misinformation youtubers thier fan seen one review played ... 0 rating near bad people claim buggy yes unplayable people complaining framerates mainly pc gamers game better console npc known well advance launch surprisingly work well 76 fit story big fallout lore felt fallout 4 crowded enjoy survival base building game good lack imagination want thing spoon fed looking full fledge shooter like pubg move,negative,negative,negative,negative
Metacritic,Sea of Thieves,man sky interesting even man sky released sea thief water highlight game tell story pointless grinding cosmetic even surprised add micro transaction buy gear game pretty sure people would forked money travel island keep finding chicken eventually buy hat top idea rare thinking released game would rather play fallout 76 rather tell comparing man sky insult man sky ok friend playing solo hand expect really bored really quick,negative,negative,negative,negative
Metacritic,Fallout 76,npc offline mode 13 year old screaming bug everywhere ... someone throw atomic bomb whole game bethesda listen fan stick single player game please,negative,negative,negative,negative
Metacritic,Cyberpunk 2077,меня фактически обманули ведь все трейлеры и тизеры игры показывают другую графику нежели ту что в игре воры и лгуны не заслуживают выше 0 из 10,negative,negative,negative,negative
Metacritic,Cyberpunk 2077,game titally innovational never played game good like there's little bug pc thanks cdpr common update,negative,negative,negative,negative
Metacritic,Days Gone,day gone plenty thing great narrative solid breath fresh air tired genre cast character likeable part game play incredibly polished overly punish player playing different way stealthy gun blazing voice acting sound effect top notch one underrated soundtrack video game date motorcycle handle well customization amazing aside technical issue reused mission get repetitive day gone blend open world zombie genre satisfying experience,negative,negative,negative,negative
Metacritic,Days Gone,great story great playability great map bad thing use fuel motorbkie,negative,negative,negative,negative
Metacritic,Cyberpunk 2077,completed 100 game ending achievement 200 hour gameplay say one thing midst chaos lost golden opportunity make one best game history score 7,negative,negative,negative,negative
Metacritic,Cyberpunk 2077,broken unfinished game never made ps4 power handle place bought accept return reason stuck piece unplayable garbage,negative,negative,negative,negative
Metacritic,Battlefield 2042,hate u dice .   .,negative,negative,negative,negative
Metacritic,Cyberpunk 2077,spent 85 hour playing game absolutely loved gameplay fun interactive story good get way better side quest bug along way nothing game-breaking ending tear can't wait see game develops pacthes dlcs,negative,negative,negative,negative
Metacritic,Cyberpunk 2077,can't deny cyberpunk 2077 hit hard though rocky launch hindered renown highlight bad justify score docked point disastrous launch audio mastering time deafening music bar radio billboard drowning key dialogue install mod help audio issue romance relationship v could fleshed fuller substance overall 7/10,negative,negative,negative,negative
Metacritic,Cyberpunk 2077,update changing score 7 4 0 game despite 6 patch shamble unplayable midtier system worse still bad bad lazy boring dumb game.which say nothing nothing done empty world keanu reef distraction never could work performance poor becasue love despite flat effort distract u rubbish marketing tool reason much else unfinished literally piece tape holding game together much loud noise distract state play fact introduced 2018 mean knew knew lied zero mark liar cheat make bad broken game bully censor player update changing score buggy 7 broken 4 game broke near ending corrupted save attempt fix saved 30 hr play original review pc 30 hr gog hyped game live hype sane person really surprised actually surprised much fails deliver many promise bad good that's problem game mixed bad last u part 2 another huge mixed bag amazing high spoiled low low well cyberpunk better worse game really heading rocky water comparison hang going get bumpy first problem bug worse imagine aaa priced title top studio heard maybe know witcher 3 also launched broken make ok release game unfinished state took witcher 3 year worth playing went become one best game ever made without argument cyber punk good overall w3 nearly finished around 30 hr play know level ... though that's hardly critism w3 incredible cyber punk better gun play combat story comparable neither v likable protagonist put gerald joke geralt came wonderful book surprising though v good game character arc actually harm gameplay result feel like playing 2 character 2 game time one urgent agenda hasnt theyre odds an jarring making game thats uneven that's alot like tlou 2 respect good divided time game 80 scifi end quite generic like earth 20 year that's good thing ugly brutal nonsensical world time little ever explained ever deep dive cyber punky known reason saving grace look ok time 3080 32 gig ram ofcourse run well pc many train wreck sadly want go irony cdpr ironically evil corporate entity game vilified lied customer misled reviewer refusing show ps4 footage ps4 majoirty purchase simply wrong feel lied game content company still claim cdpr longer friend gamer :( moving main campaign end without saying much making worth mass effect 3 mass effect 2 either gold sub mission alot main campaign 12 hr stuff easily another 20 plus hr looking 40hrs everything good value imo plenty variety quality range w3 quality ui menu great crafting broken mess rpg element far ideal bit rushed honest progression seems broken idea many question game like lead rushed review hoped right 5 year wait say disappointed bad game rushed much true need atleast 6 month development time way might get though expect anything sooner making console version work ps5 pc gameplay change dlc year recommend buying year sale many small large issue right justify mess playing good work want wait 6/10 optimised mostly bug free easy 8 9,negative,negative,negative,negative
Metacritic,Cyberpunk 2077,decent game lot really bad element mechanic really great game past including tw3 certainly way overhyped that's studio fault completely run fine realistic setting system insane setting bug totally cosmetic 99.9 time game breaking bug thing like driving mechanic total joke lack switching 3rd person driving good modern open world game clothes etc customization barely see map atrocious ugly constant phone terrible minimap real exploration side mission big etc eye gouging map story ok nothing epic ending satisfying depressing hole story game world legion proper true campaign playing world look great empty lot time terrible ai space filler bot long distance away moving car embarrassing mean play gta's since 4 flying possibility cyborg future drive ground car look like fancified car past turn lot offensive material vulgar offensive language marxist social agenda obvious revolting cpdr staffed occultist scum writer etc keaneu reef take hike totally dirt bag putting hollywhoring add nothing game run fine without rt rt 20fps hit 2060 avg 40fps 1080p med high without rt 60 think quality dlc help game even free would help make good disgraced studio major mission two full ending many side mission skipping police mission lot exploration 60hrs decent value money afa hour dollar replay value uninstalled already,negative,negative,negative,negative
Metacritic,Cyberpunk 2077,cyberpunk flaw physic optimization bug think character music world design make easy believe story creator telling feel real,negative,negative,negative,negative
Metacritic,Cyberpunk 2077,shame game came somewhat unfinished yes quite bug thing quite finished game beneath bug truly amazing great story emotional ending interesting dis likable character well-written-dialogue great sidemissions effect main story gorgeous open world high immersion due first-person perspective combat incredibly fun right cyberware weapon though sometimes unbalanced story immersion almost make game's problem story world forget still there's hell lot cut content missing unfinished feature immersion-breaking bug,negative,negative,negative,negative
Metacritic,Cyberpunk 2077,awful full bug unsatisfying gameplay unengaging story character fall short besides two,negative,negative,negative,negative
Metacritic,Sea of Thieves,simplesmente épico um jogo que começou tímido hoje se tornou um liveservice que causa inveja na concorrência com dlc's gratuitas passe de batalha mais de 20 milhoes de player sucesso,negative,negative,negative,negative
Metacritic,Wasteland 3,completing baldurus great 3 game blossomed like mechanic good plot good game,negative,negative,negative,negative
Metacritic,Battlefield 2042,unfinished game ， worst bf ever.ridiculous gun play experience empty map.only 22 weapon launch,negative,negative,negative,negative
Metacritic,Battlefield 2042,cartoony non realistic big empty map gun sh f guy ruining bf,negative,negative,negative,negative
Metacritic,Battlefield 2042,gonna take time articulate game bad since ea dice take time make game game absolutely blow massive all-inclusive-leftwingnonsense-rushed-mobilegame,negative,negative,negative,negative
Metacritic,Battlefield 2042,extremely disappointed made great game like bf3 bf4 ignored look like playing beta version totally incomplete term audio completely bad song optimization definitely bad seems whoever made game never played battlefield everything player like completely ignored simply server browser score board 3d spot minimap control platoon exchange changing team,negative,negative,negative,negative
Metacritic,Cyberpunk 2077,sad finished game playstation 4 bad performance frequent crash even fps dipped 15 patch 1.02 1.04 fps increased really slightly around 2-3 fps visual bug game-breaking crash remained never expected sort mess cdpr huge disappointment thing good game wholesome story rpg element though character customization bit lacking option toggle piece cloth wear even immortal fenyx rising option alter appearance armor clothes armor clothes find barbershop in-game want change outlook somehow late,negative,negative,negative,negative
Metacritic,Cyberpunk 2077,performance really base p 4 pop ups crazy fps drop crash low re picture graphic look like p 3 game dont buy fix problem,negative,negative,negative,negative
Metacritic,Cyberpunk 2077,played xsx launch day best game ever made waiting next gen update new game try look 0 rate buggy game try enjoy,negative,negative,negative,negative
Metacritic,Cyberpunk 2077,holla chooms one anticipated game last well written main story deep lore multiple ending side quest also well written.characters johnny female v voice acting panam-judy gameplay gunplay cyber mod rpg element thing like enough npc interaction super cop coming nowhere fine game.graphics gorgeous night view night city neon light wet road look beautiful game pretty much resource hungry well optimized pretty much playable current patch 1.06 find game breaking bug system found pose bug none game breaking varies system perfect great game could masterpiece.personal rating 8.5 10,negative,negative,negative,negative
Metacritic,Cyberpunk 2077,take hype expectation equation phenomenal game ’ deliver promise without doubt fun worthwhile narrative,negative,negative,negative,negative
Metacritic,Wildfrost,un gran roguelike e precioso toda sus animaciones son muy fluidas los diseños son muy coloridos además de todos los efectos que lo hacen realmente muy agradable la vista por otro lado el gameplay e muy interesante e uno de esos juegos en los que posees muchas estrategias para usar dandole mucho valor cada partida jugué hasta conseguirme todos los logros e muy recomendable para mi uno de los mejores roguelike deckbuilder que probado,negative,negative,negative,negative
Metacritic,Fallout 76,beta terrible launch game bug ironed give 5 taking consideration micro transaction bug taking consideration bug micro transaction game 2/10 haha :d want money back,negative,negative,negative,negative
Metacritic,Days Gone,juego perfecto difícil de superar alto nivel de historia jugabilidad graficos,negative,negative,negative,negative
Metacritic,Sea of Thieves,لعبه شكاكيه واجوائها حلوه مهماتها حلوه الgameplay كله حلو بس ناقصه اسلحه اكثر واضافات على السفينه اكثر واتمنى يضيفون مهمام متنوعه اكثر,negative,negative,negative,negative
Metacritic,Cyberpunk 2077,порт нормальный но с трассировкой лучей игра идёт в 20 fps,negative,negative,negative,negative
Metacritic,Fallout 76,ahora sabemos porque esta en steam el refound que se hubiese llevado hubiera sido majestuoso,negative,negative,negative,negative
Metacritic,Cyberpunk 2077,ukończenie głównego wątku oraz wszystkich misji pobocznych zajęło mi 94 godziny niesamowity wynik szczególnie że podczas rozgrywki nie czułem nudy błędny graficzne glicze itp występują ale w tak małym stopniu że rozgrywka je przykrywa,negative,negative,negative,negative
Steam,Sea of Thieves,fun game need solve hacker issue killed game,neutral,neutral,neutral,neutral
Steam,Sea of Thieves,fun great game also people say n word,neutral,positive,neutral,neutral
Steam,Sea of Thieves,love drowning water,neutral,negative,neutral,neutral
Steam,Sea of Thieves,ship go kaboom,neutral,neutral,neutral,neutral
Steam,Sea of Thieves,fun toxic time,positive,neutral,neutral,neutral
Steam,Sea of Thieves,game configuration dont work,negative,neutral,neutral,neutral
Steam,Sea of Thieves,pirate,positive,neutral,neutral,neutral
Metacritic,Sea of Thieves,rare delivered completely new kind game mainly focused letting people create adventure alone friend everyone level playing field game succeeds delivering entertaining visually stunning experience feel would greatly benefited encounter mission type richer world lore hopefully addressed coming month,positive,neutral,neutral,neutral
Metacritic,Sea of Thieves,sea thief plot course opposite direction big budget predictable affair loot gaining power thrill voyage destination may alienate gamers breath fresh air willing embrace change however rare soon find community clamoring content improved social option keep player invested using freedom create limitless fascinating story,neutral,neutral,neutral,neutral
Metacritic,Sea of Thieves,sea thief yet dream game important release first part 2018 xbox rare created wonderful world technical audiovisual gameplay level theor work yet finished time fill good idea already shown deliver,neutral,neutral,neutral,neutral
Metacritic,Sea of Thieves,sea thief disgustingly enjoyable game endlessly entertaining among friend said incredible deficit organized content customization option need bigger varied world map doubt game grows evolves become iconic phenomenal title remains deeply flawed even relentlessly fun,neutral,neutral,neutral,neutral
Metacritic,Sea of Thieves,sea thief journey real destination immediately turn away pirate life,positive,neutral,neutral,neutral
Metacritic,Sea of Thieves,ye know sea beautiful sailing crew delight filled sea shanty barrel grog alone ’ life fraught peril like wander might fine need bit … guidance life ’ pose camaraderie reward risked life water day day ’ get much wanted word fine fine,neutral,neutral,neutral,neutral
Metacritic,Sea of Thieves,core sea thief fun innocent experience reward spontaneity imagination becomes rather dull repetitive want linear experience part xbox game pas rare ’ sea thief worth time put,neutral,neutral,neutral,neutral
Metacritic,Sea of Thieves,amazing world full promise currently rather empty update key may 2018 p 74,positive,neutral,neutral,neutral
Metacritic,Sea of Thieves,sea thief risky game come successful multiplayer project like diablo borderland even destiny present difficulty trying play user confusing progress mechanic able play people willing achieve goal mission communicative experience change completely best,neutral,positive,neutral,neutral
Metacritic,Sea of Thieves,always great time playing sea thief need content option give u reason come back ’ something unique make sure try decide pirate life,neutral,positive,neutral,neutral
Metacritic,Sea of Thieves,good effort shallow offer genre success depends post-launch support provided rare there's distinct lack content existing game,neutral,neutral,neutral,neutral
Metacritic,Sea of Thieves,sea thief ’ concept beautifully drawn exploration intense pvp one beautiful sea adventure ever grace gaming lacking content need reason keep player moving exploring plenty space plate vanilla form ’ nothing really fill space suspect ’ case long rare anything say current case,positive,neutral,neutral,neutral
Metacritic,Sea of Thieves,sea thief bit bipolar freedom world pick going also restriction can't really make character lot variation quest,neutral,neutral,neutral,neutral
Metacritic,Sea of Thieves,sea thief bursting potential storytelling watery paradise ’ enough keep player coming back,neutral,neutral,neutral,neutral
Metacritic,Sea of Thieves,game offer fun pirating adventure fun friend game need content yes came feel update two game c full immersion experience,neutral,neutral,neutral,neutral
Reddit,Sea of Thieves,update approx 20 minute issue occurred use captained ship thankfully permanent problem,neutral,neutral,neutral,neutral
Reddit,Sea of Thieves,similar issue instead game crash screwed voyage permanently complete fish catch cancel start new one,negative,neutral,neutral,neutral
Reddit,Sea of Thieves,happen redmaw thankfully holding onto cannon,negative,neutral,neutral,neutral
Reddit,Sea of Thieves,update tried download game xbox launcher copy sot steam xbox trough xbox going completely fine 100 fps went steam fps drop must smth steam launching graphic setting steam xbox,negative,neutral,neutral,neutral
Reddit,Sea of Thieves,able 2 shot barnacled dread weird scenario approached another meg spawned disappeared got closer dread see ship near think plenty armor left also killed redmaw took ton shot seems inconsistent described,negative,neutral,neutral,neutral
Reddit,Sea of Thieves,armor seems work right visually approach already damaged meg,negative,neutral,neutral,neutral
Reddit,Sea of Thieves,anyone elses game load stay loading black screen,negative,neutral,neutral,neutral
Reddit,Sea of Thieves,need help putting item picked gilded chalice can't put shelf anything chest,negative,neutral,neutral,neutral
Reddit,Sea of Thieves,buy emissary flag company shop first option,neutral,neutral,neutral,neutral
Reddit,Sea of Thieves,sure ship type regular cannon ball hit cause insane amount movement galleon nearly much blunder bomb,neutral,neutral,neutral,neutral
Steam,Fallout 76,game certainly come long way quite fun play there alot quest thing earn however bit struggle due carryweight issue without fallout 1st community nice except people top top 2 discord fo76 fallout network kick difference opinion regarding in-game topic pointing saying make sense overall fun game relax bit however long term investment might bit risky due cut 2/3 playerbase psycho dude get mad abuse power psst totally savanah lion,neutral,neutral,neutral,neutral
Steam,Fallout 76,fun interestingstory line rememberits mmo fallout thebombs droped diffrent,neutral,positive,neutral,neutral
Steam,Fallout 76,alright game like bethesda game cant change control left-handed 10 10,negative,neutral,neutral,neutral
Steam,Fallout 76,greatest game ever fun chill craft stuff friend,neutral,positive,neutral,neutral
Steam,Fallout 76,play game spend single dime atom fallout first buy game deep discount deep love respect fallout ip probably even call massive fallout fanboy recommend fallout 76 enjoy game played great deal probably continue warning strong enough constitution resist fomo end spending cash game shop implemented classic season trope lot desired cosmetic locked behind long grind time gated periodically bring back desired item megapacks atom fleece user sweeten pot much hated fallout first membership offering arbitrary discount said pack aware fallout first recommend url url first,neutral,positive,neutral,neutral
Steam,Fallout 76,ok,neutral,neutral,neutral,neutral
Steam,Fallout 76,much want say bad really can't say def need new creative director bland compared others series,neutral,neutral,neutral,neutral
Steam,Fallout 76,ark lowfps greatest fallout game def one beautiful one,neutral,neutral,neutral,neutral
Steam,Fallout 76,ok,positive,neutral,neutral,neutral
Metacritic,Fallout 76,fallout 76 fallout fallout time hype around multiplayer friend foe seems inconsequential time passer-by street often matter fun game think going timeless classic return time time year feel enough,neutral,neutral,neutral,neutral
Metacritic,Fallout 76,exploring still interesting part fallout 76 adventure tour limited empty open-world outdated graphic performance like mmo mod fallout 4 rather brand-new work,neutral,neutral,neutral,neutral
Metacritic,Fallout 76,love multiplayer survival game heavy duty environmental storytelling exploration fallout 76 probably appeal go fallout exclusively solitude story character fallout 76 going feel like empty boring country road,neutral,neutral,neutral,neutral
Metacritic,Fallout 76,playing buddy looting collapsed shopping centre derelict town blast robust crafting character development mechanic excellent however quest ’ repetitive nature lack human player filling vast world make fallout 76 feel little sterile hamper long-term appeal especially ’ friend accompany journey wasteland make fallout 76 good great entry iconic franchise,positive,neutral,neutral,neutral
Metacritic,Fallout 76,fallout 76 retains captivating immersion atmosphere organic exploration made fallout 4 enjoyable thanks excellent open world though ’ contend poorly implemented online component typical bethesda technical hiccup rough edge,positive,neutral,neutral,neutral
Metacritic,Fallout 76,fallout 76 one game make u uncertain can't call complete trash can't call good game either somehow believe bethesda keep working hard game year become game deserves played,neutral,neutral,neutral,neutral
Metacritic,Fallout 76,ultimately big change kind whole purpose f76 multiplayer component play going depend lot community quantity believe still much determined,neutral,neutral,neutral,neutral
Metacritic,Fallout 76,putting aside many technical issue fallout 76 offer empty world paradoxically many thing everything appears end something good game ’ crippled bland world design non-existent plot game may able entertain boredom always dangerously around corner,negative,neutral,neutral,neutral
Metacritic,Fallout 76,fallout 76 aspires offer lot west virginia exciting co-op fails due unbalanced game design technical flaw,negative,neutral,neutral,neutral
Reddit,Fallout 76,dang sword fallen overeaters ghoul ah well changing first star cheap least,negative,neutral,neutral,neutral
Reddit,Fallout 76,change great see im super excited would like adress one thing think need changed crafting perk ... since essential playing enjoyong game entire experience passive require slot allocation least take 5 slot,neutral,neutral,neutral,neutral
Reddit,Fallout 76,u bethesdagamestudios know mentioned perk shared team shortly stop shared constantly go perk share high level bug hopefully get fixed eventually thanks,neutral,neutral,neutral,neutral
Reddit,Fallout 76,think implying almost work done update ready there's lack content,neutral,neutral,neutral,neutral
Reddit,Fallout 76,someone played game since launch level 750 advantage switching g ghoul understand ’ undone correct,neutral,neutral,neutral,neutral
Reddit,Fallout 76,undo via menu want go back ghoul ’ pay atom advantage get access new perk disease immunity rad immunity healing disadvantage include managing glow feral meter disguise losing access perk human use biggest loss overeaters also low health build ghoul,neutral,neutral,neutral,neutral
Reddit,Fallout 76,that's long list minor thing fixed mean nice biggest fix definitely guardian platform well eager jump see update broke happy hunting dweller,neutral,neutral,neutral,neutral
Steam,Total War: Rome 2,review rome 2 yesterday finally decided crushing another army shogun 2 give rome 2 whirl mostly compare shogun 2 seeing ca sega tried surpass success know hyped much flak getting since release decided give benefit doubt gameplay-wise combat good point faction different unit slightly different statistic boot make varied combat situation statistic broken even section improved upon unit thankfully still 100 range 20 unit army still large enough hiding slightly improved upon shogun 2 los hiding detailed bit better garrison meaningful enough one unit bowman longer snipe entire city bad point morale know thinking early unit morale ridiculously low getting twenty casualty send unit shattered state difference unit strength basic unit weak people start fielding mainstay coupled horrendous morale issue hold literal ten second routing land army spontaneously instantly turn fullstack navy whim making real navy pretty much pointless defensive battle made even easier making defender able rout 0 morale bonus last line defense make siege cakewalk diplomacy good point new request non-aggression pact defensive alliance military alliance yes give diplomacy function besides extorting money asking trade agreement ai actively pursues diplomacy rewarding bad point ai actively pursues diplomacy like toddler geography war peace status relationship matter ai additionally ask ridiculous price mundane thing time ask senseless request every single turn diplomatic relation confusing often nonsensical even though way action affect relation gameplay-wise ai good ai partakes many activity combine land naval army assault bad pretty much everything ai field battle go near-straight line unit try send cavalry flank forgets battle devolve slugfest unit ai offensive siege battle rush control point really instantly that's ai defensive siege battle ... stand ground even missile unit standing slinging projectile poor militia last arrow spent ai sometimes inexplicably move army who-knows-where standing five foot capital leaf wide-open quick siege ai occasionally seemingly senseless attack one two unit city fullstack obviously loses thing note cannot repeat cannot recruit unit anywhere anywhen except straight general's army bother trying general near-pointless except getting easy elite unit expect graphical glitch fps drop even super-tier computer although several different faction still limited choice disappointment personally conclusion tw game rule tw game game worth buying tw type game fan pick campaign two though recommend waiting either fix going sale worth buying new genre wish experience tw offer shogun 2 perhaps medieval tw way go total score 6.5 10 like series grab completionist's sake new still doubt wait fix going sale rose,neutral,neutral,neutral,neutral
Steam,Total War: Rome 2,authentic review accurate one,neutral,neutral,neutral,neutral
Steam,Total War: Rome 2,blood gore paid dlc,neutral,neutral,neutral,neutral
Steam,Total War: Rome 2,feel recent controversy write review add thought matter female total war player although put ton hour recent total war game due real life still love historic aspect total war history gaming two favorite thing seeing historic game brings joy break heart see controversy devs split fanbase theory inclusion female general politician warrior added two reason one reason geniune want inclusion female historic total war series devs mind seeing female game problem rome 2 take place ancient mediterranean sorry say ca devs others banging drum inclusion representation history especially ancientt history patriarchal poilically incorrect today's standard sure woman ancient world warrior lead army rare due rarity remembered romanticized male counterpart expected men go war die front line reason bring nefarious let face female total war player like small demographic probably make single digit percent total war fanbase audience get feeling ca like ea want get money another demographic normally play game soical medium campain highlighting female total war player peak interest female gamers b make dlc centered around famous female ruler like boudicca garner attention female gamers c lazy make half general politicans game female belief female gamers play game female know ca chose third option mike stoklasa redlettermedia fame coined term think perfect describes western game devs today term corporate diversity corporation company diverse inclusive sake profit time virtue signal diverse garner goodwill sychopants press cake eat mindset female gamers like problem rome 2 past constant need pander demographic normally play game order get money going kill many western game developer sorry sometimes small demographic small demographic female gamers going roll eye seeing sad attempt pander order get money go back playing sims male gamers bread butter franchise made going angry attempt historic revisionism even angry callous disregard complaint would recommend game would still fun game play new rome 2 wanting get back would highly recommend download oatman's patriarchy mod get rid female general politician faction real life make percent female general poilitcans rare faction real life hope devs ca learn vaulable lesson release three kingdom would hate see game franchise love fail due ill politics update seems new info female genral controversy read high spawn rate female general intentional high due bad coding game design ancestor patch percent supposes small ca lazy put much thought game design patch highlight poor thought ca put inclusion female general politcians also hightlights utterly lazy ca become gall lash fan defend lazy game design instead admitting due poor coding testing reminds attitude bethesda modders fix excuse poorly implented unwanted game design wrong ca going way ea anything going way bethesda overly reliant modding base unpaid game designer fix mess worry final product three kingdom going ca lazy coding testing game patched criticism made sjw's keep icky girl total war made love want see ca fail want learn mistake improve keep sucessful game developer love game mean can't still criticism many game love still criticism,neutral,positive,neutral,neutral
Steam,Total War: Rome 2,review statement recent total war title marketing scheme recommendation stay negative unless creative assembly sega demonstrate total war fan future total war game plagued abusive overpriced downloadable content viking forefather culture pack longbeard culture pack attila culture dlcs game pay unlock excisting file sega creative assembly show respect total war fan paid complete game could u honor delivering one game wanted new rome 1 better grafics got rome 2 lost soul rome total war missing micormanagement evolving city getting conflict neighbour inventing new technology improve army rome ii much easier rome feature missing e g get contact civilization see border unit rome send diplomat grafics okay without impressing much able play rome ii extrem setting battle immersive new feature unit camera battle nice absolutly unneccessary like total war ai best ca improved ai tactical genious battle try flank rider handle win without mod ai spam ton agent annoying enjoyed game really like ancient setting much that's reason played game recommend buy game especially outside sale without expensive dlc unfinished able double content buying dlc pay twice much complete game that's fair,neutral,neutral,neutral,neutral
Steam,Total War: Rome 2,1.play selucids 2.make 4 full stack army 3.put boat 4.rename army refugee 5.boat greece italy 6.begin takeover europe 7.profit,neutral,neutral,neutral,neutral
Steam,Final Fantasy 14,registering account hardest quest far,neutral,neutral,neutral,neutral
Steam,Final Fantasy 14,lost control life,positive,neutral,neutral,neutral
Reddit,Final Fantasy 14,nah lot issue msq combat design raid dungeon etc one best recent year mixed correct rating,neutral,neutral,neutral,neutral
Reddit,Final Fantasy 14,xiv's gearing system barebones think fine personally savage ultimate think fight fun gearing game make damage mitigation check easier tier go player cannot clear early tier less gear complaint gearing system take long get single job geared absolute worst luck could spending 8 week pf farm tome get weapon single job get bi bring ultimate problem gear seasonal useless tier take way long gear single job point pretty lucky recent tier remember asphodelos chest piece still locked fourth wing farm book weapon chest luck totally abysmal obviously keep people subscribed need introduce content allows farm equipment chaotic ar step right direction drop like another month really come criterion dungeon also,positive,neutral,neutral,neutral
Metacritic,Final Fantasy 14,there's one positive thing said final fantasy xiv online fairly different everything else market looking change pace typical quest grinder may find something refreshing ffxiv however current state difficult recommend game anyone certainly playable critical element game seem though designed keep people exactly arbitrary limit impede player progress furthered cumbersome interface lag extra-continental server deliberate pace play whether purposeful attempt level playing field casual hardcore square enix stated one mission simply stopgap measure company keep player rushing content quickly result punishing seeking invest sparse hour time game ironically seeking accomplish anything quick sitting likely also find disappointment plodding pace play becoming blindingly obvious ffxiv seems best suited plenty time hand unwilling uninterested playing game obsessively,neutral,negative,neutral,neutral
Metacritic,Final Fantasy 14,game could really something far many problem make game would strongly recommend especially many potentially enjoyable game coming next year old republic terra rift earthrise world darkness guild war 2 whatever reason developer game decided including basic quality life system worked previous mmo mail system friend need item crafting whatever reason need meet cost either time precious anima point system regenerates painfully slow lead another problem travel limited time consuming yes environment look great one quickly grows tired run city city hey maybe get city might want check local economy auction house system centralized marketplace city disorganized mess made player bazaar 10 review really 10 eqaction 0/1 make mention game suffer lag that's ridiculous server population barely top 2400 kind low new major release make seems like game barely handle even population well 2000 mark control laggy ui still noticiable let's say mind fact probably think square enix onto something want enter world eorzea one thing said come game looking least decent action going disappointed mentioned earlier auction house find looking bazaar guess crafting want everyone's mean everyone guess though oh know there's fatigue system game basically level class long get diminishing experience point either switch class yo crafting class can't resist take break would rather take slow craft gather material game's world might actually like game stand laggy ui twitch angrily thought craft length playtime decided someone else archaic control slow interface poor design choice oh god activison readying cataclysm put thought sit typical oh-sojapanese-it-hurts fantasy story seriously pas,neutral,negative,neutral,neutral
Steam,Total War: Rome 2,rome built day took 5 year 18 patch,neutral,neutral,neutral,neutral
Steam,Total War: Rome 2,divide et impera mod save game,neutral,positive,neutral,neutral
Reddit,Total War: Rome 2,leadup rome 2 launch ca faction reveal teaser playable faction finished many fan complained seleucid empire playable since popular faction rome 1 important power period ca announced surprise extra faction announcement would patched day 1 flc community groupthink basically assumed would seleucid empire obvious choice ca announced day 1 flc faction pontus many seleucid empire fan raged rage could especially twc forum comic meme made make fun extreme amount anger present ca somehow forcing play pontus something seleucid empire added flc shortly release people forgot ever controversy meme template endured,neutral,neutral,neutral,neutral
Reddit,Total War: Rome 2,old school almost ten year old back leadup rome 2 launch pontus announced preorder bonus faction seleucid empire much bigger powerful state unplayable launch pissed quite people wanted seleucids want play pontus inspired meme last day,neutral,neutral,neutral,neutral
Reddit,Total War: Rome 2,rome 2 tiny chance sometimes able recruit female general massive shitstorm forum arch warhammer made angry video occasionally option recruit general would ruin game video also featured screenshots showing entire recruitment pool made female general later proved modded photoshopped,neutral,neutral,neutral,neutral
Reddit,Total War: Rome 2,rome 2 added female leader like 2 year ago idiot offended,neutral,neutral,neutral,neutral
Reddit,Total War: Rome 2,rome 2 tooltip straight told touch absolutely favor,neutral,neutral,neutral,neutral
Reddit,Total War: Rome 2,damn seleucids available launch that's best campaign rome 2 far,neutral,positive,neutral,neutral
Reddit,Total War: Rome 2,exactly ’ playing total war practically entire life ’ really enjoyed pretty much every game series one extent another along countless great mod particularly medieval 2 serious disappointment time rome 2 launch even got patched pretty good game admit ’ like see proper full scale historical title hand warhammer 2 probably best game ca made decade ’ exactly complaining consistent high quality update warhammer upcoming rome remaster ’ seriously pumped one franchise better spot long damn time ’ really need fan either “ half ” series another fighting seems like ’ plenty go around,neutral,neutral,neutral,neutral
Reddit,Total War: Rome 2,thing total war game cutting empire management year there's less management need rome 2 rome 1 say warhammer v historical problem total war game heading decade point,neutral,neutral,neutral,neutral
Reddit,Total War: Rome 2,stoked remaster especially presence several feature cut newer title like fully dynamic battle map generation feature rome 2 attila throne britannia 3k recent mainline title dynamic skin unit based region recruitment never feature tw remaster agent greater purpose agent plenty powerful new tw game certainly great purpose trade diplomacy intiated agent diplomat honestly tedious click agent around talk faction add depth game 3k diplomacy best series far plenty depth diplomat nowhere sight rome 1 diplomacy diplomat basically useless terrible ai merchant ... okay frustrating low-level one kept getting bought ai got high-level one parked valuable resource forgot died train replacement merchant park resource forget exactly engaging,neutral,neutral,neutral,neutral
Reddit,Total War: Rome 2,well reply rome 2 also first new engine game design total war took forward criticism effectively given rome 2 region army limit etc big change rome medieval ii game released became smaller issue ca ’ going change personally still prefer lot lost feature instead regaining ’ steadily losing focus historical element ..,neutral,neutral,neutral,neutral
Reddit,Total War: Rome 2,depends aspect really rome 1 much character apart deciding wether commander governor govern thanks robust trait system rome 2 character important political career wether statesman governor much character aside deciding party draw general like making sure party character married promoted close civil war inopportune time empire management rome 1 mostly deciding settlement getting garrison increased governor going settlement going recruiting hub rome 2 decide building build province maximize economic benefit going differ province province due limited build slot along deciding province going recruit province going get commandment say lot rome 2 rome 1 rome 1 way deeper character development along way constantly improve character rather always going strategist line character rome 2 that's replenishment night battle campaign movement range buff,neutral,neutral,neutral,neutral
Reddit,Total War: Rome 2,yeah course didnt mean imply problem mean literally 1.5 k hour rome 2 honestly never even noticed female general register radar,neutral,neutral,neutral,neutral
Metacritic,Total War: Rome 2,insanely deep strategy whether tactician politician dec 2013 p 72,neutral,neutral,neutral,neutral
Metacritic,Warhammer 40k: Darktide,warhammer 40k darktide definitely worth buying love franchise even barely moment due hollow unstable hoping fix considered equal better vermintide 2,neutral,neutral,neutral,neutral
Reddit,Warhammer 40k: Darktide,really enjoying game counting minute full release put 70 hour beta definitely homer meme mean every statement meme also true crash run everything except ray tracing stable fps said game unplayable many due various error even high end rig zealot psyker trait particularly poorly designed fit class identity game mechanic well many people run game terrible performance meaningful crafting mechanic imo bit ridiculous full release game state arguably early access love game loved vt2 love wh general waiting two year game drop probably going put 20 hour weekend concerned game requires player accept live glaring issue including even getting game run player base die handful hardcore fan left mean shorter lifespan game possibly fewer resource future feature dlc want game popular well supported issue going major obstacle,neutral,neutral,neutral,neutral
Steam,Warhammer 40k: Darktide,ok better pre-order game pre-order,neutral,neutral,neutral,neutral
Reddit,Battlefield 2042,yeah play minimum four usually five six seven eight two group different discord channel playing different match server browser squad plus one bfv split group bring extra one 2042 trying get squad plus one plus two three match 2042 beating try anymore extra person 6th 7th log actually really enjoy 2042 really growing minus server browser non destruction can't understand decision getting rolled match sucked everybody left problem finding new game able figure people hate toxic chat others care toxic chat global chat turned bv5 since never looked anyway let player make decision,neutral,neutral,neutral,neutral
Reddit,Battlefield 2042,yeah bad game mean people complain like mostly long time fan sad direction franchise developing thing like missing class system stuff really symptom bigger problem dont care go look like alot fun feel could something amazing hoped would mw2019 cod franchise,neutral,neutral,neutral,neutral
Steam,Battlefield 2042,bad good like lukewarm water enjoy nothing else drink,neutral,neutral,neutral,neutral
Metacritic,Total War: Rome 2,’ rub every addition every sub-system every mechanic subservient war war total war really everything else directly related conflict come across ancillary rome ii game warmonger campaign map obviously battlefield peace happening nothing happening war happening rome come alive,neutral,neutral,neutral,neutral
Metacritic,Total War: Rome 2,core rome ii bad game feel horribly rushed,neutral,neutral,neutral,neutral
Steam,Wasteland 3,solid tactical game good story multiple choice however still feel underwhelming marketing claim rich story lot line dialogue scenario however seems small part actually affect main story indeed lot lore item read ... add completeness experience seems bit random combat experience character building well designed still feel forgiving literally change ranger failed build combat experience death ranger combat certain level first aid punishing enough difficulty level death permanent that's unforgiving sometimes even tankiest ranger full strenght best armor game get killed single shoot combat get wrong still enjoyed game people love wasteland universe probably find lot interesting detail familiar character expected game,neutral,positive,neutral,neutral
Steam,Wasteland 3,solid gameplay story core many rough edge major gap writing event beaten path complete nonsense even though earlier full set writing choice first made loading time atrocious combat ... fine mind-numbingly slow especially thanks control heavy slow animation somebody really liked wl2 meh best soundtrack amazing though,neutral,neutral,neutral,neutral
Metacritic,Wasteland 3,wasteland 3 way bad mediocre game clearly see passion went development spend hour upon hour dozen well thought non-linear quest interacting easy use well made role-playing system give true old-school gaming experience time wasteland 3 can't offer anything seen myriad countless technical hiccup definitely something expected see,neutral,neutral,neutral,neutral
Metacritic,Wasteland 3,wasteland 2 janky weird broken fantastic roleplaying game maintained sort gallows whimsy throughout playtime bound leave impression anyone good bad struggle ranger trying rebuild semblence old world nemesis insisting knifepoint old way must die fascinating sometimes screen-smashingly difficult depth occasional frustration well occasional brilliance panned unique memorable rpg spirit niche nerd title day gone developed pc lengthy crowdfunding period ported console year later wasteland 3 isometric 3d tactic game fully voice-acted narrative rpg element unlike predecessor wl3 released simultaneously console pc rather ported console later many way choice doomed game sell much better predecessor simultaneously buggy mess console utter mediocrity pc combat highlight main gameplay loop wl3 indeed fun tactic game combat overall feel strategic punchy though well sick slow animation speed midgame journey mostly linear every mission recommended level listed stumbling fight can't win fact even highest difficulty thoroughly op last third game combat losing zest ubiquitous rpg problem endgame one usually either steamrolling everything fighting improbable bullet point rpg would fall back worldbuilding narrative characterization give proper gravitas final battle even mechanic battle become boilerplate player unfortunately wl3 present anemic story told functionally voice-acted cardstock npc bleached paper background assured snowy colorado blank page camera pulled quite far back vfx layered like varnish audiovisual experience swampy mess much time overlap strange volume brightness ... everything look sound slightly like postapocalyptic wasteland slightly like glitchy game crash impressive detail sprinkled help give setting presence often invisible swallowed ambience bloom story told low word count limited player interaction inconsistent charecterization none villain interesting way morally grey likeable main antagonist silly anime hammer iron throne made eye rolled across floor that's deep get may well anthropomorphic truck whole time tl ;d r die-hard fan turn-based tactic combat game probably worth time like wasteland 2 hoping iterative followup wl3 likely leave frustrated disappointed,neutral,neutral,neutral,neutral
Reddit,Wasteland 3,tend agree think know want sell dlc need stable platform first possible get anything probably heartening news fix coming would far worse announced would dlc since would imply abandoning game,neutral,neutral,neutral,neutral
Metacritic,Wasteland 3,one buggiest game ever played crashed time count constantly reload previous save get around frequent game breaking glitch however extremely fun game work properly deserving 8 9 10 current state highest review give 5 recommend buying game current state extremely frustrating try play game terrible technical performance recommend waiting least 6 month buy get heavily discounted price hopefully game breaking bug worked,neutral,neutral,neutral,neutral
Metacritic,Wasteland 3,post-apocalyptic world desert ranger try rebuild society ash ’ fighting losing despite enjoying type rpg past wasteland never quite clicked partly due fairly regular disconnection trying play online multiplayer also storyline ’ interesting game like divinity said level freedom impressive combat fairly deep fan genre still check,neutral,neutral,neutral,neutral
Metacritic,Wasteland 3,game solid little make special worthwhile experience thinking would rather playing shadowrun instead old fallout,neutral,neutral,neutral,neutral
Steam,Wasteland 3,lukewarm opinion negative like many fight maybe that's thing there's lot useless non-junk item perk weapon guess add flavor big nothing kind flavor higher difficulty setting much challenge min-max game exactly npc getting better stats hp hit rate etc fight take much longer thought good idea alternative npc action pan camera every one wl2 good game wl3 keep oscillating good borderline g rbage oh get ready adjust volume level every playing session many bug poor implementation graphic great,neutral,neutral,neutral,neutral
Metacritic,Cyberpunk 2077,cyberpunk 2077 lack campaign length make breadth soul offering world intrigue violence unlike,neutral,neutral,neutral,neutral
Metacritic,Cyberpunk 2077,cyberpunk 2077 combine engaging story huge open world explore filled memorable interesting character work plenty way kill bug also part bigger discussion ethic releasing game technical issue mentality patching later currently pc day zero patch reduced occurrence ’ major game-breaking one even least another patch two said run flawlessly hopefully scheduled patch next month console version reach point worth playing maybe cyberpunk 2077 fare better playstation 5 xbox series x,neutral,neutral,neutral,neutral
Metacritic,Cyberpunk 2077,truly excellent game hidden beneath layer poor choice ’ much love yet copious bug performance issue ushering player away best feature get lost rubble ... played pc cyberpunk 2077 still impressive engrossing fun rpg despite flaw however assuming cd projekt red stick word fix problem potential genuine classic genre ’ difficult recommend playing worst best could something special,neutral,neutral,neutral,neutral
Metacritic,Cyberpunk 2077,bought month ago really started playing lately even update really felt yet game dull character cardboard cut-outs voice-acting meh animation movement laughable look stiff game scope proper motion cap would appropriate gunplay mediocre best ui ux totally fine control overall good also 2005 called want driving gameplay back atmosphere world detailed even special better game small studio would 8 easily maybe even 9 cdprojectred small studio price tag high plus promised lot stuff deliver release looking regard cdpr mind vision deliver fully 7/10 bad game mean game recommendable still good game still fun deliver think feel like still completed vision,neutral,neutral,neutral,neutral
Metacritic,Cyberpunk 2077,following multiple controversy surrounding cyberpunk 2077 decided purchase launch game's seemingly incomplete state action developer cdpr left lot desired many year later game finally reached version 2.0 reluctantly gave game shot ultimately conclusion cyberpunk 2077 pretty middle road still glitchy satisfying play functional good visual sound design ask recommend open world fps rpg pick pick fallout new vega,neutral,neutral,neutral,neutral
Metacritic,Cyberpunk 2077,cyberpunk 2077 game waiting big funny full quest lot rpg aspect perfectly integrated gameplay sadly lot bug,neutral,neutral,neutral,neutral
Metacritic,Cyberpunk 2077,several strength still fall short called great game,neutral,neutral,neutral,neutral
Metacritic,Cyberpunk 2077,game promised game advertised hubris cdpr became parody game represents statement corporate greed set initial upset aside ignore voice disappointed false promise cyberpunk 2077 genuinely good game work,neutral,neutral,neutral,neutral
Metacritic,Cyberpunk 2077,despite significant technical in-play improvement ps5 version much game ’ core remains unchanged quest design storytelling though without moment critical path often feel rife unrealised potential cyberpunk 2077 ’ abrasive personality still clear day inescapable script blaring night city ’ many questionable billboard choose venture night city hope find ’ looking issue p 72,neutral,neutral,neutral,neutral
Steam,Cyberpunk 2077,abbreviate cyberpunk,neutral,neutral,neutral,neutral
Steam,Cyberpunk 2077,impressive far perfect story wise game play wise,neutral,neutral,neutral,neutral
Steam,Cyberpunk 2077,kinda mid,neutral,neutral,neutral,neutral
Steam,Cyberpunk 2077,alright,neutral,neutral,neutral,neutral
Steam,Cyberpunk 2077,okay,neutral,neutral,neutral,neutral
Steam,Cyberpunk 2077,need bug repair amazing game,neutral,neutral,neutral,neutral
Steam,Cyberpunk 2077,shoot bad guy walking shotgun mission end repeat,neutral,neutral,neutral,neutral
Steam,Cyberpunk 2077,launch great 2.0 update well polished product,neutral,neutral,neutral,neutral
Steam,Cyberpunk 2077,really like ninja,neutral,neutral,neutral,neutral
Steam,Cyberpunk 2077,story player type merc'n fool adult story content,neutral,neutral,neutral,neutral
Steam,Cyberpunk 2077,night city never sleep,neutral,neutral,neutral,neutral
Reddit,Cyberpunk 2077,’ crazy ’ playing xbox one x minimal issue maybe 3-4 crash 20 hour game breaking bug,neutral,neutral,neutral,neutral
Reddit,Cyberpunk 2077,played 30 hour xsx one crash far,neutral,neutral,neutral,neutral
Reddit,Cyberpunk 2077,im 6ish hour yet experience crash series x,neutral,neutral,neutral,neutral
Reddit,Cyberpunk 2077,somewhat frustrated knowing stat progression advanced enough want play mission here's mean prioritizing leveling technical ability intelligence go mission often find one two level lower need open something technical ability use ability sneak around play stealthy hack build ensure tech ability high enough play way want mission sometimes high enough sometimes make want max everything play way starting mission need mission get xp guidance,neutral,neutral,neutral,neutral
Reddit,Cyberpunk 2077,’ playable enjoyable flawless,neutral,neutral,neutral,neutral
Reddit,Cyberpunk 2077,sucked hour life away please devs another helping ladder complaint ocean water effect seems like every time forgot save long time get launched bike bay mile nearest ladder shore good work night city's planner though never katrina flood matter cyber-augmented hurricane complaining long travel time devs implement autopilot better love bus subway used fast travel every car summon presumably autopilot legally required according one shard found let stay car pull nav autopilot stalk quick skip destination without going bus stop people park metro ride need summon car metro left continue driving make sense autopilot nonexistent game actually exists car meanwhile summon real life comically bad parking lot game's good enough traverse city traffic alone let give u skip destination like get cutscene drive hmmm,neutral,neutral,neutral,neutral
Reddit,Cyberpunk 2077,love game jesus hate filler car 100 identical disappear soon hit radius one time stood highway full minute watched traffic come towards vaporize like mirage,neutral,neutral,neutral,neutral
Reddit,Cyberpunk 2077,“ honestly expected much worse ”,neutral,neutral,neutral,neutral
Reddit,Cyberpunk 2077,ever since new patch actually running many frame drop texture pop-in anymore base ps4 version btw,neutral,neutral,positive,neutral
Metacritic,Days Gone,tweak pacing could reconciled warm frank look humanity something special,neutral,neutral,neutral,neutral
Metacritic,Days Gone,peculiarly constructed open world zombie game sideline unique feature favour generic action unengaging storytelling,neutral,neutral,neutral,neutral
Metacritic,Days Gone,day gone follows every post-apocalypse cue book combat level design bike riding well struggle overcome basic story,neutral,neutral,neutral,neutral
Metacritic,Days Gone,glimmer true excellence small stretch day gone especially fun polished however assembly various part suffers lack engaging story compelling character open world feel organic worth exploring,neutral,neutral,neutral,neutral
Metacritic,Days Gone,day gone alright first step bend studio competent open world game massive diverse environment explore even actually lot interesting thing also vanilla much substance beneath glossy surface,neutral,neutral,neutral,neutral
Metacritic,Days Gone,sure day gone good story character pleasant follow mission gameplay repetitive ai silly bug freeze frequent even ps4 pro u considering fully enjoyable game bad,neutral,neutral,neutral,neutral
Metacritic,Days Gone,day gone derivative enjoyable action-adventure beautiful environment using ai physic create exciting moment procedural entertainment familiar tale mankind struggling re-create society end world romantic through-line haphazardly structured under-written character busy calling son bitch asshole say anything moving original profound game fun fury – ’ thrilling time signifies nothing,neutral,neutral,neutral,neutral
Metacritic,Days Gone,day gone feature potentially interesting community-building mechanic appeal bikers v zombie game hard ignore never let best idea take center stage instead focus lackluster combat repetitive set mission move along kind momentum exists almost default big open world packed activity could never get fully engaged partly due dragging pace scattershot story off-putting protagonist frequent bug,neutral,neutral,neutral,neutral
Reddit,Days Gone,price horizon zero dawn remastered last part 2 remastered,neutral,neutral,neutral,neutral
Reddit,Days Gone,absolutely hated skizzo moment introduced love game character like game saying yeah please like character ... 😂 😂 🤣,neutral,neutral,neutral,neutral
Reddit,Days Gone,personally think 7.5 /8 rating game good repetitive gameplay loop thing needed tweaking resource availability endgame spent time fun hunting fucking can story needed bit love deacon's decision make sense reasoning clarified fact would reasoning beforehand janky stuff like get nero radio bit wizard island idk feel like bit specific character establishment early game love sarah boozer would've helped ton idk really easy game nit pick story-wise gameplay mostly fun though stealth mechanic little odd unexplained time thoroughly enjoyed game also able recognize flawless,neutral,neutral,neutral,neutral
Steam,Days Gone,get chance buy ps4 saw steam recommendation friend bought far good going want use whatever firewall computer block shit game moment install data collection policy absolute joke collecting diagnostic information pc something would absolutely okay state blatantly even limited data collection somehow still less invasive form collection look save literally anything website password via recording every key stroke computer game running folder content regardless file type least 2 data collection setting select even allow start game say devs collect save anything pc discretion reason make sure aimbotting ... completely 100 offline experience game like 8k re special occasion dick pic folder hiding days_gone_spinbot _100 _accuracy exe least valorant's vanguard system inspecting every single pixel pubic hair photo help keep integrity online competitive game even remotely passable tinfoil hat shit people dead as copy pasted data policy review thought embellishing make fuss refund game like booted game saw absolutely abysmal call damn sure next time see kind shit offline game buying acquiring mean plenty fuck shit tl ;d r fun game worth money use whatever av firewall computer block literally anything game rebuke access internet might find nude ad spot wish claimed sold data collection center right agree term,neutral,negative,neutral,neutral
Steam,Days Gone,leave cat everybody pass pet give thumb award ／ ＞ フ l ／ ミ＿xノ ヽ ﾉ │ ／ ￣ ￣ ヽ＿_ヽ __ ＼ 二つ,neutral,neutral,neutral,neutral
Steam,Days Gone,bloodborne next,neutral,neutral,neutral,neutral
Steam,Wildfrost,cleared true ending game come conclusion average steam user would call crosswalk unbalanced tried cross street light red got hit car,neutral,neutral,neutral,neutral
Steam,Wildfrost,want preface review saying got 600 hour slay spire go back try improve winstreak a20 heart run love deckbuilders love challenge picked game lot negative review said hard made want play want try articulate people might think hard that's actually something feel core issue game's design better comparison game deckbuilders monster train primarily offer decision player diverging path give two different set option reconnect experience new battle presumably improved deck believe monster train made decision space sufficient feel run winnable lose still look back run consider decision could made differently may may changed outcome believe wildfrost provides decision space true least feel true lot reason think case biggest persistent hp stat battle wildfrost battle independent problem mean can't bad matchup sts monster train accept loss battle know bad way deck built long make battle however wildfrost battle lost based whether keep champion alive sometimes lead interesting in-battle decision often leaf feeling like find tool answer wide range upcoming battle there's little could done differently second randomly generated champion interesting mechanic surface game much rng deckbuilder important understand constant option like champion class give foundation build randomizing champion offer novelty mean constant underwhelming starter deck chosen tribe win would want improve upon deck however actually accomplishing issue term card design many card fundamentally reliant certain synergy effective possible even likely choose companion item 3 4 option option good given proper synergy whether that's appropriate card already deck finding right charm hoping find synergy later find perfect synergy trivialize fight find enough synergy that's great succeed good play interesting run however find none make decision hope thing come together left deck fundamentally ill-equipped upcoming challenge synergy fun part make high-level play game like sts work understanding make decision help scale deck's capability make decision help create well-rounded deck answer variety challenge wildfrost rare get right resource create well-rounded deck many card charm conditional player limited number decision even get make course run begin still thing like game art style fun lot mechanic novel enough make game unique experience enjoy playing game lost early run paying enough attention state field lot little detail keep track personally enjoyed made learning combat lot interesting still reading unnecessarily long review think summarize saying enjoyed learning game learned game felt frustrated many design decision interested sinking ton time improving play might enjoy learning game well might enough feel like game worth playing however like want deckbuilder understand game really start dive nuance might find wildfrost harder come back,neutral,neutral,neutral,neutral
Steam,Wildfrost,hard decide whether recommend hopefully review make sense finish reading understand recommend wildfrost even think quite good interesting first game gorgeous probably reading review saw art game thought wow look nice course ton detail game make sense except maybe design main town make go building look similar design mechacnics wildfrost quite interesting need manage card ally summon board 6 check turn opponent take understand within game status ability work etc ... played lot card game like done see issue complexity variety usually good thing bring replayability allow different strategy that's soul every good card game however think wildfrost big issue term punishing unforgiving main character always field dy game lot avoid happen said lot going combat make small mistake usually game easy make mistake constantly pressed challenged combat set enemy different strenghts weakness need try setup powerful combo beat kind enemy small set option come mostly rng new hero card shop ... force rely 1 2 differents approach limit creativity lot also even plan run quite short unforgiving time adapt rebuild get great card first event dead hand unblock new card certain achievement ingame game better way would get slay spire similar game different card progress help winning soon stuck set card issue first game think wildfrost would benefit longer forgiving run chance experiment improve leave extreme challenge short unforgiving run end game current state enjoyed game devastating game wear see get anything better thing left crush wall rng good enough win,neutral,neutral,neutral,neutral
Steam,Wildfrost,seeing alot skill issue negative review,neutral,neutral,positive,neutral
Steam,Wildfrost,core holy shit balance run super polarized worst possible thing game like either land insane combo cruise get play game healing damage mitigation entirely scarce shame game amazing look upgrade system building town specific action run feel really nice act actually playing game give one run feeling lose one needed cook bit least get eye release definitely salvageable though gotta entire balance overhaul,neutral,neutral,neutral,neutral
Steam,Wildfrost,put game 130 hour time write review :) purchasing read lot negative comment game hard even first bos unbeatable raised curiosity checked several video youtube retromation particular game easy fun play decided give try disclaimer played 3 year mtg online offline played slay spire sts 475 hour beat heart 4 hero 1st 2nd level ascension know well genre summary — would definitely recommend wildfrost looking something similar sts new tweak mechanic find beautiful artwork descent level complexity place need think several turn advance order pas bos however looking game like sts need game already sts wonderful game best genre opinion decided purchase wildfrost tip make easier play 1 rush please read text enemy ally turn lost many battle dumb move hero eaten ally additional damage passed misread text 2 try play dozen game idea beat fight try way getting money setup combo 3 check youtube idea build 4 afraid using de-buff bell give money additional crown start always pick vase even going beat true final bos 5 additional health healing op beat final bos true final bos many ability heal ally add hp mega combo-wombo synergy hope review useful great time gl hf,neutral,neutral,neutral,neutral
Steam,Wildfrost,wildfrost reel cutesy comfy aesthetic utterly rip apart leave one unit wrong slot 6 anxious play three-card combo paying attention unit-tickers that's game's fault that's wildfrost really hard reviewer complaining enough healing mitigation need stop thinking slay spire need perfectly block many turn possible unit making one 1 hp end fight perfect play tm health resource use unit arguably work better coming next fight injured even razor's-edge philosophy toward fight balance similarly extends progression entire run keep mind throughout run various enemy gimmick various gimmick unfair punishing hard counter definitely final bos utilizes exact gimmick can't pas midterm exam possibly clear final exam fact there's bunch negative review saying got wiped second even first fight speak wonder wildfrost mixed review people bought game expecting harvest moon got dark soul turn-based strategy tm instead almost every single negative review speaking wild imbalance game speaking perspective refused adjust wildfrost's expectation player literally playing checker wildfrost asking play chess looking comfy time suggest listening excellent ost lonesome something like reading good book looking sweat ball agonizing every trigger massive combo turn every turn get wildfrost,neutral,neutral,neutral,neutral
Steam,Wildfrost,really like game also understand lot negative review coming lot mechanic game would helpful player communicated well thing come mind think improved make apparent attack order better understand game mechanic make clear attack area hovering enemy example learnt hard way know enemy take 2 lane attack lane mentioned tutorial make clear available option could get card pool trinket pool know get base game quite difficult make decision decision feel little arbitrary clear enemy battlefield next wave next wave come early communicated cannot exit shop clicking screen snail go annoying accidentally reenter shop thing think would make rich experience seem present way weight certain type build likelihood run choose see frequent poison card etc prevalence aimless need reduced enemy make fun try strategise largely feel uncontrolled unfair give way modify game eg healing item lower higher countdown timer enemy enemy enter snowed always start random trinket etc etc feel like would really free people feeling game suffocating difficult everyone would able set modifier play game want would also open potential diverse challenge run need part daily challenge allow u reroll starting character make almost certainly way starting character could viable moment seems like starting character objectively worse forced play mechanic want play frustrating player frustrated game agree game need rebalance think comparing ftl better comparison slay spire ftl frequently bad run handful viable build seems approach developer tried take game main thing think people actually complaining casual fun looking art style accurately set expectation difficult ftl-like experience think game amazing potential need attention allow customisable fair experience player even without would still recommend experience anyone like appeal art style however know game really quite hard okay failing run embrace roguelike experience,neutral,neutral,neutral,neutral
Steam,Wildfrost,difficulty steep like really steep ascension system like similar game slay spire monster train modular system like hades seems take approach system allow player challenge thing difficulty level would prefer reason make lowest level extremely difficult skill understanding demand harsh outset ramping difficulty need shed crutch using kick knee day one say crutch give opportunity make harder maybe need git gud matter much lose dont feel like learning anything poorly feedback die sometimes suddenly interaction notice instantly kill leader sts buffer health teach arent blocking enough dont deal enough damage deck bloated arent scaling fast enough straightforward see wrong game tell stabbing hp ascension 0-20 learn improve sometimes time im yep got bad luck run usually least see wrong even im good enough actually better wildfrost every death guess died ... like game art music yes even gameplay great cannot actually enjoy playing recommend anyone unless seriously good deckbuilders like seriously good first started made happy cute interesting cute art overshadowed bad feeling frustration,neutral,neutral,neutral,neutral
Reddit,Wildfrost,struggling get win people making wmd smh,neutral,neutral,neutral,neutral
Reddit,Wildfrost,move tank damage oh lost,neutral,negative,neutral,neutral
Reddit,Wildfrost,obvious tl ;d r long exceeded character limit comment dang … attempted write part marked bold different section single run finishing remark using dread bell part reference general strategy important act plan early latter section less wrote somewhat late night ’ sure mistake ’ probably could share people actually help improve question happy answer go 70 run 60 hour ’ thought lot strategy ’ like share learned experience long read feel free find specific section comment looking certain bit information story success setting consistent game plan final battle true ending battle section marked spoiler ’ worry reading part 1 story countless loss sometimes intentional throwing run sake achievement metric managed get first vanquish 35 run 10 run later getting much consistent winning every run softlocked game alloy frost guardian fight flipped card glitch ’ want stop playing wildfrost though started playing new profile since ’ switch ’ two stat page image apparently learned win though one loss new file new file played 3 run without bell 1 run 1 bell 1 run 2 bell subsequent run 3 bell ’ worth noting think 3 bell easiest knowledgeable player 0 bell 2 1 bell hardest extra bling enemy charm rough especially early round crown 2nd bell option 3rd bell help player improve consistency chose whatever leader thought best three equal would choose clunkmasters card easiest consistent opinion part 2 choosing leader pet go initial choice matter lot many observed leader created equal look hard rule guideline opinion 2 key stats health cooldown timer need 8 health survive aimless hit bigfoot frost lancer never want risk 1/3 chance leader happens lane go less 8 health ability better nice cooldown 3 4 fast 5-6 slow meaning 5-6 usually hit enemy get hit battle note many charm card boost damage output far fewer enhance health reduce cooldown ink snow demonzie barrage “ activate x hit ” usually really good ability offer consistent utility strategize plan future card pick around unique ability work may battle struggle smackback really good ’ smackback countdown thing get little dangerous end run leader need trusty pet go choose pet help enhance leader ’ ability leader smackback applies effect hit gain buff battle probably want booshu take hit safely leader chose clunkmasters may consider sneezle help draw card set early battle set crazy combo leader barrage ’ much damage lil ’ gazi great choice leader large cooldown timer snoof might good slow opening pace battle used loki tandem leader demonize stack lot demonize status never used spike win streak probably ’ use two much part 3 early game strategy start run find facing snow creature little know important battle frost guardian seriously stand currently key consistency wildfrost wallet full bling thing buy shopping option available choose get bling combo beating goblings let said health expendable resource long ’ hit zero win without injury plan using especially early run money care first two battle battle 1-1 leader maybe pet 2 bell active combo potential limited leader item point focus gobling ’ pet use snow inducing item stop fleeing make cool 4 bling proceed hit low damage item even junk clunkmasters since 0 damage hit still get 4 gold pet try set x3 combo pet leader item x2 combo good want 40 bling end fight possible battle 1-1 one two path 2 frozen traveler 90 time usually take path getting two companion put limit pet time let know work rest run occasionally may liked companion choice ’ unfortunate pick one ’ take double companion sure get companion 1-2 searching companion late game usually opportunity cost hit companion limit avoid path new companion possible ’ looking powerful card charm friend subject 6 win streak 10 win streak lost due finding companion liked also forced take companion path late game early companion consistent book game may still say “ screw ” occasional run give ’ need,neutral,neutral,neutral,neutral
Reddit,Wildfrost,many run barely beat last bos either ending agree thing need rebalanced calling terrible may playing game also creating broken run within rule game really fun hope stay game sense,neutral,neutral,neutral,neutral
Reddit,Wildfrost,thanks really like card fight much one perfect even get charm instantly win game,neutral,neutral,positive,neutral
Reddit,Wildfrost,kill 999 life ink,neutral,negative,neutral,neutral
Reddit,Wildfrost,epic sacrifice run excitement dealing final blow final bos beefed monchi moved top row … swiftly destroyed bos devoured leader …,neutral,negative,neutral,neutral
Reddit,Wildfrost,hi first like say game definitely tier music art gameplay good imo wondering difficulty curve deck building aspect something wrong already time charm pet etc unlocked problem usually leader find crappy unable cohesive build time hit 3rd bos usually first actually tough fight something core missing usually card place feel rng draining making impossible get real progression,neutral,neutral,positive,neutral
Reddit,Wildfrost,’ saying someone 20 streak right true ending boss control fight run ’ one shot like long haul biggest threat depend deck look like general want set main floor jailer ’ want set 3 best unit barrager snow resist “ fodder ” throw away barrage floor soak hit ’ hit main floor tanky companion longer care clunkers summons lock frost crusher dude gain attack per strike snow snowcake easiest answer ’ form extra snow always priority add run otherwise guy grow control fast predict lot card destroyed frost junker also need locked since gain attack 2 cooldown count defensive option aimless lancer one threaten leader damage carry assuming floor generally follows form leader carry tank change game game pretty typical pom juice top tier shell card example frost also work worth noomlin lumin vasing card well try let muncher dude destroys card get rid worst card actually improve deck consistency way drawing snow debuffs often noomlined card often key card often generally set create gameplay loop lock enemy scaling even relatively slow deck mine end category survive long enough kill jailer jailer dead typically fight solved since freedom movement back,neutral,neutral,neutral,neutral
Reddit,Wildfrost,balance definitely perfect content qol feature like able reroll choice starting character always great,neutral,negative,neutral,neutral
Reddit,Wildfrost,dont know guy truely love game hard dropped struggle getting fight previous team one managed end run reach getting destroyed 🫠,neutral,neutral,neutral,neutral
Reddit,Wildfrost,yeah get insane damage slapcrackers 4 take away aimless 2 item already 7x4 damage add goat charm apply demonize suddenly damage 7 14 14 14 could easily boost damage even,neutral,neutral,neutral,neutral
Reddit,Wildfrost,gonna parrot obvious answer throw ink snow snowcake devicrow imobilse kill keeping leader inked leave useless chickchi largely ignored unless there's something need kill behind eg iceforge tusk leader kill snowforge tusk asap iceforge make leader threat even inked teeth make life harder kill devicrow simply deal scaling proceed throw item leader get around teeth smackback,neutral,neutral,neutral,neutral
Reddit,Wildfrost,think game really knowing could come knowing tool recommend getting really good one clan know tool available example comfortably get 10-15 streak first clan since know in out card companion combo work every time shademancers 2nd clan get 5 streak consistent since explored combo yet notice win shademancers usually look something like straight steamroll final secret bos clunkers similar experience coming 10 bell btw know successful higher bell,neutral,neutral,neutral,neutral
Reddit,Wildfrost,literally confirms balance terrible lmao game fun run ’ either breaking game way like ’ dying teeth halfway run ’ find anything broken,neutral,negative,neutral,neutral
Reddit,Wildfrost,feel way ’ never even came close think might played 10 hour taking time strategizing moving player around … one point right second bos get completely destroyed feel like ’ lv 10 v lv 60 rpg overall feeling got money worth fun ’ going one game ’ never beat ’ consider bad game maybe something never clicked game,neutral,neutral,neutral,neutral
Metacritic,Wildfrost,roguelite deckbuilder ’ perfect mobile enough charm novelty make worth playing,neutral,neutral,neutral,neutral
Metacritic,Wildfrost,wildfrost excellent roguelike deck builder able stand crowded genre fresh idea outstanding presentation ice-cold level difficulty still need bit fine-tuning,neutral,neutral,neutral,neutral
Metacritic,Wildfrost,difficulty become little frustrating time wildfrost ’ card-based combat consistently fun seeing town snowdwell progress fantastic incentive keep playing ’ enough keep coming back ‘ one ’ run,neutral,neutral,neutral,neutral
Metacritic,Wildfrost,sleek presentation engrossingly deep gameplay make wildfrost distinctive roguelike deckbuilder ’ brutal learning curve might snow persevere learn ’ overall great time game,neutral,neutral,neutral,neutral
Metacritic,Wildfrost,wildfrost attractive roguelite side difficulty high lack consistency card effective composition far rare,neutral,neutral,neutral,neutral
Metacritic,Wildfrost,great roguelike card game wildfrost course cute cuddly may seem first glance art style deceiving gameplay inexorable countdown perfectible balance forgive slightest mistake take patience give chance fuel little stubbornness get best definitely worth,neutral,neutral,neutral,neutral
Metacritic,Wildfrost,would recommend wildfrost anyone enjoys deck-building battle game like ’ probably great introduction newer player genre,neutral,neutral,neutral,neutral
Steam,Final Fantasy 14,game complex lot walking pointless task reason still playing lol,neutral,neutral,neutral,neutral
Steam,Final Fantasy 14,ight,neutral,neutral,neutral,neutral
Steam,Final Fantasy 14,know la-he,neutral,neutral,neutral,neutral
Steam,Final Fantasy 14,come ff said fun said ... okay guess run smooth whole lot bug buy complete job store first start skip dlc content wont able another character think dumb unless buy item reset dumb wow,neutral,neutral,neutral,neutral
Steam,Final Fantasy 14,game fine,neutral,neutral,neutral,neutral
Steam,Final Fantasy 14,im cat im kitty cat go meow meow meow,neutral,neutral,neutral,neutral
Steam,Final Fantasy 14,cat girl,neutral,neutral,neutral,neutral
Steam,Final Fantasy 14,actual flying gorilla,neutral,neutral,neutral,neutral
Steam,Final Fantasy 14,yea alright,neutral,neutral,neutral,neutral
Steam,Final Fantasy 14,alright game :],neutral,neutral,neutral,neutral
Metacritic,Final Fantasy 14,new final fantasy potential become rich vibrant mmorpg potential used enough lot technical mistake lot strange design choice make harder player fully engage game maybe lot update patch game becomes beginning,neutral,neutral,neutral,neutral
Metacritic,Final Fantasy 14,somewhere player game perfect would still advised wait another six month even thinking final fantasy xiv square enix yet got head around player,neutral,neutral,neutral,neutral
Metacritic,Final Fantasy 14,pretty polarizing review game anyone rate 0 10 immediately discounted reality somewhere in-between game perfect stretch imagination also without potential sure square enix work cut make game truly enjoyable here's hoping start listening player base sooner rather later,neutral,neutral,neutral,neutral
Metacritic,Final Fantasy 14,pretty much review accurate albeit score scewed problem complain low score review well good point high review crafting system robust involved requiring player write recipe learn leaf look online graphic top notch yet experience graphical hiccup rig game casual friendly way people usually use term basically meant said casual reference game people time play much week fall hopelessly behind way game set casual player progress almost much hardcore player freely change job equipping job weapon type mix match ability different job turn interesting later road con oh abundant first foremost menu system anything game requires go menu bad game unresponsive combat menu huge lag time player click action action carried combat kill twitch gameplay well timed move win day pray move go time save crafter mean half time spent crafting done sitting menu waiting next option load game reliant crafting gameplay feature unacceptable crafting also include market system obvious wanted hamper rmt's game imo using free play style player market correct way go basically hired retainer sell item several market ward set house people want sell thing problem 1 unorganized mess player scattered around different market along main walking path search feature yet one implemented later hear finding specific piece gear mat take hour end searching endless people discover one selling mat require like ah system permeates mmos ftp market system even worse understand thought would good idea game anima system allows teleport location get excited blow point around week seriously lving job get one point back every 4 hour hate developer try extend play time useless thing people saying done design think way contribute gameplay timesink milk money subscriber chat system also incomplete point global chat people talking buy sell good guild system also incomplete time writing company talking yet implemented many quest game yet find one every time able like 2 day wait leaf finished tri weekly leave quest spend rest time grinding till reset pro con others leave interpret thats good bad lastly glitch fixed review state game currently based promise future far experienced great deal glitch gamepley mob constantly resetting regen hp still hitting people appearing dead screen able target devastating trying heal people healer past week able send tell people party chat linkshell chat coming unnamed something addressed week ago came back day later sometimes quest update especially kill fleeing mob guildleve get ambush location basically sum game show promise listen player base fix numerous gameplay problem thinking buying would wait month two see dev team responds problem game early adopter sure frustrating time gate one,neutral,neutral,neutral,neutral
Metacritic,Final Fantasy 14,going say game good right deserves 5 feel game diamond course unfinished unpolished still facade rock ugly rock game extreme potential let face square never aimed storm market pc mmos ... game ps3 everything scream console controller square six month extended public beta let's call gamma :) console version come believe ps3 version taken feedback gameplay issue bug exploit balance lag ect deliver version ffxiv ... sadly expense thousand people hope pc version serving guinea pig including still ponder wait wait month buy ps3 version one wait ps3 version come buy pc different game,neutral,neutral,neutral,neutral
Metacritic,Final Fantasy 14,checking six month game's obvious flaw corrected possible search centralized list specific item sold market ward game's version auction house gaining sp game's version xp party tweaked recent patch 3 march introduced traditional npc quest game remains free monthly fee game box available heavily discounted retailer game still rate average even fan's eye though new npc quest mentioned award sp gil money even monster killed npc quest give sp gil imagine finishing quest kill ten foozles wow instance getting xp gold either foozles quest sole way advancing game remains killing countless mob outside npc quest structure design decision baffling general attitude _both_ development team since original one reassigned late last year seems grinding advancement lore background ever translate paying subscription beyond limited knowledge conclusion wish gamers developer best luck devoted fan final fantasy game still deliver anything average experience,neutral,neutral,neutral,neutral
Metacritic,Final Fantasy 14,there's lot consider building ideal class there's far little interesting structured content chew resulting experience quickly grows tedious tiresome,neutral,neutral,neutral,neutral
Metacritic,Final Fantasy 14,satisfyingly different promising rough around edge would sum ffxiv pro beautiful game excellent macro system variety multiclassing multiskilling save equipment exit g get reference ... patronise user everything true team game partying working together story con ui currently clunky take getting used lag battle animation horrendous annoying accessibility information easy info game finding harder summary game alot potential different war wow lotro put many people guessing however stick game rewarded variety open ended game play generally fun time note game working together others forming linkshell company guild solo affair massive online multiplayer game go work others 6/10 currently losing point due bug confident patched,neutral,neutral,neutral,neutral
Reddit,Final Fantasy 14,hello wondering anyone else issue randomly disconnected game despite stable internet connection past day happen like hour according monitoring tool read somewhere else internet connection never went time,neutral,neutral,neutral,neutral
Reddit,Final Fantasy 14,there's string ddos attack past week probably getting disconnected connection,neutral,neutral,neutral,neutral
Reddit,Final Fantasy 14,gear cycle crafter expansion instance everseeker right side left side tool stop bi,neutral,neutral,neutral,neutral
Reddit,Final Fantasy 14,scrip gear never bi can't overmelded that's specifically called catch-up gear based endwalker gear similar base stats crafted gear released previous patch two meld slot gear one tool intend craft lot want make gear raid much need craft ton food pot usually completely fine master recipe crafting may need hq pre-crafts may require tisane food everything fully pentamelded bi could get away without teamcraft recommendation budget set meld macro actually gear,neutral,neutral,neutral,neutral
Reddit,Final Fantasy 14,much people miss talking npc quest see many people pick quest leave :(,neutral,neutral,neutral,neutral
Reddit,Final Fantasy 14,weird mount read description pom end tail part ’ alive whole mouse part like limb mind controlled,neutral,neutral,neutral,neutral
Reddit,Final Fantasy 14,really hit mechanical looking ridiculous still like much,neutral,neutral,neutral,neutral
Reddit,Final Fantasy 14,difficult especially floor 191 thing go awfully wrong blm terrible handling bad situation try many time new run killing mistake blm terrible that's challenge summoner good job start handle many thing first 50 floor try go floor 51 get easier floor 100,neutral,neutral,neutral,neutral
Reddit,Final Fantasy 14,yes made 3 year period still work progress,neutral,neutral,neutral,neutral
Reddit,Final Fantasy 14,bomb toss puff smoke fiery explosion never thought entering dungeon clear status though,neutral,neutral,neutral,neutral
Reddit,Final Fantasy 14,still remember trying support job first time spent couple hour reading play astro setup gear practiced spell ability joined dungeon told people first time healing tank b line multiple pack using damage mitigation died far range shit horrible healer 10/10 never healed ff,negative,neutral,neutral,neutral
Metacritic,Battlefield 2042,battlefield 2042 bad shooter release quarter year really needed bring a-game done,neutral,neutral,neutral ,neutral
Steam,Battlefield 2042,wish middle meh thumb rating that's feel game doesnt feel like main battlefield game rather spin feel gritty cinematic like battlefield expect rather feel clean cheap fun realize 6/10 kill bot feel like im playing dead game that's 10 year old really hope next battlefield game nail battlefield filthy formula captured 3 4 1 v forever forget bland boring game,neutral,neutral,neutral,neutral
Steam,Battlefield 2042,90 discount good,neutral,neutral,neutral,neutral
Steam,Battlefield 2042,love hate could ..,neutral,neutral,neutral,neutral
Steam,Battlefield 2042,worth 60 buck damn worth 15,neutral,neutral,neutral,neutral
Steam,Battlefield 2042,took 4 season yeah give go update mid season 6 player count way continued fix broken thing ... case broken fixed thing ... there's ... still playing time come,neutral,neutral,neutral,neutral
Steam,Battlefield 2042,better reputation worse predecessor,neutral,neutral,neutral,neutral
Steam,Battlefield 2042,fun worth full price ea play 4.99 mo steam buy one month play game get bored unsub ea play way cheaper spending full even sale price,neutral,neutral,neutral,neutral
Steam,Battlefield 2042,90 really care bad launch long devs keep supporting compared saw open beta first year better state price right launch price waited bother 3 year congrats played since hardcore fan bf series therefore speak veteran think got paid entirely polished bad either feel free disagree cheating situation rampant bfv gonna get worse sooner later knew getting looking towards sinking 1000 hour purchasing in-game stuff casual fun thanks coming ted talk clown award appreciated,neutral,neutral,neutral,neutral
Steam,Battlefield 2042,h2 enjoyable fps mediocre battlefield h2 battlefield 2042 worst bf launch ever seen life somehow managed claw way back something that's somewhat enjoyable willing look game goofy spin-off mainline battlefield title 2042 play like every hyper-movement modern shooter little teamwork revamped class silly character operator map honestly forgettable vacant obnoxiously massive hyped portal mode probably disappointing aspect 2042 anything feel like half-baked knock-off older bf title played great idea poorly executed like many thing game oh course there's in-game store complete hideously tacky skin cosmetic buy irl money simply put 2042 terrible battlefield game decent fps time waster would recommend heavy discount talking 15 less outside skip,neutral,neutral,neutral,neutral
Steam,Battlefield 2042,fun best battlefield many issue hard believe considering long game,neutral,neutral,neutral,neutral
Metacritic,Warhammer 40k: Darktide,problem can't death korps krieg bad least use shovel,neutral ,neutral,neutral,neutral
Metacritic,Warhammer 40k: Darktide,yes game buggy right fps ’ always crash core gameplay mechanic solid brutal great game casual gamers 40k fan alike,neutral ,neutral,neutral,neutral
Metacritic,Warhammer 40k: Darktide,let start saying love warhammer 40k aos game universe already get attention control mostly good combat feel smooth every weapon feel different fight really add build variety 4 class maxed around 500 weapon 150 curio earning weapon mod atrocious way get another purple blue orange item dismantle blessing another grindy mechanic could worse issue higher difficulty hard testing skill making use environment survive difficulty game every 2 second enemy mob appears behind mid swing lose toughness take chip hp damage poxburster appear explode 2 second sound ques specialist go mauler smash hammer behind game wanted someone go pathetic ever played elden ring rember morgot clearly trained mauler delayed attack easy dodge factor fatsharks abysmal server nice little lag spike go thought dodged mob 40 magically appear behind swing go full health literally one hit teammate everything run ahead play like selfish 11 year old actually watching back like watching end great game problem either make match great time absolute worst 30 minute life depending multiple factor control like bad teammate horrible server 30 specialist spawn throat like goku using instant transmission regarding lag internet internet incredible run every game smooth butter especially series x fatshark care use dedicated server kid india play everyone else suffers fix server would 9/10,neutral ,neutral,neutral,neutral
Metacritic,Warhammer 40k: Darktide,thing game really really well graphic effect style amazing soundtrack top tier gun sound great map really atmospheric thing game poorly terrible fps frequent crash big clunky ui disconnect multiplayer issue happen lot enough map area feel way repetitive mission select terrible random mission random difficulty timer 4 class feel samey progression bad play multiple hour horrible weapon level enough hope get shop class talent feel weak unrewarding game like added premium cosmetic store launch really fix many big issue game probably fixed update game could great eventually progression lack anything interesting class make hard want play much,neutral ,neutral,neutral,neutral
Metacritic,Warhammer 40k: Darktide,core game good way presented game released unfinished myriad bug amount content launch really worth asking price element game finished like crafting user interface leaf lot desired mission selection limited say dissappointed understatement fatshark capable better done better game,neutral ,neutral,neutral,neutral
Reddit,Battlefield 2042,psn acemaverick 92 want play battlefield 2042 fucking comms 😂 pretty decent miss old day voice chat every game,neutral,neutral,neutral,neutral
Reddit,Battlefield 2042,enjoyed quite bit time can't see game sort longevity,neutral,neutral,neutral,neutral
Reddit,Battlefield 2042,may make money initially people going stick likely go back previous game,neutral,neutral,neutral,neutral
Reddit,Battlefield 2042,screenshot xbox series x run game 720p unfortunately least fps booster let run 120fps least something :d,neutral,neutral,neutral,neutral
Reddit,Battlefield 2042,play ps5 pc mile better pc seems like miss much stuff like amount tracer air flying put disadvantage playing console,neutral,neutral,neutral,neutral
Reddit,Battlefield 2042,m1 garand far best dmr vertical recoil broken magazine capacity hamper far better dmr option,neutral,neutral,neutral,neutral
Reddit,Battlefield 2042,got little bored even nerfs ’ still monster feel unfair sometimes go sfar lol ’ rank like 150 ish ’ use anymore,neutral,neutral,neutral,neutral
Reddit,Battlefield 2042,hey dude asking dmrs better use dmrs curious thinking understand negativity,neutral,neutral,neutral,neutral
Reddit,Battlefield 2042,yea surprised ’ used enough get rough estimate sometimes hit sometimes ’ lol,neutral,neutral,neutral,neutral
Metacritic,Warhammer 40k: Darktide,level look great nice fight enemy different character specialise even play different way continuously update depending team mate experience could satisfying pretty unsatisfying mission level kind random many time experience feel familiar recommend sale still many people playing,neutral ,neutral,neutral,neutral
Metacritic,Warhammer 40k: Darktide,simple co-op game could spam class would mostly okay ’ one horde-based game play friend kill time want frenetic action without much planning ’ good ’ visually really good progression ok class mechanic weapon choice still go extra co-op mile create real need case one campaign mission make clear game planned long-term abandoned poor initial reception buy discount kill time friend ’ rather recommend something like helldivers 2,neutral ,neutral,neutral,neutral
Metacritic,Warhammer 40k: Darktide,combat music good bad story endless grind uninteresting reward,neutral ,neutral,neutral,neutral
Metacritic,Warhammer 40k: Darktide,reading devs give option remove equipment scroll wheel want switch 2 weapon grenade aswell game 4 player pve co-op game like left 4 dead 1st gripe solo mission option can't find online player fill game bot worst bot ever seen basically like playing game built 4 player instead online 1 ignore time requiring assist never get kill online player join halfway lower level struggle find game sure later level thou live uk probably make worse aswell populated country like state may bad second issue starting weapon basically useless tried couple class 1 pistol ability kill enemy cool took age get kill character great start tried veteren casual experience dmr type weapon also great unless got team help close combat get overwhelmed allot melee weapon much gunplay best worst overall mechanic bad level design alright game cosmetic micro-transactions intrusive forced game people feel pushed spending money game paid wanna give little extra extra point overall issue game unless got friend also play game really hard enjoy game allot potential really wanna enjoy using public lobby mixed bag find game team experience fps game great find game people experienced player constant mayhem feel like making extra mission balanced around solo experience would great,neutral ,neutral,neutral,neutral
Steam,Warhammer 40k: Darktide,core gameplay amazingly fun addictive everything else much game released much ux lacking story call non-existent half option crafting implemented yet time writing review item progression time-gated cool cosmetic locked behind real money shop pay full price freemium monetization model mobile gacha game use sort sick joke flood negative review people like want love game design choice dev team making increasingly harder saving grace game banging soundtrack actual core gameplay prospective buyer read review bother picking game current state unless get 50 discounted,neutral,neutral,neutral ,neutral
Steam,Warhammer 40k: Darktide,in-mission gameplay fantastic best visuals game seen amazing detailed thematic environment weapon character bring 40k life game best combat responsiveness modern gaming scene hit enemy angle force react hit based weapon weight getting thrown aside multiple animation hit enemy laser gun leaf burn mark cracked armour reveals face underneath bullet whizz past enemy flinch try find cover lot awesome gore negative rating game seriously lack meaningful progression launch nothing short terrible horrible optimisation problem even less thing cosmetic shop insult player already paid money product yet want fantastic cosmetic artist made need spend real money get rather earning playing game love game want see succeed suggestion hope fatshark would consider remove level cap 30 let u level indefinitely show dedication specific class milestone reward bonus gold new player frame unlocks png team artist could bash 100 day easily add earn-able player title displayed player first name low effort addition would let player customise give reward fill indefinite extra level would reward still fulfilling watch player rank go let u earn premium currency challenge understand time needed create brand new cosmetic fresh new model re-skins time consuming process let player want buy skin outright also let player want buy earn long period time playing game fun weekly challenge obtain need way see stats game general weak argument made fatshark showing stats increase toxicity ridiculous toxic player regardless game stats important player review build made good see new strategy working well give u weapon stats let u see many enemy killed gun could even make obtainable upgrade player level attach gun like show many enemy slain game great potential fantastic developer thank fatshark bringing 40k life continuing improve game please listen community people considering buy worth £ 30 happy spend around 50-80 hour gameplay getting bored say worth,neutral,neutral,positive,neutral
Steam,Warhammer 40k: Darktide,fun first irregular flow update lack substance beside gear grinding become stale good game play atmosphere playing map get boring real fast 5/10 fatshark add real content game,neutral,neutral,neutral ,neutral
Steam,Warhammer 40k: Darktide,pro burn heretic kill mutant purge unclean emperor mankind soundtrack slap harder thunder hammer lasguns feel like true lasguns like nerf-blasters bolter feel sound great weaponry melle ranged feel generally good pleasant purge heretic visuals atmosphere superb cadian origin veteran 11/10 zealot's voiceline blood emperor skull golden throne ogryn con chashed million time cadia many bug joke toaster adeptus mechanicus less optimized insert joke let known game crashed guard,neutral,neutral,neutral ,neutral
Steam,Warhammer 40k: Darktide,fun game lot issue,neutral,neutral,neutral ,neutral
Steam,Warhammer 40k: Darktide,buggy good,neutral,neutral,neutral ,neutral
Steam,Warhammer 40k: Darktide,still broken sorta playable,neutral,neutral,neutral ,neutral
Steam,Warhammer 40k: Darktide,game's fun work edit game work guy,neutral,neutral,neutral ,neutral
Reddit,Warhammer 40k: Darktide,’ seen people complaining really enjoying game almost every post ’ seen complaining start “ game really fun ” say ’ like ’ like game maybe like game much much insult people get upset see much better could excuse sort behavior still deplorable act childish like thought community ’ like,neutral,neutral,neutral,neutral
Reddit,Warhammer 40k: Darktide,first two pretty great third one ... well third one great example happens build game ground cater esports without understanding actually drive people play game level bad game per se felt really clunky moba-style gameplay crossed proper rts weird super well thought balanced cardinal sin dow 3 always lack transparency development longest time people expecting sequel favourite dow title 1 2 feature liked one new stuff expectation firmly place completely new game built around whole different gameplay model kind always destined fail never seen community turn completely devs beta confident enough bake hint first dlc end cinematic campaign iirc support game even survive year,neutral,neutral,neutral,neutral
Reddit,Warhammer 40k: Darktide,enjoy game looking forward month every player veteran power sword bolter imbalance going play casually expect thing bumpy year subreddit going get even worse thing start nerfed buffed fixed broken,neutral,neutral,neutral,neutral
Reddit,Warhammer 40k: Darktide,general always hesitant check online forum game like almost always lean toward negative negative point invalid anything that's get magnified find starting get frustrated thing bother read post check forum give light skim instead ultimately matter enjoying game reason,neutral,neutral,neutral,neutral
Reddit,Warhammer 40k: Darktide,’ also enjoying game also want realistic fact game ’ ’ supposed ’ say ’ unplayable need work,neutral,neutral,neutral,neutral
Reddit,Warhammer 40k: Darktide,community negative meme echo chamber honestly ignored,neutral,neutral,neutral,neutral
Reddit,Warhammer 40k: Darktide,think make sense however review bombing actually telling people play game ’ really help issue opinion,neutral,neutral,neutral,neutral
Reddit,Warhammer 40k: Darktide,enjoy game also talking understanding shortcoming thats least im,neutral,neutral,neutral,neutral
Metacritic,Wasteland 3,generally pretty good also get pretty repetitious enemy tactic used really change much got 25 hour grew tired overall 6/10 one point knocked excessive pc nonsense best result require follow woke path,neutral,neutral,neutral,neutral
Metacritic,Wasteland 3,good game every way full bug every 2 hour going crash update 1.0 7 quest work properly.some time combat screen keep freezing respond restart game alot want buy game wait least 2 month properly patched hope crashing bug gave 9/10,neutral,neutral,neutral,neutral
Metacritic,Wasteland 3,game masterpiece build rpg hand console release full bug glitch crush game poorly optimized bad memory allocation concludes many crash 27 run furthermore three quest glitch four game freeze one instance analog giving order graphic also sub optimal low level detail wait couple month rent ..,neutral,neutral,neutral,neutral
Steam,Wasteland 3,think gameplay quite satisfying voice acting good however get setting world felt lack better term american generic could vote neutral would can't since stopped playing 10 hour feeling meh chose recommended,neutral,neutral,neutral,neutral
Steam,Wasteland 3,wasteland 3 fun flawed game manages capture lot made wasteland 2 enjoyable simultaneously miss mark quite badly area within limitation steam review system call recommended really 6.5 10 review first positive actual gameplay mostly solid different wasteland 2 unfortunately suffers issue occasionally clumsy control part engaging enjoyable immediately familiar anyone who's played similar tactical grid-based title x-com series sense humour well intact dialogue item description even character name plenty laugh loud moment soundtrack mostly unobtrusive ambient music major combat sequence sometimes featuring unique song nice touch although feel bit jarring time crafting system bit robust time around decent number unique consumable item able made various junk item discover game world quest large number different option tackled add bit replayability loot hunter good time ton unique item found including plenty weapon armour many unique effect forth finally expect graphic look bit modern although clearly going centrepiece title like unfortunately also number negative make difficult love game time firstly although game allow many way resolving quest often feel quite forced result make decision seem contrary character built point game ambiguous option clear good bad wasteland 3 often seems like forcing make wholly negative decision sake hurt role playing aspect considerably likewise returning character wasteland 2 1 matter often behave completely contradictory way earlier iteration character npc apart two main player character fully voice acted nice game's lack budget particularly noticeable voice acting quite ps1 resident evil level bad voice acting sound much like read script someone completely uninterested character voicing go long way ruining drama lot game's memorable moment annoying aspect wasteland 2 also make unwelcome return example shot 95 hit chance repeatedly miss target uneven difficulty level end game frustratingly easy bothered least sidequests along way finally although end large party character 6 directly controllable character potentially almost many npc follower bit mixed blessing found combat sometimes became chaotic almost impossible work going helped fact npc follower frustratingly poor pathfinding see running straight fire trap etc discourage use strategic item molotov said wasteland 3 bad game mean anyone enjoyed wasteland 2 find lot love prepared frustration along way strong feeling could amazing game instead ok one,neutral,neutral,neutral,neutral
Steam,Wasteland 3,tl ;d r good like cheeseburger nothing special regret buying good combat character building good chunk game genuinely interesting fun there's lot toy play there's enough mechanic spark creativity engaging murder kill lot thing game good chore feel like x-com instead strategy layer mission get standard rpg stuff world map traversal pretty cool instead fast travel manually drive pretty cool looking frozen wasteland vehicle random encounter hazard distributed throughout pretty nice travel mountain resort mission actually go trail towards peak mountain give game sense actual scale make entire experience feel like road trip music exists pretty good moody background track spooky section upbeat combat track wish though city settlement music speak that's great way set tone faction game know long end right combat start becoming bit slog character reached peak also giving time enjoy peak meh crafting system alright interface pain want outfit everyone little search filtering ability reason thought relevant show item description often joke quip instead stats oddly enough main resource crafting scrap actually pretty rare right end game stop randomly crafting thing try left scrap make useful thing like weapon mod said mod can't removed weapon making bit hesitant apply something know tossing hour build balance bit though nothing seemed particularly horrible weakest character dealt 20 strongest character combat focused different archetype every class time shine campaign big deal bad end game combat melt everything deal much damage viable strategy alpha strike enemy group feel group npc may attack go ahead nuke instead talking sometimes bothering talk npc force situation enemy get first turn get mow cover-less party damage crazy difference tanky melee character paper thin sniper getting two shot instead one shot say 1 hp 0 armor 200 hp max armor pretty much end game kinda insane make combat bit boring following game pretty lame weapon tiering system mean 2-3 level gear result massive issue damage mean lot menu fiddling keep everyone date interface bit infuriating menu full hole accidentally clicked go back previous menu picking color requires precision understand mean play cancelling action bit awkward esc open menu instead also accidentally shot teammate quite time click portrait shoot action activated vaporize accident patching party combat chore double clicking item inventory use equips story incredibly lazy say even lazier writing fallout 3 there's little care put understanding society frozen post apocalyptic wasteland would actually need example established oil essential generating heat organized society prosper somehow faction control resource random wacky group wiping stopping oil production effect one comment one plan take imagine fallout 3 instead faction fighting important resource case water really finding dad dealing evil faction reason mean exist overall game interested making reference presenting wacky raider group really selling setting hurt game lot main plot pretend something serious despite list negative still good time game planning ranger squad tackle skill check fight effectively fun enough number get ridiculous fight end one turn pretty much end try dlc really feel like based review worth played ranger difficulty second hardest one,neutral,neutral,neutral,neutral
Reddit,Wasteland 3,everybody's struggling regardless rather open door u struggle together instead believing likely error meaningfully improve arc humanity focusing saving people instead trying save many,neutral,neutral,neutral,neutral
Reddit,Wasteland 3,yeah moment play fighting game robot keep choosing talk peaceful convinced telling buddy die keep talking walked away feeling confused good bad gave edit change .. game getting,neutral,neutral,neutral,neutral
Reddit,Wasteland 3,notice critical chance bug hard track critical chance one funny thing noticed sniper crit attack healed enemy turn that's bug meet weapon requirement healed one bos 10 hp back full hp twice row :d healing headshot :d,neutral,neutral,neutral,neutral
Reddit,Wasteland 3,ah jogged memory pretty sure dialogue different can't hit certain skill check dialogue kiss as give hella interesting option,neutral,neutral,neutral,neutral
Reddit,Wasteland 3,dialogue different based character trait decision game used weapon modding skill help repair something asked another question believe .. something along line,neutral,neutral,neutral,neutral
Reddit,Wasteland 3,ever another play-through higher difficulty probably lean bit heavier heavy weapon ran sniper sniper ar ar ar pistol melee rarely issue la perla questline see decent mini-gun far weapon path,neutral,neutral,neutral,neutral
Reddit,Wasteland 3,’ say ’ worth every time cuz less wastelander refugee rep ’ really matter anywhere remember mini gun ’ guaranteed save load however many time want one chest behind second door always give least purifier think commandant hat great crit rate usually throw main man smg boy one high level weapon random part ’ usually experience power fist think socom rifle high level weapon variant yeah save load heart content till grow tired like mini gun cuz even late game rare zero add one still rock thing shit explosive mini gun heavy weapon explosive guy obliterates like exodia except violently decent luck mid high uh whatever stat increase ranged damage ’ able make scorpitrons fall knee single-handedly,neutral,neutral,neutral,neutral
Reddit,Wasteland 3,scrap often found,neutral,neutral,neutral,neutral
Reddit,Wasteland 3,important skill game toaster everywhere drop unique loot important best armor game find golden toaster part good news assign skill rando base blast mission come back later repair toaster however one good perk toaster tree increase fire damage obviously good pyro,neutral,neutral,neutral,neutral
Reddit,Wasteland 3,old old joke original game idea essentially nuclear apocalypse would kind old junk around somebody knew old way might able put use unexpected way mostly worth pursuing skill tree except sake completeness homage fun bit finding bored point spare,neutral,neutral,neutral,neutral
Reddit,Wasteland 3,permadeath turned game people come back life end battle healed full strength,neutral,neutral,neutral,neutral
Reddit,Wasteland 3,make first two survive first chapter going back forth base town back unlock ability get new recruit old man story tell get pre-generates ranger fully customizable troop,neutral,neutral,neutral,neutral
Reddit,Wasteland 3,help lot saved game wasteland 3 case need roll back bit would make new one first time entered new named area came handy time,neutral,neutral,neutral,neutral
Metacritic,Fallout 76,core mechanic like new perk system pure gameplay loop actually okay foundation build mired questionable design decision made worse several technical shortcoming could take significant amount time fix happens though fallout 76 difficult game recommend anyone except maybe ardent fan post-apocalyptic playground,neutral,neutral,neutral,neutral
Metacritic,Fallout 76,fallout 76 lack heart soul bethesda rpg exclusion npc's general decent quest giver make emotional connection world near-on impossible manages shatter immersion,neutral,neutral,neutral,neutral
Metacritic,Fallout 76,quotation forthcoming,neutral,neutral,neutral,neutral
Metacritic,Fallout 76,fallout 76 unfinished game set world lack pretty much everything learned love previous one one biggest disappointment year,neutral,neutral,neutral,neutral
Metacritic,Fallout 76,fallout 76 meant change concept series turned complete disaster game boring empty sometimes simply unplayable,neutral,neutral,neutral,neutral
Metacritic,Fallout 76,fallout 76 bit disaster shame good idea good bit content ’ single play session ’ lot fun also ’ session something ridiculous ’ cause frustration feel like released early access work progress next several month thus alleviating frustration poor performance bug balancing issue,neutral,neutral,neutral,neutral
Metacritic,Fallout 76,fallout 76 could appealing massive open-world rewarding exploration interesting quest fails good game many game-design mistake technical issue,neutral,neutral,neutral,neutral
Metacritic,Fallout 76,launch fallout 76 poor experience echo series admirable quality look past facade past cute vault boy animation past familiar radio track find heart--just inconsequential wasteland doomed nuked,neutral,neutral,neutral,neutral
Metacritic,Fallout 76,fallout 76 ’ mundane quest lifeless story put much weight aged combat trivial crafting bear ’ multiplayer experiment far many flaw put limiting player interaction woeful technical polish fallout friend still idea could work one ’ fallout 76 serving,neutral,neutral,neutral,neutral
Metacritic,Fallout 76,fallout 76 barely fulfills promise ability experience fallout friend however overall lack content polish wear even ardent fallout fan,neutral,neutral,neutral,neutral
Metacritic,Fallout 76,α shell franchise's glorious past fallout 76 disgrace series tedious questing material grinding buggy glitchy clearly ready hit market beautiful huge world remains unexploited on-line survival co-op simply put possess “ know-how ” game require,neutral,neutral,neutral,neutral
Metacritic,Fallout 76,reality inevitably want fallout 76 play like fallout game term fails satisfy could want jan 2019 p 110,neutral,neutral,neutral,neutral
Metacritic,Fallout 76,unfinished game bifurcated identity almost dysfunctional state hard build bad base never change like war issue,neutral,neutral,neutral,neutral
Metacritic,Fallout 76,multiplayer camping building sustenance management neat concept feel incomplete forced plenty survival game sustenance option seeking immersion sense storytelling character building monotony sifting menu system interacting robot diary building camp end fan series still find appalachia worth exploring game choice newcomer,neutral,neutral,neutral,neutral
Metacritic,Fallout 76,behind mess technical problem bad decision hide fallout post-apocalyptic survival game mechanic another era undoubtedly fun see beyond mistake consider fan universe may enjoy fallout 76 especially playing others there's still plenty improve,neutral,neutral,neutral,neutral
Metacritic,Fallout 76,fallout 76 way indispensable title suitable palate still prove surprisingly rich enjoyable experience especially company friend,neutral,neutral,neutral,neutral
Metacritic,Fallout 76,many issue fallout 76 currently face could eventually fixed mess pity potential clear reluctance commit one direction another leaf game awkward broken void,neutral,neutral,neutral,neutral
Metacritic,Fallout 76,fallout 76 good co-op fallout new charming land poor solo fallout poor survival game poor graphic,neutral,neutral,neutral,neutral
Metacritic,Fallout 76,want love fallout 76 namely addition co-op play representation region dear heart simply ’ ’ say latest fallout title abysmal even bad middling remove many series ’ strong suit attempt make adding new mechanic strengthening lesser one,neutral,neutral,neutral,neutral
Metacritic,Fallout 76,re-frame fallout 76 survival crafting game fallout universe rather viewing next instalment series better time without fault base potential improved upon time go,neutral,neutral,neutral,neutral
Metacritic,Fallout 76,fallout 76 basically fallout 4 ’ reality share many strength many flaw addition online play new map offer fresh spin franchise player regularly roll group friend adore fallout franchise likely find place wasteland ’ sure everyone else see appeal however — fallout 76 keep player coming back launch luster fade,neutral,neutral,neutral,neutral
Metacritic,Fallout 76,underneath extremely rough laggy exterior fallout 76 making great entertaining game damage may already done appeal may already worn bethesda ’ level support game potential grow something much currently,neutral,neutral,neutral,neutral
Metacritic,Fallout 76,today fallout 76 feel like rushed game turned failure true member fallout family whole feel broken potential month year patch could become good option fallout fan,neutral,neutral,neutral,neutral
Metacritic,Fallout 76,pity say great foundation series end completely overshadowed problem mention course experiment theory sounded like great idea practice lacking already dub fallout 76 big disappointment 2018,neutral,neutral,neutral,neutral
Metacritic,Fallout 76,although there's fun fallout 76 game feel like identity crisis besides definitely feel like unfinished game even former fallout standard abundance bug,neutral,neutral,neutral,neutral
Metacritic,Fallout 76,fallout 76 evolving game doubt become better time expecting multiplayer idea behind game somehow interesting technically game terrible gameplay talking clumsy,neutral,neutral,neutral,neutral
Metacritic,Fallout 76,fallout 76 glimmer trademark series ’ sci-fi splendour ’ far,neutral,neutral,neutral,neutral
Metacritic,Fallout 76,fallout 76 feel like early access title labeled game ready launch even hardcore fallout fan hard time ignoring problem,neutral,neutral,neutral,neutral
Metacritic,Fallout 76,despite appalachia's appeal fallout 76 broken mess game current state feel nothing shamefully unfinished cash-grab fit use fallout name,neutral,neutral,neutral,neutral
Metacritic,Fallout 76,forcibly pushing player together order tackle later main quest ’ experience fan wanted pvp system requires consent really kick regardless,neutral,neutral,neutral,neutral
Metacritic,Fallout 76,rich wasteland map fallout 76 wasted mess bug conflicting idea monotony,neutral,neutral,neutral,neutral
Metacritic,Fallout 76,fallout 76 many bug main problem wrong focus fun aspect fallout gone always online,neutral,neutral,neutral,neutral
Metacritic,Fallout 76,fallout 76 super fun friend stranger mainly find bug half made game mechanism,neutral,neutral,neutral,neutral
Metacritic,Fallout 76,multiplayer integration fallout 76 opposes core tenet fallout game every turn – utterly undermining core formula ’ worse fails justify multiplayer way buried beneath bug network issue multiplayer allowance possible see could wonderful single player experience fascinating time location – one never experience,neutral,neutral,neutral,neutral
Metacritic,Fallout 76,fallout 76 tried take series new direction bethesda done great thing franchise past ultimately feel like misstep fallout always excelled single player experience hopefully see proper fallout 5 near future,neutral,neutral,neutral,neutral
Metacritic,Fallout 76,fun play friend much there's potential though huge load bug manages annoy frustrate player leaving impression full-priced game far finished product shame,neutral,neutral,neutral,neutral
Metacritic,Fallout 76,fallout 76 typical fallout experience npc dialogue instead get real player fill void ultimately fails thing right cannot recommend getting game long stay broken boring mess right,neutral,neutral,neutral,neutral
Metacritic,Fallout 76,previous fallout game always something say post-apocalypse human factor led ’ reduced shooting mutant picking rubbish even future mutates something stable still feel eerily soulless,neutral,neutral,neutral,neutral
Metacritic,Fallout 76,fallout 76 ambitious game ’ burned online feature hamper could great fallout game,neutral,neutral,neutral,neutral
Metacritic,Fallout 76,despite many would say fallout 76 could worked paper could brilliant coop adventure fallout world however turned wasteland poorly executed idea flat dated mechanic ironically despite multiplayer focus wasteland fallout never felt barren lonely,neutral,neutral,neutral,neutral
Metacritic,Fallout 76,issue positive dwarfed remarkably huge underlying pitfall title even countless glitch get fixed update whip technical side game shape intrinsic issue mechanic fallout 76 hurt say fan fallout series 76 slog play chore deal certainly worth time,neutral,neutral,neutral,neutral
Metacritic,Fallout 76,maybe turn game around maybe fix bug add actual life world make playing friend co-op buddy lot elder scroll online maybe ’ first tell wait happens taking country road home,neutral,neutral,neutral,neutral
Metacritic,Fallout 76,utterly disappointing flawed every possible way … first hour ignored occasionally flaw forgotten briefly come storming back forefront awful boring empty pointless experience however glimmer hope worth mentioning already bethesda title equally unimpressive elder scroll online looking transformed one best mmos there's always hope fallout 76 develops way becomes something special seems impossible world away,neutral,neutral,neutral,neutral
Metacritic,Fallout 76,fallout 76 effectively buggy mess marred frame-rate issue quest bug general calamity come engine ’ still decent amount fun whatever though ’ come expecting fallout 5 otherwise supremely disappointed fallout 76 effectively base-construction survival world-building story part ’ bad thing execution though,neutral,neutral,neutral,neutral
Metacritic,Fallout 76,fallout 76 fails many thing core gameplay still fun engaging enough keep going would expect online-based aaa even bug fixed many thing combat mission design inventory system would much harder fix,neutral,neutral,neutral,neutral
Metacritic,Fallout 76,much ’ like able tell title terrible amazing truth ’ okay,neutral,neutral,neutral,neutral
Metacritic,Fallout 76,fallout 76 confusing experience discord half-baked idea false premise also genuinely smart gameplay mechanic allow solo player group alike adventure equal term want desperately love stand game make pretty tough still frankie keep going matter stubborn might long run,neutral,neutral,neutral,neutral
Metacritic,Fallout 76,even think might come next bethesda need make core game stable fair found mostly enjoyable exploration standpoint frequency server crash freeze technical issue unacceptable foundation another fun fallout experience place end watching crumble eye play game ’ ready showtime,neutral,neutral,neutral,neutral
Metacritic,Fallout 76,fallout 76 fun play simple loop scavenging exploration crafting progression work well ’ group alone get pretty old pretty fast especially dealing bug glitch performance woe ultimately ’ disappointing size scope multiplayer ’ match impressive west virginia get explore,neutral,neutral,neutral,neutral
Metacritic,Fallout 76,enjoy multiplayer game type willing overlook engine anomaly may find rapidly addicted game's exploration density loot system easily frustrated bug issue may want sit tight bit see bethesda polish thing cu oh boy could use bit right fan single player branching narrative series known want wait fallout 5,neutral,neutral,neutral,neutral
Metacritic,Fallout 76,’ hard feel ’ truly affecting world npc express satisfaction disdain directly influenced action even killing feel hollow best battle fallout 4 came stumbled across outpost found raider ’ yell scream facing scorched armed feel like nothing zombie,neutral,neutral,neutral,neutral
Metacritic,Fallout 76,expansive varied appalachia fallout 76 cannot compensate tormenting bug huge list defect uninspired mmorpg quest brainless grind disposable co-op functionality make game feel like enormous piece fallout dlc without faction compelling side quest added frustration,neutral,neutral,neutral,neutral
Metacritic,Fallout 76,fallout 76 akin ark survival evolved much potential lost midst many technical fault clear core ’ bad game fact ’ lot fun padded world enjoy type gameplay loop ’ shame current form fun frequently interrupted horrendous framerate countless bug delayed rendering shoddy design choice,neutral,neutral,neutral,neutral
Metacritic,Fallout 76,neither concept execution first fallout online convinced u perhaps looked little mirror elder scroll online debut come back time tell,neutral,neutral,neutral,neutral
Metacritic,Fallout 76,experience ’ ruined player trolling harassing breaking immersion ’ ruined mere concept live server fact rushed engaging story element able crafted populate map huge rare total miss bethesda even ’ improved time judge hour ’ lost far,neutral,neutral,neutral,neutral
Metacritic,Fallout 76,main problem fallout 76 built company specialized creating solid single-player title result countless bug technical issue maybe bethesda laying foundation gaining experience future mmo title maybe ’ improve releasing patch current state fallout 76 title worthy fallout name,neutral,neutral,neutral,neutral
Metacritic,Fallout 76,fascinating world several good idea ruined lot technical problem design choice make fallout 76 almost unplayable work really shine happens rarely moment,neutral,neutral,neutral,neutral
Metacritic,Fallout 76,emphasis human human interaction fallout 76 removed many living npc favor journal ai radio broadcast fill void although make sense game meant concentrate multiplayer certainly seems made wasteland feel bit empty lonely,neutral,neutral,neutral,neutral
Metacritic,Fallout 76,addition multiplayer feel though come expense fallout ’ memorable story-driven moment good vast map full player given little purpose player around game ’ world feel almost empty attention-grabbing locale landmark add appalachia's charm difficult wish living breathing character inhabit post-apocalyptic west virginia described wasteland term paint inadvertent accurate picture fallout 76 right,neutral,neutral,neutral,neutral
Metacritic,Fallout 76,sort big multiplayer mod fallout 4 share feature interface error changed since 2015 fallout 76 collection uncertain mechanic unclear rule served dated technically unstable fashion remains bethesda work hard better understand real strength game many weakness,neutral,neutral,neutral,neutral
Metacritic,Fallout 76,interesting experiment fails nail either side experience us fallout trapping good effect fun great environmental storytelling west virginia gorgeous lack npc overall cohesion along lacklustre pvp hinder identity however,neutral,neutral,neutral,neutral
Metacritic,Fallout 76,tried hard like fallout 76 game ’ allow u,neutral,neutral,neutral,neutral
Metacritic,Fallout 76,bethesda chosen release half-finished buggy mess title current state ’ early access beta — apparently finished product assess ’ garbage poor release provides bethesda opportunity take notice two key takeaway creation engine need go single-player developer ’ bite chew making multiplayer game come guy looked past fallout 4 ‘ last-gen engine subsequent failing give 10/10 free pas bethesda,neutral,neutral,neutral,neutral
Metacritic,Fallout 76,there's sugarcoating fallout 76 come short nearly everything aim good role-playing game good multiplayer experience never really feed gradual rpg power fantasy also inadequate survival simulator wanting much fallout 76 amount much,neutral,neutral,neutral,neutral
Metacritic,Fallout 76,fallout 76 look feel like illustrious predecessor time soulless husk experience,neutral,neutral,neutral,neutral
Metacritic,Fallout 76,bethesda betrayed fallout's spirit create game full bug without soul,neutral,neutral,neutral,neutral
Metacritic,Fallout 76,’ recommend fallout 76 handful people niche still drawn perhaps curiosity completionist ’ need devour thing fallout like morbid desire simulate life end world everyone else hold onto hope bethesda learns lesson failed experiment,neutral,neutral,neutral,neutral
Metacritic,Total War: Rome 2,rome ii somewhat disappointment great battle series known still far easy master series ai always problem still remains instead ’ game outside battle draw politics diplomacy roman empire,neutral,neutral,neutral,neutral
Metacritic,Final Fantasy 14,eorzea beautiful world huge potential vast adventure shame first voyage mis-step,neutral,neutral,neutral,neutral
Metacritic,Final Fantasy 14,obvious flaw render game difficult play best final fantasy xiv benefit update near future bad mean tough recommend glaring issue dealt,neutral,neutral,neutral,neutral
Metacritic,Final Fantasy 14,may hard believe painful accept last official chapter final fantasy huge disappointment becomes worst chapter saga also one worst mmorpg played long time obvious square-enix longer used,neutral,neutral,neutral,neutral
Metacritic,Final Fantasy 14,unless feel like paying extended beta wait patch expansion pack fix ffxiv's myriad problem issue p 71,neutral,neutral,neutral,neutral
Metacritic,Final Fantasy 14,positively nothing final fantasy xiv moment even close completed product feb 2011 p 82,neutral,neutral,neutral,neutral
Metacritic,Final Fantasy 14,final fantasy xiv offer potential lacking many area recommend,neutral,neutral,neutral,neutral
Metacritic,Final Fantasy 14,even spend time unlock skill build warrior-archer-tank-damager behemoth mind what's point activity engaging threadbare unappealing part,neutral,neutral,neutral,neutral
Metacritic,Final Fantasy 14,extended stretch confused incredulity punctuated burst intense anger yeah equated ffxiv filthy bathroom,neutral,neutral,neutral,neutral
Metacritic,Final Fantasy 14,sadly pretty face there's much surface result exploring yield much way reward odds stick daily routine repetitive levequesting crafting log one day probably decide omit part log back,neutral,neutral,neutral,neutral
Metacritic,Final Fantasy 14,woefully inferior every important way almost every mmo ever released let alone recently,neutral,neutral,neutral,neutral
Metacritic,Final Fantasy 14,hardware nut final fantasy obsessive ps3 owner ffxiv offer fairly distinctive mmo experience christmas 2010 p 94,neutral,neutral,neutral,neutral
Metacritic,Warhammer 40k: Darktide,’ truly great game desperately trying emerge darktide never quite get head water,neutral,neutral,neutral,neutral
Metacritic,Warhammer 40k: Darktide,darktide ’ incomplete crafting system ’ allow efficiently refine gear reward scarce unsatisfying especially going endgame optimization great cash shop hold hostage remotely worthwhile cosmetic upgrade far ’ real shame misstep cast dark shadow excellent visceral combat – evolves fatshark ’ addictive co-op action formula – alongside ’ quite possibly best depiction grimdark universe grace video game date,neutral,neutral,neutral,neutral
Metacritic,Warhammer 40k: Darktide,"warhammer 40,000 darktide transfer fluid dynamic horde-based co-op gun blade combat fatshark's critically-acclaimed vermintide series sci-fi gothic setting 41st millennium unfortunately said combat brightest diamond among rough technical issue unremarkable story lazy design choice greatly weigh experience positive uplift",neutral,neutral,neutral,neutral
Metacritic,Warhammer 40k: Darktide,"warhammer 40,000 darktide offer authentic representation 40k lore cooperative action gameplay occasionally satisfying lack content strange design choice suffers many performance issue",neutral,neutral,neutral,neutral
Metacritic,Warhammer 40k: Darktide,fatshark's new co-op shooter take u grim darkness far future plenty war behind every corner lot changed since vermintide 2 old problem also making comeback may discourage swedish studio's latest proposal,neutral,neutral,neutral,neutral
Metacritic,Warhammer 40k: Darktide,darktide built great foundation enjoy playing lot – especially friend ’ brilliant game buried deep within hive world filled exciting combat gruesome enemy equal measure however properly enjoy glorious moment break pustular skin darktide ’ pointless upgrade system wade poisoned viscera dull progression hope countless obstruction live service element ’ turn many player away game mired underneath,neutral,neutral,neutral,neutral
Metacritic,Warhammer 40k: Darktide,enjoyed fatshark ’ previous project vermintide sequel ’ overall warhammer 40k fan feel right home darktide long dig past rough state game right unfinished content performance issue ’ truly addictive satisfying cooperative horde shooter lying underneath corps,neutral,neutral,neutral,neutral
Metacritic,Warhammer 40k: Darktide,detail come together form fairly lifeless game – one fixing foundation another epic showcase without polish love evident team ’ previous undertaking know fact game going incredible confidence fatshark ’ earned showing much care work player base right current state ’ simply way call worthy successor gunplay wonderful ’ doubt continue dip longer session quickly become dull ’ real hook grand finale motivate push ’ wait see ’ become meantime think ’ take look back revel masterful predecessor vermintide 2 juicy extra content never got dive tl ;d r age sigmar 40k,neutral,neutral,neutral,neutral
Metacritic,Days Gone,day gone seems like classic case game grew big good production value excellent pack tense gameplay emotional story poor pacing tedious open world padded length significantly drag overall,neutral,neutral,neutral,neutral
Metacritic,Days Gone,day gone fairly typical open world post apocalyptic survival title offer memorable mechanic story beat eventually consumed genre clichés poor technical performance hinders chance survival perhaps time wound heal,neutral,neutral,neutral,neutral
Metacritic,Days Gone,day gone contextually broken gunplay deplorable ‘ open-world ’ premise joke narrative consistently override open-world ‘ design ’ goal ’ pretty part ’ broken across board ’ disparate want ’ fails day gone instead mimic brokenly game already gone,neutral,neutral,neutral,neutral
Metacritic,Days Gone,day gone average open-world game brought weak first act poor shooting lot technical issue,neutral,neutral,neutral,neutral
Metacritic,Days Gone,day gone moment reveals brilliance ’ buried litany uninteresting repetitive mission numerous technical issue,neutral,neutral,neutral,neutral
Metacritic,Days Gone,day gone feel bloated like movie go hour longer need ’ ’ messy confused peppered genuinely thrilling encounter rampaging horde zombie occasionally breathless firefights ’ good game somewhere ’ buried meandering storyline repetitive mission much obligatory stuff without eye smaller detail could given much character,neutral,neutral,neutral,neutral
Metacritic,Days Gone,day gone moment brilliance there're far may bug horde improve game drastically shame lot game suffers avenue,neutral,neutral,neutral,neutral
Metacritic,Days Gone,full good intention impressive horde mutant remarkable panorama may impression already played day gone dozen time last 5 year come mind quickly,neutral,neutral,neutral,neutral
Metacritic,Days Gone,day gone feel like medium quality candy high quality wrap ’ extremely beautiful start brilliantly lack ability maintain tension interest time good combat lot content boring story repetitive gameplay day gone never unlocks full potential,neutral,neutral,neutral,neutral
Metacritic,Days Gone,day gone could much better developer cut least third added varied mission mix,neutral,neutral,neutral,neutral
Metacritic,Days Gone,ultimately day gone best described infuriating-if-enjoyable mess offer good central tenant idea unique take saturated genre subsequently let dated storytelling unnecessary bloat level-up system ineffectual may question anyone bothered include investment time patience really ’ come anywhere near justifying eventual pay-off,neutral,neutral,neutral,neutral
Metacritic,Days Gone,running treadmill day gone similar experience put time effort yet remain spot thrilling gameplay crazed “ freakers ” cannot save game long uncompelling story ultimately number hour invested day gone pay full throttle sony exclusive ’ come know love ’ mile away,neutral,neutral,neutral,neutral
Metacritic,Days Gone,rather focus well day gone everything despite great tech compelling core idea especially come battle massive enemy horde dull repetitive open world structure make day gone chore,neutral,neutral,neutral,neutral
Metacritic,Days Gone,regardless pretty world day gone look ’ game tried much truly suffered story drag writing character inconsistent becomes infuriating entire camp system add bloat game nothing really feel good main selling point game horde ’ even truly matter 30 hour already lengthy 40 hour game alone huge misstep regardless enjoyable may finally appear know solid 10 15 hour game within day gone much unnecessary stuff piled onto make forgettable unenjoyable experience,neutral,neutral,neutral,neutral
Metacritic,Days Gone,beginning game ’ feel like already played game ... let go return reinforcement lot bug however day gone couple pleasant moment can't denied issue,neutral,neutral,neutral,neutral
Metacritic,Days Gone,derivative beset astounding technical problem day gone rare misfire among sony ’ first-party effort core fantasy surviving world overrun infected occasionally shine bend studio ’ deliver nearly enough compelling moment justify long slog take see mediocre story end,neutral,neutral,neutral,neutral
Metacritic,Days Gone,lot thing day gone burned every single freaker nest cleared every ambush camp maxed bike took optional horde like deacon sarah kept going hoped find something follow thread possibly fascinating satisfying impactful conclusion end gotten scrap,neutral,neutral,neutral,neutral
Metacritic,Days Gone,living breathing undercurrent ambition undeniable scale intricacy developer bend studio ’ creation tell effort apply naturally tense open-world survival structure kind high-impact narrative one would expect linearly-funneled action game result one best example ’ work damage effort otherwise solid foundation game ’ pacing ground dust service open world largess expansiveness narrative potential core “ day gone ” buried deep even zombified resurrection,neutral,neutral,neutral,neutral
Metacritic,Days Gone,day gone may excellent dialogue enjoyable cutscenes ’ obvious gameplay ’ receive level refinement fashion stealth game stealth mechanic sometimes unpredictable melee combat grows stale quickly pivotal moment turn hero action star gunplay underwhelming lack real thrill though place post-apocalyptic setting survival mechanic nothing add monotony without ever raising stake ... sadly day gone first real clunker ps4 exclusive,neutral,neutral,neutral,neutral
Metacritic,Days Gone,day gone game close far could certainly thing enjoy sufficiently pas time dusty road oregon prominent world empty inhabitant vacant start become real challenge care,neutral,neutral,neutral,neutral
Metacritic,Days Gone,day gone lot great idea interesting story beautiful eye business game lacking polish execution overall completely serviceable that's,neutral,neutral,neutral,neutral
Metacritic,Days Gone,shame day gone ripe potential always moment something actually happens hear rumbling thunder heralding impending downpour distant engine letting know tourble's way kick spell broken state decay without stake last u without naughty dog's storytelling chop generic overlong open-world game around issue p 106,neutral,neutral,neutral,neutral
Metacritic,Days Gone,ready love day gone way still ’ love back though sie bend cut length third cleaned technical problem variety level design could one favorite game time ’ tragic hindsight feel love passion flowing unfortunately shared appreciation homeland pale comparison astoundingly long list problem display ’ heartbreaking homesick oregonian like need apply,neutral,neutral,neutral,neutral
Metacritic,Days Gone,denying day gone visually impressive heightened expressive motion capture lifelike wilderness sign life make great experience every shining sunset detailed human face open clearing ’ find shred soul,neutral,neutral,neutral,neutral
Metacritic,Days Gone,day gone far worst specimen genre year already packed 50 hour endeavour rarely make case existence,neutral,neutral,neutral,neutral
Metacritic,Days Gone,game fundamentally really messed economy lot way money trust gas ammunition motorcycle repair – none work right wrapped around so-so open world zombie combat sandbox think anything else make want play dying light,neutral,neutral,neutral,neutral
Metacritic,Days Gone,riding maintaining bike great — boring world dull mission overly serious tone much,neutral,neutral,neutral,neutral
Metacritic,Days Gone,game generic unmemorable ever little deserve talk sequel notably better pc port sony ’ first attempt,neutral,neutral,neutral,neutral
Metacritic,Days Gone,day gone pc port good much better day 1 experience horizon zero dawn however hzd one leg day gone – fun cookie-cutter zombie game offer little innovation fun experience except set piece couple quest fighting zombie burning nest throughout game hey look work really nice pc,neutral,neutral,neutral,neutral
Metacritic,Days Gone,world zombie commonplace people real monster day gone stand two leg well mechanically sound game lack life similar freakers inhabit,neutral,neutral,neutral,neutral
Metacritic,Days Gone,bigger better might suit bag chip lay's salt pepper please computer game least day gone pc combine large open world ps4 game overwhelming number mission think day gone bad game absolutely go back comparison potato chip one area expertise next computer game bag big content weak,neutral,neutral,neutral,neutral
Metacritic,Cyberpunk 2077,think cyberpunk 2077 delivers big-budget gaming thrill many people looking fall short key area lot come byproduct ambition,neutral,neutral,neutral,neutral
Metacritic,Cyberpunk 2077,cyberpunk 2077 live hype significantly deeper watch dog legion yakuza like dragon good grand theft auto v answer question sheer size world astonishing architecture set-piece battle stylistic bravado – testament effort talented workforce play rule accepting night city ’ xenophobia misogyny unavoidable fictive component unlike los santos multifaceted sandbox ’ free create whole new activity unforeseen designer ’ mission side-missions world yield thus far ’ always tourist never citizen ... way cyberpunk 2077 resembles vast futuristic la vega come hell week wake one morning feeling jaded complicit realise glitzy sign lead nowhere noise meaningless look beyond strip desert,neutral,neutral,neutral,neutral
Metacritic,Cyberpunk 2077,better worse cyberpunk 2077 always going less work intensely relevant speculative fiction nostalgia piece yesteryear ’ vision tomorrow,neutral,neutral,neutral,neutral
Metacritic,Cyberpunk 2077,cyberpunk 2077 something special deep inside ambition fall short leading consistent issue hinder game's positive area hit rpg lack meaningful choice make main optional quest feel hollow maybe bug fix content update see true potential night city,neutral,neutral,neutral,neutral
Metacritic,Cyberpunk 2077,cyberpunk ’ running time littered familiar problem zero interest solution ’ design cluttered failing hundred design safe familiar failing medium ’ pinned cd projekt specifically nevertheless embraced something feel like enthusiasm sigh carry ending choice looking vain actual cyberpunk sprawl contrived bland sci-fi,neutral,neutral,neutral,neutral
Metacritic,Cyberpunk 2077,cyberpunk fascinates story character present partially desolate state console,neutral,neutral,neutral,neutral
Metacritic,Cyberpunk 2077,overall think ’ lot like come cyberpunk 2077 unfortunately marred poor performance issue number platform poor communication along overpromising part publisher ’ clear lot work went putting game together ’ unfortunate release state feel little unfinished ’ still game much derive enjoyment even current state ability overlook open-world bug performance issue certainly going factor quite bit,neutral,neutral,neutral,neutral
Metacritic,Cyberpunk 2077,’ fun gameplay great story ’ shame cyberpunk 2077 performs like ’ still alpha,neutral,neutral,neutral,neutral
Metacritic,Cyberpunk 2077,cyberpunk 2077 ’ optimized last-gen console amount interesting side activity remedy pc world life title “ city dream ” xbox one playstation 4 player however time night city likely nightmare,neutral,neutral,neutral,neutral
Metacritic,Cyberpunk 2077,cyberpunk 2077 current form console hard game recommend getting involved there's strong narrative brilliantly written character excellent side mission fun combat astonishing setting thing stand right experience that's need serious tlc series x backwards compatible version may well perform better frankly shocking last-gen console effort game constant problem one feel play like fully finished product one truly quite hard recommend current incarnation,neutral,neutral,neutral,neutral
Metacritic,Cyberpunk 2077,option right playing cyberpunk 2077 either base console platform highly suggest ’ play many terrible performance issue fixed ’ already bought experience similar ’ described absolutely get refund possible playstation 4 xbox one version simply acceptable state make sad think many people first cyberpunk 2077 experience ruined way – work ’ fantastic rpg,neutral,neutral,neutral,neutral
Metacritic,Cyberpunk 2077,cyberpunk 2077 outstanding game one two thing needed happen descoping large portion game structure akin action rpg tighter focus akin rise tomb raider even prey could allowed depth narrative experience alternatively could leaned way rpg element game spend time balancing incentivizing various half baked system like netrunning offer far flexibility v role played course move would come expense high production value narrative cd projekt red wanted create turn even 8 year development ’ make – either – outcome happen good game yes sometimes manage sufficiently patch,neutral,neutral,neutral,neutral
Metacritic,Cyberpunk 2077,sad truth cyberpunk 2077 awash problem make miraculous compelled plod litany tribulation simply keep experiencing story character world cdprojekt red created clear away grit remains something special ’ bound light imagination cyberpunk fan better option console player however would wait next-generation version likely hopefully look perform better could benefit whatever retrofit patch cdprojekt red see fit release based player feedback coming month,neutral,neutral,neutral,neutral
Metacritic,Cyberpunk 2077,may sound like enjoyed many aspect cyberpunk 2077 hit high witcher 3 still lot going however released unfinished state hard give positive review 8.0 game hiding 4.0 game wrapper might change tune month patch rolled even playing best version available playstation system there's getting around cyberpunk 2077 might mocked delay needed still fun pick unless dying best wait patched improved,neutral,neutral,neutral,neutral
Metacritic,Cyberpunk 2077,overall cyberpunk 2077 fun game plagued bug unfortunately ’ recommend game current state patch improve,neutral,neutral,neutral,neutral
Metacritic,Cyberpunk 2077,cyberpunk 2077 night city one best sci-fi dystopia ever showcased game story tell character meet engrossing terrifying despite performance issue ps5 backwards compatibility still worth playing excellent character narrative work ps4 buy cyberpunk 2077 technical mess barely function,neutral,neutral,neutral,neutral
Metacritic,Cyberpunk 2077,cyberpunk 2077 great game could incredible game defined generation instead fall victim ambition industry ’ constant desire push push push current state ’ faint heart even hardcore cyberpunk fan may struggle stay interested amidst crash issue yet pick wait month could well treated experience hoping launch,neutral,neutral,neutral,neutral
Metacritic,Cyberpunk 2077,contrary expectation cyberpunk 2077 going set world fire gaming revolution promised u still fun rpg plenty room improvement,neutral,neutral,neutral,neutral
Metacritic,Cyberpunk 2077,lack focus vague combat truly befuddling performance issue hamper still competent often enjoyable detective sim best part cyberpunk 2077 want,neutral,neutral,neutral,neutral
Metacritic,Cyberpunk 2077,someone lifelong soft spot medium-specific charm video game glitch cyberpunk 2077 ’ botched launch ’ even overlooking rushed rollout eternity bludgeoned face hyperbole running 2077 feel like five different game stitched together entertaining passably decent generic behemoth,neutral,neutral,neutral,neutral
Metacritic,Cyberpunk 2077,equal part stunning achievement terrible mess every wonder cyberpunk 2077 ps4 ’ handful frustration performance issue affect game look play feel constantly taking bite would otherwise impressive exhilarating experience,neutral,neutral,neutral,neutral
Metacritic,Cyberpunk 2077,believe fun cyberpunk 2077 night city amazing place explore part gameplay kinda fun promise potential game spent eight year development really witcher 3 managed grow powerhouse game end lifecycle perhaps said cyberpunk 2077 year ’ time maybe,neutral,neutral,neutral,neutral
Metacritic,Cyberpunk 2077,indeed sad see game huge potential go like mainly due bad decision-making cyberpunk 2077 marvelous action rpg playable current generation console countless bug glitch kill game beginning cd project red talented studio hope learn recover mistake go back making great game,neutral,neutral,neutral,neutral
Metacritic,Cyberpunk 2077,cyberpunk 2077 currently strange one judge though definitely still get lot enjoyment game current state caveat major especially anyone playing console cd projekt red ’ management absolutely rushed properly ready stage ’ much case buyer beware ’ clear lot effort put creating night city well-linked major gameplay system even putting technical issue aside still feel much like many open-world game come,neutral,neutral,neutral,neutral
Metacritic,Cyberpunk 2077,there's great rpg buried somewhere beneath cyberpunk 2077 mountain issue going rpg revealed world followed game's development since reveal may want hold picking problem sorted journey there's good chance cyberpunk 2077 leave behind sour taste night city well-realized cast character may help disappointment cyberpunk 2077 still need time oven,neutral,neutral,neutral,neutral
Metacritic,Cyberpunk 2077,hugely ambitious immersive rpg often work perhaps worth playing – full price ps4 without patch issue p 82,neutral,neutral,neutral,neutral
Metacritic,Cyberpunk 2077,cyberpunk 2077 frustrating mess main narrative character compelling within game buggy term game good story botched launch give fallout new vega run money enjoyed time night city solid writing character cannot give cyberpunk 2077 recommendation,neutral,neutral,neutral,neutral
Metacritic,Cyberpunk 2077,launched cyberpunk 2077 ps4 slim several week release bug fixed able play game start finish however quality texture painfully low usually 20-22 frame per second driving around city dip 20 object tended disappear technical state graphic ps4 version awful shame game one best story ever encountered gunplay really good night city impressive 02/2021 p 30,neutral,neutral,neutral,neutral
Metacritic,Cyberpunk 2077,cyberpunk 2077 ps4 reminds u game played pc full glitch frame rate poor resolution low eventually become great rpg right mediocre game ´ live expectation,neutral,neutral,neutral,neutral
Metacritic,Cyberpunk 2077,five half especially metacritic,neutral,neutral,neutral,neutral
Metacritic,Cyberpunk 2077,cyberpunk 2077 work shallow popcorn flick video game industry shaping experience redefines open-world rpg genre perhaps bigger problem particularly console owner cyberpunk 2077 ’ work ’ mess half-baked idea rough gameplay never released first place pc version face criticism various issue praise others ps4 version cyberpunk 2077 feel look like whole different game simply needed lot time,neutral,neutral,neutral,neutral
Metacritic,Cyberpunk 2077,never equally loved hated game much cyberpunk 2077 work ’ definitely fun game sort break often every sense word immediately sap sort fun experience worst waste ten hour time due bug game-breaking error stand right ’ recommend playing anyone base ps4 regret absolutely everything,neutral,neutral,neutral,neutral
Metacritic,Cyberpunk 2077,main quest everything unfortunately side content ’ nearly interesting add shocking amount bug stupid ai load performance issue … ’ understand cyberpunk 2077 contender ‘ disappointment year ’,neutral,neutral,neutral,neutral
