Platform,Game,review_text,label1,label2,label3,Final Sentiment
Steam,Sea of Thieves,idk man this game so fun and robbing,positive,positive,positive,positive
Steam,Sea of Thieves,Sea of Thieves is a very fun game to play with your friends. Its basically about sailing around the sea and finding treasure and battling other people.,positive,positive,positive,positive
Steam,Sea of Thieves,fun game but i would say try to make some friends so you are not alone,positive,positive,positive,positive
Steam,Sea of Thieves,good game and i have played this game since m.2 now graduate m.6 la,positive,positive,positive,positive
Steam,Sea of Thieves,the best pirate game ever.,positive,positive,positive,positive
Steam,Sea of Thieves,"A very, very fun game to play with friends.",positive,positive,positive,positive
Steam,Sea of Thieves,"A bit of harmless fun to get together (or on your own but it's harder) with some mates and play on the sea (of thieves).

Lots of options for how to play, so much fun to be made and had.",positive,positive,positive,positive
Steam,Sea of Thieves,"Hey are you looking for a funny yarharhar pirate ship game? yes? WELL LOOK NO FURTHER! This game has, boats ofc, stealing from others mwhahah >:) looking for loot on islands, doing dances with friends, beautiful graphics and boat mechanics, other people who want to steal from you >:(, AND LOTS MORE! So what are you waiting for? BUY NOW!",positive,positive,positive,positive
Steam,Sea of Thieves,Peak nothing else needs to be said,positive,positive,positive,positive
Steam,Sea of Thieves,Its like so fun being a pirate 10/10,positive,positive,positive,positive
Steam,Sea of Thieves,"a delight to set sail with mates and solo alike. Most of your looting is going to be fun and full of piraty joy, the rest is detailed puzzles and intense ship fights. an absolute recommend for any cohort ready to make pirate history",positive,positive,positive,positive
Steam,Sea of Thieves,"A blast, really fun if your friends will get on the fucking game",neutral,positive,positive,positive
Steam,Sea of Thieves,"really fun game even without friends. The quests & puzzles may be difficult, but i like how they take a while to solve and still manage to be fun, and even if they're too hard, guides always exist. I also enjoy the pvp system; unless you encounter a cheater then you'll most likely have a fun and solid fight start-to-end",positive,positive,positive,positive
Steam,Sea of Thieves,"---
I wake up.
I jump on boat.
I set sail, starting the day with a phantom fort.
What could go wrong?
I approach fort, skeleton ship wants to join the party?
They're not here to party...
They shoot. 
I shoot.
I'm winning!
They call in backup?
Backup is a bloody overgrown shark.
I'm doing less shooting and more bucketing...
I'm holding my ground, it's fiiiine
Drip, drip drip, is that rain?
Nope, it's the whole ahh storm rolling in, great.
More bucketing, no more shooting.
Waves rip my ship apart. Skeletons? are fine. Shark? is fine. Just me.
I've lost all hope, but what's this-??
A player?! ""Help is on the way, Dear!"", they say.
They lie...
I now sink.
They laugh.
I play a lil tune as I go down.
I get...a steam achievement for that...how nice?
I respawn at Marauder's Arch.
...Let's just fish for pondies instead :`)
What could go wrong?
---
Overall great experience, extremely fun, friendly community. Highly recommended.
(I've developed trust issues).",positive,positive,positive,positive
Steam,Sea of Thieves,gg,neutral,positive,positive,positive
Steam,Sea of Thieves,Very fun and chill game but you're still in a sea full of pirates so don't get too attached to yer loot,positive,positive,positive,positive
Metacritic,Sea of Thieves,"Sea of thieves is one of a kind, a very rare game that will be a sea of joy for some, and a strange and empty game, that lack some of the basics of modern games for others. For me it's a total success, a game that has filled the hours I've spend playing it with plenty of unforgettable moments.",positive,positive,positive,positive
Metacritic,Sea of Thieves,"It’s packed with the studio’s trademark charm and humour, while providing endless opportunities for adventure. A touch more accessibility for solo players would be nice, as would more varied matchmaking for crews, but this is a game that’s set to evolve over time. A real treasure.",positive,positive,positive,positive
Metacritic,Sea of Thieves,"Sea of Thieves is wholly dedicated to keeping players on equal footing. Someone who’s been playing for a day can crew up with someone who’s been playing for months, and neither will have an inherent advantage — save, of course, the latter’s experience with the game. It’s a bold move meant to keep the entire community playing together, and early indications suggest it works.",positive,neutral,positive,positive
Metacritic,Sea of Thieves,"Cooperation with other players is essential in Sea of Thieves for any action. It doesn’t matter if you know the other players or not, Sea of Thieves is capable of creating the most fun moments that we've experienced in an online multiplayer.",positive,positive,positive,positive
Metacritic,Sea of Thieves,"Rare have been clear about their goal of wanting players to create their own stories within Sea of Thieves, and it is safe to say they’ve succeeded. Let’s hope they can keep the ship on course.",positive,positive,positive,positive
Metacritic,Sea of Thieves,"Sea of Thieves offers a very unique experience by putting players in the role of pirates and throwing them out in a massive, detailed world. Team-up with a few friends and you’ll enjoy every second of your time.",positive,positive,positive,positive
Metacritic,Sea of Thieves,"Visually, you’ll be repeatedly awed while you’re playing by some of the vistas the game shows off. From a gameplay standpoint, all of the mechanics are sound and solid, ships behave predictably and will obviously slow down when you’re trying to sail into the wind, and your guns and swords kill enemies as long as you use them right. The in-depth content might not be there quite yet, but if you give it a month or two, given what Rare has said about further content, you may very well be pleasantly surprised on that front too.",positive,positive,positive,positive
Metacritic,Sea of Thieves,"Sea of Thieves shines most brightly when playing with friends. The gameplay is both fun and accessible, and the technical aspects of the game are truly wonderful, but everything is weighed down by the lack of additional content and greater variety.",positive,neutral,positive,positive
Metacritic,Sea of Thieves,"Sea of Thieves may not be the best pirate game in terms of content, but it is surely a lot of fun to play.",positive,positive,positive,positive
Metacritic,Sea of Thieves,"Sea of Thieves provides all the necessary tools to the players willing to dive together in great naval adventures, full of smaller quests and epic sea battles.",positive,neutral,positive,positive
Metacritic,Sea of Thieves,"Sea of Thieves offers a stunning world for players to explore and uncover its secrets. It’s fun, often hilarious, and unique. Though, the lack of meaningful structure and its simplistic gameplay really do hurt the experience. The game needs to offer more than cosmetic stature and acquisition if it wants a lengthy lifespan. Still, this is one of the few exclusives that Microsoft can, and should, be proud of.",positive,positive,positive,positive
Metacritic,Sea of Thieves,"Having fun in Sea of Thieves is a slow burn at the moment. Most of the game involves you just chilling on your ship while looking for other pirates to steal from, or for the raids to start. It’s not a game that you can play every single day for hours on end, and most people will certainly tire of it after seeing all of the PvE content available now. Even so, Sea of Thieves is incredible in the way you can interact with players and be whatever kind of pirate you want to be.",positive,positive,positive,positive
Reddit,Sea of Thieves,"We had a captained ship lose captaincy, after the ship's captain left and rejoined. It lost all of its trinkets, and the ability to interact with the game as a captained ship.

Redmaw launched our brig into the air.

Other than that, it's the best season yet. Nice job, Rare, and thank you.",neutral,positive,positive,positive
Reddit,Sea of Thieves,I just tested this out with the new treasure fish. Deffo sold for less at the Sovereigns tent. Good thing there’s lots of sea posts around to sell fish easily to! ,negative,positive,positive,positive
Reddit,Sea of Thieves,"After 6 months of grinding, making friends, making enemies, selling HARD 🙃 (not in the good way), and making memories, I finally got my first gold PvP curse. Now 700 more to go for double goldie. Wish me luck!",negative,positive,positive,positive
Reddit,Sea of Thieves,Congratulations! It's always good when you get a lucky map with loads of dig sites 😁,positive,positive,positive,positive
Reddit,Sea of Thieves,It's really nice. Season 7 is still my personal favourite,positive,positive,positive,positive
Reddit,Sea of Thieves,For me it’s Season 5. In fact the music is so good it can be played while sitting down during a “sunset” 😊,positive,positive,positive,positive
Reddit,Sea of Thieves,"While I do get this opinion, I actually love a game where you can never upgrade gear. 

Because when you go from being sunk every time another ship attacks, to starting to sink them yourself, you know it’s because you’ve improved. You’ve learnt how to use the wind to your favour, you’ve got used to cannon trajectories, your crew have got better at communicating. 

Whatever it is it’s because you have got better, not because some behind the scenes numbers have changed on your weapons.",positive,positive,positive,positive
Reddit,Sea of Thieves,"I loved this. It was amazing to see the difference from me and my crewmates getting sank by a sloop while we're in a galleon to being able to take on a full galleon crew by myself. It's the most satisfying thing ever. 

And even when we are sank, the players we get sank by usually have really clever plays and we respect them for that and we learn from that.

Edit:I can't spell to save my life",positive,positive,positive,positive
Reddit,Sea of Thieves,Exactly. Which is why I hope a SoT2 is on the horizon since they clearly know that people are asking for this kind of stuff. But who knows what they might add in the future? I'd love to be pleasantly surprised by content this year!,positive,positive,positive,positive
Reddit,Sea of Thieves,"There's no shortage of games that privilege those who have been playing the game longer.

SOT is unique in that way, and it's a nice change of pace.",positive,positive,positive,positive
Reddit,Sea of Thieves,"Easy, player owned hideouts and hideout raids, like in SOW. You use the money to bulid and upgrade your hide out, hier npcs to defend it, and can team up with other players to raid people's hide outs. 

And maybe a guild war aspect where npc ships flying TC colors fight each other?",positive,neutral,positive,positive
Reddit,Sea of Thieves,"So awesome haha. We just sank a galleon with tons of loot right outside of the outpost, got about 8k from it, went to the skull fort that’s been going for a while, came in while a sloop was about to kill the Captain and stole all that loot too. Fees good to be a pirate, arrrrr!",positive,positive,positive,positive
Steam,Fallout 76,Great for any fallout fan!,positive,positive,positive,positive
Steam,Fallout 76,it's the game of all time,negative,positive,positive,positive
Steam,Fallout 76,its definitly fallout and the community is cool,neutral,positive,positive,positive
Steam,Fallout 76,"After the disaster of the initial release of this game, I never intended to buy it. However a little after the show came out, my friend told me it has gotten better. There was a big sale so I thought why not, best investment ever! I have really enjoyed 76 so much that it has taken over 4 as my top Fallout game. Starting out is rough(like any game), but after you get up in level and learn the perk card system, it's absolutely fun. Always something to do and grind for thanks to the seasons system, daily, weekly, and misc. challenges will keep you busy. My best way to explain this is I am at level 140 at 276 hrs of playtime. There are players with levels over 2000!! I especially like playing with friends and learning different C.A.M.P. plans(You find plans throughout the game to unlock certain things to build). Now for the cons. Fallout 1st is the subscription service to get many useful items. too rich for my blood, but my complain is it makes you feel like second-class player sometimes. Restricting you build limits, keeping you from learning certain builds, skins, and other items. Even the seasons(which everyone grinds for) you only get maybe 2\3 of what is there and trust me the locked items are amazing. If you have ever played any Bethesda game you know the weight system. You will get over encumbered fast without certain perk cards and without a scrapbox or ammobox (Fallout 1st only for those). Also your weapons and armor will break constantly without some perk cards and buffs. Finally, if your internet goes out, so does the game(yeah it's one of those). You are 100% required to have a stable internet connection at all time. Aside from the Fallout 1st stuff, I truly enjoy the game, so I highly recommend it to any Fallout fan or open world player.",positive,positive,positive,positive
Steam,Fallout 76,"We all know the history of this game & how much it sucked upon launch.

It's fun now. Go play.

Seriously, if you enjoyed Fallout 4, then you'll love this game even more, I promise. I get that Fallout 76 received a ton of bad press initially, but it has long since found redemption, I promise. Play this game.",positive,positive,positive,positive
Steam,Fallout 76,Much improved frm the initial offering. even at high level plenty things to do. and being expanded continuously.,positive,positive,positive,positive
Steam,Fallout 76,"Ive enjoyed the game i do wish there was more content as i have completed most of that which i find entertaining. Like say add a new faction based off the institute or something, I mean we have just about every other faction so why not.",positive,positive,positive,positive
Steam,Fallout 76,Great game. can get lost for hours exploring the map.,positive,positive,positive,positive
Steam,Fallout 76,its good now trust bro....,negative,positive,positive,positive
Steam,Fallout 76,awesome,positive,positive,positive,positive
Steam,Fallout 76,"""It just works"" -Todd Howard. Todd that is a bold clam. In reality this game can be great but it shares a lot of problems with fallout 4. Do some research before you buy. I liked the game after I looked past the bugs and problems.",neutral,positive,positive,positive
Steam,Fallout 76,"Slightly better than 4 if your willing to deal with the bullshit that comes with online only + the entire engine this game is built off of being buggy as fuck.

I had my fun though.",neutral,positive,positive,positive
Steam,Fallout 76,"Fallout 76.

As the game started with bad reviews and hate, whcih i get at some point for being an online Fallout game, it's at a very good state 5 years after release.
Thanks to the TV series it brought  alot of new players, which  meant more income for Bethesda, meaning Bethesda actually gave alot of new content in the  last year i started playing.
Map extention, an actual dungeon raid.

Besides all the  good things they add to the game, there is alot to do for at least 2000 hours (at least for me)
Free season rewards, weekly events.
And the community is just great for a MMORPG. One of the kindest you will meet.

Fallout 1st is a membership that is not required. Although i cannot lie when saying the extra stash space, aswell as monthly atoms are nice",positive,positive,positive,positive
Metacritic,Fallout 76,"If you are more of a single player gamer like me, don’t let the online nature of Fallout 76 put you off… it’s eminently playable as a single player experience. If you are put off by the issues mentioned at the start then maybe steer clear (or at least wait to see if patches address your concerns), otherwise I’d say grab the Deathclaw by the horns and jump in (but maybe wait till you have powerarmour to do that.).",positive,neutral,positive,positive
Metacritic,Fallout 76,"Multiplayer is a wonderful addition to the Fallout franchise and the world created in West Virginia is unique, gorgeous, and fun to explore. It may not be in line to win any awards but if you enjoyed the previous installation, Fallout 4, it's quite likely you'll find the same fun in Bethesda's Fallout 76.",positive,positive,positive,positive
Metacritic,Fallout 76,"Fallout 76 isn't the best Fallout ever, but it turns out to be an interesting experiment, able to grow and thrive with time, despite an unjustifiable technical aspect.",positive,positive,positive,positive
Metacritic,Fallout 76,"Regardless of how Fallout 76 transforms and mutates in the months to come, the present version is a brave, imaginative, and rewarding exploration, but its true glory is revealed among friends.",positive,positive,positive,positive
Metacritic,Fallout 76,"Despite the considerable issues with the PC version, I've still had long stretches of fun with Fallout 76. I really wish PvP had more at stake then lost junk (or at least more willing participants) but the world retains a lot of what I love about Bethesda's previous RPGs with finely crafted environments, enjoyable weapons and crafting, and surprising little scraps of story to uncover and investigate.",positive,positive,positive,positive
Metacritic,Fallout 76,"It’s easy to be critical with Fallout 76. The flaws are so easy to see that it has every single chance to be this year’s best meme in gaming. But if you enjoy multiplayer experiences with plenty of loot and a great leveling system, you can have a nice time cleaning up its radioactive wilderness.",positive,neutral,positive,positive
Metacritic,Fallout 76,"I initially played Fallout 76 on release day one on the Xbox one X and put in around 300hrs into the game. Pause this for around 2 years and I have now started to play it again on steam from a fresh start (thanks BGS for no account sharing). I have since put another 80hrs on PC.

I feel that 76 has had a re birth in part due to the updates, wastelanders, BOS storyline skyline valley, expeditions etc. This game has massively improved since launch.

Playing this game single player will be fine apart from the events, or endgame bosses will require coop play for the most part on a public server. The other bih caveat is for true single player experience you will need to pay for fallout 1st... which is not cheap. 

Overall the combat is satisfying, the graphics mostly match fallout 4 and the storyline is not bad in my humble opinion. 

If your a fallout fan or a fan of MMO lite games this will scratch an itch and also be a game you can keep coming back to either on your own or with friends.",positive,positive,positive,positive
Metacritic,Fallout 76,"Fallout 76 has grown over the years into something enjoyable and will continue to grow into the dreams we all had for the game. Haters gonna hate, but whatever. It's a good game made better with time, devs willingness to listen, and Microsoft money. People can play it or choose not to, their decision to make. However, this is the Fallout game we currently have and will have for the foreseeable future. If you truly enjoy the wasteland, you won't complain too much. The weapons, power armor, perks, and environment make this a unique playing experience. For instance it's snowing currently in my camp, there's a Santatron walking around, I have an ally dressed for the weather, fireplaces, a tire swing, and a hot tub, there's also games, motley Crue, and cake. Good luck finding the place because I took the sign down.",positive,positive,positive,positive
Metacritic,Fallout 76,"Alright, this game gets a lot of ****, and rightly so. But my irrational love for this game places it within my top three favorite games of all time. The building system is unmatched across all of the Fallout games. The atmosphere, special events, cosmetics, and exploration are all what keeps me coming back.",positive,positive,positive,positive
Metacritic,Fallout 76,"Really great and fun game! much improved since it was launched, yea it has some bugs but i still highly recommend it despite it...",positive,positive,positive,positive
Metacritic,Fallout 76,"Not very bad in 2022, but with silly bugs. It’s can be funny if you play with friends. I completed the main scenario for a week and I an satisfied! Good luck, citizens of Wastelands!",positive,positive,positive,positive
Metacritic,Fallout 76,"It's fun. Definitely got much better since launch. The story isn't as good as single player fallout, but it is workable and there is lots of stuff to grind and do.",positive,positive,positive,positive
Metacritic,Fallout 76,"This game is criminally underrated. It seems the people with the worst opinion of it are people who have never played it and developed their opinion based on the 2018 backlash, and people who have sunk thousands of hours into the game expecting it to be something it isn't.

For a casual player who will probably put a 100/200 hours, maybe a bit more, into it, if you count this game out you're missing a whole new Fallout adventure. Sure, it has its quirks, but its charms more than make up for it. If you love exploring a post-apocalyptic landscape, discovering interesting locations and piecing together what happened, all while listening to some of the best classic music ever made, then you'll  *love* this game.

The multi-player layer on top is well done and subtle. You can participate in it if you want, or ignore it and treat it like a single player game. I am not a multi-player gamer yet I really like the way they did it in this game and it's fun knowing other players are in the world even if I'm largely ignoring them.

Just keep your expectations realistic and ignore whatever hype made this game seem like it would be some kind of grand MMO experience, because it just won't live up to that and it's okay. And remember, it's an online game, you're going to run into lag and bugs that are actually just network issues, and that's okay.

If you do that, you'll find you were missing out on a whole new Fallout experience that you might just absolutely love, like I did.",positive,positive,positive,positive
Reddit,Fallout 76,"Huzzah! That bulldozer feature is the best part of this update in my opinion. I've always complained about rocks being in the way of fences I need to build, or trees that are clipping through the walls of my house. Thank you!",positive,positive,positive,positive
Reddit,Fallout 76,Lots of good updates coming.,positive,positive,positive,positive
Reddit,Fallout 76,"Great news. My wife and I are enjoying our time even through the bugs and adjustments. The Manor Mysteries quests have been our favorites so far. 

A few questions:

Are there weight adjustments/balances in the future? The bobby pin weight is the big one that sticks out in my mind, but also any adjustments to bulk junk would be welcome as well.

XP in groups, especially for kills, would be a welcome change. I'm currently 10 levels higher than my wife because of higher kills even though we are on the same quest lines. If she got the same experience, or even partial % for my kills while we were in group, this would go a long way for keeping us around the same level. I would even be OK with making it a perk card or something that doesn't completely throw off the balance.

Thanks for a good game, looking forward to seeing it become great.",positive,positive,positive,positive
Reddit,Fallout 76,"Hi I am actually enjoying the game and having fun. I understand this is not an easy thing to dive into but I want to say thanks I enjoy it....does it need a lot of work for stability and gameplay absolutely but I really like the card system. I find it more challenging this way.....speaking of that please don't give in to kids or people complaining that its to hard. The challenge of my melee build is keeping me playing. Ya I run into a crowd and unlike fallout 4 I die what a surprise!!!! This is a survival game and as such love using strategy to survive. Although I am having fun and I think you can make this game into the picture of fallout fun please don't treat this as fallout 5. I hope you plan on continuing the single person game maybe this will help by allowing the single person game to have an ability to invite friends like a diablo way where the creatures get harder to play. Just a thought but overall I like the game and please keep coming with patches to make this more enjoyable. A fallout Fan since the beginning . Cheers!
",positive,positive,positive,positive
Reddit,Fallout 76,The Bulldozer means everything to me. Just moved my camp for this reason.,positive,positive,positive,positive
Reddit,Fallout 76,"I enjoyed solo farming EN06 with newbies. I would encourage people to join my group for easy carries, but also told them to keep up. I was running 1:30ish per clear, on Series X, so my load times were minimal. A kill every 2:45 or so if I stopped to scrap. All I asked is that they just reject the quest and run in as I did, and stay back so he shot me and not them. Took a guy from 53 to 71 in about an hour last night and it was fun. I've got every mod for Vulcan except for Calibrate Shocks too. So, looks like I've got more runs ahead of me.",positive,positive,positive,positive
Reddit,Fallout 76,"Doubt they’d cover it here, that would be for a live service patch notes. Fingers crossed for March!",neutral,positive,positive,positive
Reddit,Fallout 76,I want to be able to purchase 4 star legendary armor from the rusty pick! ,neutral,positive,positive,positive
Reddit,Fallout 76,"Happy to play... look at my posting history.  

I actually enjoy getting things compiled into a list for the game I am avidly playing at the time.   Its my shtick.",positive,positive,positive,positive
Reddit,Fallout 76,Fixed an issue where players were able to actually have fun for a while rather than the endless grind and be forced in to play in a team for better rewards.,positive,positive,positive,positive
Reddit,Fallout 76,"Man, I'm so happy they didn't touch Pounders on the Auto Axe. Having so much fun with it, first time since launch that I actually bothered with a designated melee build.",positive,positive,positive,positive
Reddit,Fallout 76,My favorite camp ally is the Ace the raider bot. I never get tired of him saying he wants to burn the camp down,positive,positive,positive,positive
Steam,Total War: Rome 2,"I am not a big gamer.  I'm old.  Over 50.  When I purchased a new computer recently, wanting to take it for a spin, I asked my son what to do and he told me about Steam.  As an ancient history buff (I'm also a writer and have written a novel about the ancient Spartans), I did searches on Greece and Rome and eventurally found Rome 2.  

I read all the negative reviews about the launch.  Things haven't changed much in the gaming industry.  Companies have always rushed their product to market.  I imagine after spending years developing a game they end up deep in the hole and pressured by corporations like Sega to push it out - no matter how many problems exist.  That's been going on for years.  The wise thing to do is to wait.  You know there is going to be a patch.  Why not let someone else trip over all the bugs?  From what I gather, a lot of gamers just can't wait today.

Anyway, I love Rome 2.  When I read about the Emperor's Edition having worked out most of the problems, I dove in.  It's been a delight.  What a great game.  It's more addicting that crack.  Being able to play so many different factions gives it limitless re-playability.  Thus far I've played as the Romans, Spartans, Athenians and Epirus, and have had a blast with each.  There is a huge amount of strategy and tactics available on both the campaign map and the battle maps.  Placing your armies at choke points in the mountains or at river crossings... putting them in ambush mode... slaughtering 2x or 3x your number of units without getting your hands dirty... it's all so gratifying.  

One of the things I've noticed is that I usually end up winning by gaining a technological edge over the computer AI factions.  If I can survive the early stages of play, eventually I'll start kicking out armies composed of better units than my opponents.  When the autoresolve gives me results I don't like, saying I'm going to lose, or take unexceptable losses, it's fun to take control of your army and lead them on to victory when the oddsmakers are betting against you.  Of course, often times you're leading superior units against hordes of untrained spearmen or levies, but occasionally the computer gives you a run for your money and there's nothing like destroyng your opponents Praetorian guard or Oathsworn unit that fights to last man.

Big kudos to the modding community.  After playing vanilla R2, I found the Workshop and have been in pure amazement at the products the community has added to the game.  The 4x moves per year mod, agent color coding, the new unit mods, and many others deserve effusive praise.  I feel like a kid on Christmas morning every time I look in the Workshop, wondering what new toy I'll find under the tree today.

The Bad.  I have none.  Okay, okay, there are some, but I'm like a newlywed on his honeymoon right now.  I don't care if she leaves her panties on the bathroom floor or that the 4x calendar year mod makes agents overpowered.  For right now, I'm enjoying the game far too much to complain about a thing.",positive,positive,positive,positive
Steam,Total War: Rome 2,"First of all. This analysis has been editted. The original one was pretty negative, and the reason for that were the infite bugs, glitches and unbalances of this game. After so many patches, even tho we may find a considerable quantity of bugs and glitches, it's not game-killing as it was in the days, weeks and months following the launch.

So, finally, here's my review of the game Total War: Rome II.
This game is adicting, because of the simple fact it's good. It has many mechanics that are great!
The graphics, if you're playing on high or ultra quality are AMAZING. Both on SP and MP (by MP I mean battles, they can be campaign vs. AI battles). The camera they have is pretty nice to see charges, not that good on seeing infantry or ranged units, but you still get the emotion.
It has a few nice historical battles, tho more should be added, FOR FREE.
The technology part of it is pretty well made, and the development of your cities if pretty cool. The levelling up system on your general, troops, and agents is really cool, but it doesn't change the game too much. The diplomacy is nice, and one should pay attention to it, as it can save your life. Other positive aspect, the politics. Some factions are cooler to play when talking about politics. Some factions just don't have active politics, tho for all of them politics can change where your empire is turned to. If your family is too strong, the weak will rebel and create a civil war. Too weak? The strong will rebel and create a civil war. But, distributing the power well is not the only thing that changes. When your empire gets big, there'll be a civil war. Be counting on that. And be prepared. You may have to stop all frontier military actions to save your capital and near settlements from the separatists.

Negative: These DLCs they create, they're too expensive just to add/change a few things... At the date near the game release, those who bought the game were forsaken by the producer of the game, making us live in the constant bugs. So, don't expect nice treatment.

Overall I'd say the game is good, not perfect, AI still gets dumb sometimes, but, if you put on a difficulty high enough, it becomes quite a challenge. If you get tired of the game, I recommend you check the workshop out, maybe it has what you need to fire up that urge to play the game again.

Right now, I'd say you think well if you want this game, if you're not sure, wait for a discount, tho, it might never come. Even a 25% discount would be enough to make this game worth your money.

Talking about popularity of the game. Even tho it has been on the 'Most Sold' Steam tab many times, it hasn't got a big community, I'd say mostly because of the game-killing bugs it used to have, and the fact that Single Player Campaign (I don't mean the story campaign) is probably what attracts people most.

My veredict: 8,5/10
If using mods in the game: 9/10

Please comment with your opinion (do not hesitate on using strong language if you hate me) and give me a like.
Have a nice strategic day!",positive,neutral,positive,positive
Steam,Total War: Rome 2,"Launched with many bugs that made the game unplayable. However, 14 patches later and I can finally say that this game is worth buying and playing. I have stuck with it through this time since I wanted to get my money's worth out of it... and now I can say that I have, and I can recommend it to anyone else who is a fan of strategy and Total War games in general.",positive,positive,positive,positive
Steam,Final Fantasy 14,"Look, you can just see how much I've played this game to know that I like it. It's a good game with a great free trial you can play if you want to get a feel for it. You've probably heard it all before from word of mouth so I'm not going to try and sell it for you here just know that it's really good.

What I *am* going to try to do is let you know about a few things before you buy that I don't see a lot of people telling new players.

First, and maybe the most important: *If you buy the game on steam you can only buy the steam version of the expansion*
- What does this mean?
If you buy FFXIV from Square Enix directly you can only buy future expansions from them and only them. This means that if steam is having a sale on the expansion you cannot participate in it. The same goes with Steam. If you buy the game on Steam you can only buy future expansions from steam and not Square. This can be frustrating as I've seen people buy their game from the wrong place and waste money. Double check where you bought your game first by going to your account on Mogstation and seeing which version of the game you own.

Second, there are two types of subscriptions: Entry and Standard subscriptions are different
- What does this mean?
There are two types of subscriptions. 
The first is the Entry subscription which is 12.99 USD and is 30 days long. This gets you one character per sever with a total of 8 characters over all. I'd say go with this for your first month subscribing and if you still like the game you can move up to a standard subscription.
The second is the Standard Subscription which, starting, is 14.99 USD. This one has 8 charcters per sever with a total of 40 overall. With a standard subscription you also have the option to purchase multiple months at a time. This can save you money in the long run especially if you are really into the game. 
There are also little additions you can get like an extra retainer for a little fee each month but this is completely optional as it's just a form of inventory management. 

Third, for those who are used to WoW: You can play every class, and every job, on one character
- What does this mean?
Every character you create can swap classes by changing weapons. Meaning, you can play anything you want when you want to. If a new class comes out you only have to be at the level the class requires, you don't have to create a whole new character for it. This was a big draw for me as swapping characters all the time was a real pain. Yes there's still some grinding involved as you'll have to level up that class as well now, but you don't have to always start from square one. If anyone who used to play wow is reading this, name changes and race changes are also way cheaper from what I remember them being in WoW. A name change is 10 USD on here and a Fantasia, which is a way to completely makeover your character changing, race, gender, and nearly everything else save the name, is also 10 USD but can also be bought in packs of 3 or 5 that can save you some money.

Overall it's a good game but these a just a few things, off the top of my head, that can help people new to the game. If you're reading this I hope you have fun at least trying it out.",positive,positive,positive,positive
Steam,Final Fantasy 14,"So I have bought this game on 05/25/17 and have been only playing this game till 06/04/2017 with an accumulate of 139 hours.
Update: 06/22/2017 accumulated about 235 hours and I have payed a month of my Subscription :). I am reupdating this for the Summer Sale for people who want to try this game and also for the StormBlood DLC update. 
Updated 5.5:  09/06/2021 up to date with Shadowbringers

Positive:
-Completly Noob Friendly
-Tons of Content with two DLC's (Heavensward 60)>(Stormblood 70)>(Shadowbringers 80)
-Chocobo,Chocobo and Chocobo racing.
-The brilliant soundtrack is very unique and captivating.
-Multiple classes that this MMO is unique with is having 1 character and being able to switch classes
- The one major thing that also makes this unique, is that in FFXIV, there is no rush in this game. You can be what you want to be and you are not forced to do anything else.

Community:The community is amazing in certain perspectives that is actually more better than most MMO's. What makes this community so unique is just the cycle of players that are willing to help new players. Yes this is normal in all MMO's but in FFXIV we aren't forced to help new players but instead we choose to. That;s what makes this community so nice. Not all Communities are perfect or imperfect but the majority of this one is decently kind.

Heavily Story Reliant: Most MMO's always fail to captivate the player of the story in general. FFXIV is very unique in it's own standpoint that the developers actually put so much development and depth into this story that just makes you enjoy it . Also being that this is probably the longest story in all Final Fantasy Genres. This is probably the only MMO that can potentially make you cry just from the story. That is how good it is.

Dungeons/Trials/24 man raid/ Hardcore raids:

Dungeons: Pretty generic even in this MMO that there isn't really much to say about honestly. Maps are very unique in it's own sense even the mobs and bosses with their unique skills. Though each map will have it's soundtrack included.
Trials: Trials are Bosses that you will face during the Main story or a side quest. You will be with a party of 8 facing this trial. Every Trial is unique with it's own soundtrack. Though trials are not difficult, there are Trials:Extreme which increases the difficulties making it twice as hard.
Alliance raids: 24 man raids are pretty much 24 players clearing a dungeon with multiple bosses. It's not difficult but you will die a lot. These 24 man raids also consists of the Nier raid in the most recent Shadowbringers update. 
Savage raids:These are your hardcore raids. They are about equivalent to Mythic raids in WoW. But, you are in a party of 8 of what you do is important. Everyone has to work together and synchronize too be able clear this content. The amount of time varies but in the most extreme hardcore raiders it can take them a 5-7 days to clear but for normal players it can take them 2-3 weeks.  There is also a 48 man savage content that released in the Eureka content.
Ultimate raids: Thought savage was hard? There are currently 3 Ultimate raids. Ultimate raids make's savage content look like a joke. These are for the hardcore players that want to take it too the next level. Ultimate fights can last for about 15-18 minutes. Each passing second or minute, there is always a new mechanic that is very unique. This type of content take up to possibly more than 60+ hours. Being it can take you more than 1-3 months just to clear 1 ultimate. Though yes it's hard. But that is what makes this so much fun. The reward is that you will get a ultimate title and a unique ultimate weapon. But it's worth it.

Graphics: Even with a Low end PC you can still run this game smoothly. For Medium-High End PC. A lot of people tend to not like this aesthetic of graphics because of the anime type graphics but it really seems to fit.

Free Companies: Aka guilds- Finding a very dedicated FC that is willing to work with their own community is fun. Being able to host events and sometimes do raids and obtaining benefits makes FC's worth going to. Joining a FC or getting into the community can help you not get bored but can significantly make your FFXIV experience better.

Enternal Bondings:  So this is basically a Marriage system that can help boost the XP gain of two of the couples are together in this game and a Chocobo and YES there are actual relationships between players but don't try to take it serious as a relationship game.

Housing: You can have you're own house or a FC house that are limited in each server.  There are even crafters that can craft housing items or just be able to have you're own garden. You have your own section of an area where you would run into other players that could be your neighbor or another FC.

Golden Saucer: Pretty much a land of Mini-games that has good decent amount of games to play like Chocobo Racing or Card games. People actually seem to enjoy this content that they sometimes live in it. They have unique glamours or mounts as rewards.

Gear: Gears can be obtained from doing raids, dungeons or crafting. Every gear in this game unique. There are people who actually farm gear just for glamour that just looks really cool too be being very gorgeous or just very funny.

Eureka: Pretty much Legendary weapons or armor that have their own signature look and stats that can be used for endgame content. This usually takes about 1-3 weeks to be able to obtain 1 weapon but can vary on the time.  They are very grindy content.

Classes: You will have a single character with multiple classes to change into.So this means you do not need to make another character. There are 10 DPS, 4 Tanks, 3Healers, 7 Crafters, and 3 Gathers. Each job is very unique in terms of playstyle. You can be good with a specific class. But you will see a huge difference in terms of skill of the class you play too someone who plays the same class as you. This means even though you know your class. You haven't mastered it being there are rotations.

Leveling: Leveling: Leveling can completely vary on the methods that players use. But it can probably take about 1- 3 weeks or maybe less to max a DPS/Healer/Tank class. For Crafters and Gathers it can take probably a few hours to 2 weeks that can vary. Leveling doesn't feel slow or fast. It's just very moderate.

Crafters/gathering: Probably the most unique and yet rewarding content. There are tons of crafting recipes and gathering. Compared to other MMO's where Crafting and gathering are just sub-classes. In this game they can be a main class for players. Each crafter's are unique. Culinarian makes food for buffs even raids. Carpenter's can make housing materials. These are classes that can make you money and gear and being a crafter and gather is like playing a different game too where you can put infinite hours into this.

Negatives:
Monthly Payment: This is a subscription based MMO. But one thing in mind is that, if you do buy the steam version, you can purchase subscription with steam credits But this is how the game is still alive and healthy.

The story length: You will feel beyond rushed. The story is good and it's amazing. But too other players they want to reach the endgame content. If you are the type of player that only wants to play endgame and do raids. Then this is probably the biggest.

Conclusion:
You are not forced to follow a linear path in this game. You can be what you want to be is what makes this game feel so alive. You can be a hardcore player or a casual but you are not forced. This game is started to become more mainstream now and it's always great to have new players. To be honest this game feels like WoW when it became popular when Wrath of the Litch King was released.(Not a hate rant). This game feels like it has more content than GW2 endgame. Both are amazing MMO's but, Final Fantasy 14 feels like the MMO that filled the void of my heart from what an MMO should be.

Rating: 10/10",positive,positive,positive,positive
Steam,Final Fantasy 14,"I feel like I can write at least a small review with 5 thousand hours in the game so here we go. 

Tldr: It's great, the best mmo in my opinion out there. Good music, dungeons, story and awesome community. Rocky start but starts to get better after the first expansion.

Alright so let's start with the base and go up. A Real Reborn, the base game you get is easily the longest and grueling at times. Quests that make you go fetch things from A to B, talk to this person etc. However, it still has some good points. 
    -The experience you get from doing the main story quests can keep you up to date for dungeon requirements. Some even give you gear so you don't need to throw your gil (In game currency) at the Market Board (player shop). 
   -Before the first dungeon you get the choice of having a tutorial on the basics of your current role (Tank, Healer or DPS.). Each training focuses on the general tasks your role does. The rewards you get are gear that lasts until lvl 20 and a ring that grants you XP until lvl 25 or lvl 30.
   -When you reach lvl 20-ish it starts to open up its world by having you travel around the continent. This is where you get some world building lore, the struggles of each nation, how the events prior to your arrival transpired and affected them along with some politics. 
   -It's beginner raids are new player friendly. Instead of having 8 people you have 4 which can be a good thing. 

There are other good points out there but I will let you decide on them. Now, with ARR done, let's give a look at what is to come. Spoiler free of course. 
   The first expansion, Heavensward, introduces new things to the fray like mechanics, locations and it starts the addition of flying in each zone with whatever mount you want! Aside from those it features an engaging soundtrack that changes with each phase making the fights more fun and epic. Worthy of the title you have been bestowed upon back in A Real Reborn. What it also brings are 3 new classes: Dark Knight, Astrologian and Machinist. All three are accessible once you start the Heavensward expansion but start at a lower level than its entry level. 
  -Dark Knight: A tank class that is seen edgy due to its use of ""inner darkness of your soul"" but a fun one and useful. 
  - Astrologian: You use the stars and tarot cards to heal and buff your allies. Another fun class, especially if you enjoy multitasking. 
  -Machinist: A ranged physical dps that uses guns and turrets. It's fairly simple to play as and can get powerful later on. 
Heavensward is seen as one of the best of the currently 3 expansions because of its story and I am inclined to agree. After finishing A Real Reborn, Heavensward will leave you very satisfied with how the game evolved. But it does not end there.

With Heavensward out of the way, Stormblood! Like before, it adds new mechanics and music along with two new areas, both having zones that you can enable flying in. With it comes 2 new classes this time, both DPS. 
  -Red Mage: Your fencer mage that uses both black and white magic to fight and support their allies. Heal and bring back your allies like a semi-healer in battles or focus on dealing damage while looking stylish! It's part of their persona. 
  -Samurai: Your sword wielding fighter from the Far East, which some of you might laugh at because of its name. Simple in gameplay but once you reach a higher level and learn its gimmicks you can see yourself dishing out large amounts of damage.
Stormblood is considered the good-ish one of the trio. I see it as an expansion that deviates a bit from the action of Heavensward and goes deeper in terms of other topics. 

And now, the latest expansion. Shadowbringers!
This expansion was one that left many players with their mouth agaped, sat at the edge of their seat and with their heart clenched. I shall leave the reasons to you! Minor advice: Buckle up. Things go to another level. As before, new zones with unlockable flying.
 Shadowbringers also brings to the fold 2 new classes: Gunbreaker and Dancer. A tank and a DPS. 
  -Gunbreaker: The small brother of Warrior that focuses on swift movements and big damage. It's skills are designed for fast gameplay, the player having 3 sets of combos: One for gathering ""Cartridges"" followed by a combo that uses a cartridge and another one that uses the 2nd combo. Confused? So was I but it comes around. A good description would be: Devil May Cry but tab target style. 
  -Dancer: It does what its name implies. With a combo that is half dependent on RNG, the dancer swoops in with its buff by performing steps with their Dance Partner, increasing both of their damage as the timer goes down. At later levels you can buff the party members around yourself, also increasing their damage. With their Dance Partner they can buff and heal each other and those around them. 


Now for another part of this review. You have noticed that I have mentioned repeatedly that you can fly, yes? Well that is because I have been saving words for this segment!
 
World Building! 

Each expansion gives the players new elements to the lore behind the universe of FFXIV. From the customs of each area and its people to civilizations long past to heroes of eld and gods once worshiped. The game introduces this through its story and many other quests. 

Questing! 

From Heanvensward and onward there is a trend that has been established with how the Main Quests work. It's pacing can be like this: First quest with the entry level is the introduction of the expansion followed by the next level being a dungeon you go in. The next quest can involve a solo instance where you fight along side NPC's in a revisited dungeon or a specially made area for it. And then another dungeon or trial. The cycle repeats like this to keep the player engaged and not go through another ARR slogfest.

Music!

The music is by far the best in my opinion. The composer, Masayoshi Soken, has a clear grasp on what to implement in this category so the player can enjoy doing the content. From slow motifs to full on pieces in which make you question yourself if you are in a battle of life or death or at an opera/concert. Many fall in love with the music in it and choose to do content because of it! Myself included. 

Community!
It has been said a lot of times that the community of FFXIV is really welcoming and well mannered. I stand to agree to that but I won't let it be sugarcoated that much. We have problems like many other MMO's and games that have you play with real people have. If I would be correct to assume, the reason behind this big point that has been brought so many times is because we choose to be kind because the developers are also kind. It's a paying forward sort of deal. At least that is how I see it.


And that is all I can think of. If you have read this far, thank you for your time! I hope this review will be at least helpful in getting an image on how the game is like and if you want to try it. Hope to see you lads and lasses in the game! And most importantly, have an awesome day!",positive,positive,positive,positive
Steam,Final Fantasy 14,An MMO so good they had to stop selling it.,positive,positive,positive,positive
Reddit,Final Fantasy 14,"its nice that you get options to have both, if you want skimpy you can run around in swimsuit and bunny ears or slap on heavy full plate armour and still look badass. I need more glamour inventory reeee",positive,positive,positive,positive
Reddit,Final Fantasy 14,">Even if you feel an attachment to the story and the zones, is that really enough to get people to keep playing every day for 5 months between patches?

Speaking from personal experience, it was enough for me. I started playing in Stormblood, played Shadowbringers during launch and got all of the FATEs done during the patches, finished every tribe when they were released, and during Bozja and Diadem, made every crafting relic, participated in all of Ishigard Restoration, farmed every single EX trial and tried to get as many resitance weapons as I could, all because I just really liked the story and the world and it made me want to login everyday and know and do everything there was to do related to it.  
I also did the fate and tribe grinding for Endwalker, but I disagree with you and didn't like the patch story at all (the characters already started acting out of character from then, the writing was shallow and repetitive, the problems were all solved off-screen with convoluted solutions that simplified what before were major story points...anyway). I'd go gathering in Ultima Thule and would always take a few seconds to look around and hear the song again and think of the story and feel happy about it.  
Meanwhile, I started grinding the EX fates for the story trials, but stopped caring about them after Barbariccia, telling myself ""I'll go back to them eventually"". Never did, didn't even clear Zeromus EX. It was during those patches that I stopped login in daily and caring much about getting achievements, old and new.

I've heard other similar stories around, and I'm very sure I'm not the only one that feels that way. And I'd still argue that there's many people like that in this game, to varying degrees - but a good story makes people in FFXIV forgive a lot of gameplay issues. And that's one of the answers to your thread: the story made people so happy with the game that they'd forgive everything else. The cracks began to show during EW patches, and it's not a coincidence that the story was also starting to get criticized.",positive,positive,positive,positive
Metacritic,Final Fantasy 14,"We can't recommend that you spend $50, and then $12.99 a month after the first 30 days, on a title that has as many flaws as FFXIV does. But we can recommend that you keep an eye on the news to see how this game evolves.",positive,negative,positive,positive
Metacritic,Final Fantasy 14,Anyone who has experienced Final Fantasy XIV Online and has fought his way through the complex control will hardly want to leave Eorzea.,positive,positive,positive,positive
Metacritic,Final Fantasy 14,A worthy heir of Final Fantasy XI which improves some aspects of the original.,positive,positive,positive,positive
Metacritic,Final Fantasy 14,"If you are a fan of WoW, you probably wont be a fan of this game or its interface.

Yes, the interface is DIFFERENT however, it is not bad.  It looks that there are several people who have no idea how this MMO was designed.  It was DESIGNED to be less cluttered than a standard mmo.  Ever looked at someones WoW interface who plays alot?  Holy crap its cluttered with stuff that isnt needed!  You have all the same things in the FFXIV interface that you do in WoW and then some.  The two things many people will be confused by is ""Lack of Jumping"" and ""I hit spacebar to start chatting? o_O"".  Other than that, everything including interactions flash on the screen like any other mmo (either by cursor or at the top).

The quests are easy enough to find.  The MMO focuses more on exploration than the quests though and the guildleves system is very efficient and actually EASIER to use than the system in WoW if you do want them.  Do you NEED a giant billboard for ""Quest is here?""  Honestly, I like a littkle adventure in my MMOs.  Yes leveling and finding gear is **** almost the exact same as what happened in FFXI (which btw, most of you have probably never played and I'll bet ****...quite a few are lying about playing too).

This is an MMO for patient people who enjoy scenery...high magic...tons of crafting **** lots of exploration.

Also, quite knocking the class system.  It's virtually identical in nature to the class system of FFXI and resembles tactics (with equiping weapons to change class).

Yes, the game has some glitches (Slow inventory loads and character **** that is ONLY if you have a slow machine).

If you intend to run this game, please make sure your computer meets a few or all of the recomended system requirements (I7 processors are very new and expensive for most people right now but, the graphics card is FAR more important than the actual CPU speed of the computer.  All you need is a dual core with a good graphics card).

I highly recomend this game to anyone who has the explorers mindset (A mindset that is usually required for games like Ryzom and EVE-Online).",positive,positive,positive,positive
Metacritic,Final Fantasy 14,"Honestly, I bought Final Fantasy XIV as just that - a Final Fantasy.  The single player RPGs in the series have never rated high on my preference list, though I've enjoyed them, however I've always felt the worlds portrayed by the series would play so much better as online worlds.

And, as such, just as I was excited for Final Fantasy XI, I was (and remain) excited for Final Fantasy XIV.  And I honestly have to say, it delivered.  Final Fantasy XIV presented me with a unique and compelling world and what's more, actually asked me to set about exploring it.

Now, I will not deny this game has flaws - it has quite a few.  But I've always maintained it unbelievably stupid to judge an MMORPG on the flaws it exhibits in its first year, let alone first month.  I'll come back and start **** over resolvable issues then, maybe.  For now, I see potential, and I like the basic systems I'm presented with, along with the world and the basis for the kind of roleplay I enjoy.

I expected pretty much exactly what I got from Final Fantasy XIV; a good world, a good story, and enjoyable battle system, an actually fun crafting system, and a unique take on the systems so generally formulaic in modern MMO games.

Is Final Fantasy XIV for everyone?  Very likely not.  But for me, it's very much the online RPG I've been looking for to replace Ragnarok Online the best part of a decade, and I'm pleased to have bought a Collector's Edition.  What's more, it's remarkably friendly to the casual player - if you define casual as a player with limited time available, which describes me perfectly given my recent return to university.  The experience system is geared to give large bursts for a short time after login, and then level out should you attempt to grind; just how I like it.

Sorry if this isn't the most useful review ever, but simply put, I'm having fun and I'm sure there are a lot of people who will also, so long as their only definition of 'fun' isn't the formulaic, Western MMORPG, or bust.",positive,positive,positive,positive
Steam,Final Fantasy 14,"I know i am late, but it's time to say what a great Masterpiece this Game is. I spend over 2000 Hours and finally reached the End of the Main Story. Now i am waiting for Dawntrail. This Game mades me often crying cause of the heartwarmed Story. 
Sequences Graphics: Awesome!
Gameplay: Amazing!
Story: Undescribeable!
Game: ♥MASTERPIECE♥",positive,positive,positive,positive
Steam,Final Fantasy 14,"WIth over 4000 hours on this game I think I can say I've seen most of what this game has to offer.

I have been a fan of Final Fantasy for years, playing almost every FF game there is, from FF2/4 through to FFXIII-2. When I heard Square were doing an online RPG (FFXI), I had to try it, but my machine was not powerful to handle it. Now, they came out with FFXIV, which made FFXI somewhat redundant, but I have to say, I agree with some of the reviews here, in that the game is really, REALLY good. The ability to switch classes on the fly is awesome (and one of the factors that made me, like some other players here) pulled me away from World of Warcraft.

The voice acting is great, being able to switch to Japanese is an immediate tick in the box for me. The storyline is your classic FF-style story, and it feels totally like a FF game expanded into an MMO world.


Seriously, play this if you are a FF fan, but as pointed out with some reviews, you will lose your social life in the process. :P Unless, of course, your social circle are also FF fans, then you won't.

One main caveat. PVP in this game, while it does exists, seems to feel more of an afterthought than being built into the game from the start.",positive,positive,positive,positive
Steam,Total War: Rome 2,"This game received a lot of negativity when it came out. I didn't play it at release so a large percentage of the hate was probably well deserved. In the end though, I really feel this title is one of the best in the series. I think the battle AI is the best of the series (still haven't played Attila though). The game looks and sounds beautiful in all aspects.

The campaign was frustrating at first. I was disappointed with the fact that they force you to a limited amount of armies and navies. They also force you to have a general/admiral for all armies/navies...that means no more marching small groups of leaderless troops from one place to another. While I didn't like this at first, it really makes sense. You can still recruit troops away from a city and they magically appear in the queue on the next turn within your army which means they ARE marching from one location to another...you just aren't the one doing it.

The game has its issues at times. I encountered some crashes that got progressively worse until the game was rendered unplayable. Surprisingly, it was a file that somehow got corrupted and simply verifying the integrity of the game cache resolved it entirely.

Overall, the campaigns I have played in this game have been some of the best to date and I highly recommend this title to anyone interested in historical strategy. To those who love this series but haven't played this game yet? I say give it a try and give it more than just a few turns. Put a few hours into it before calling it quits.",positive,positive,positive,positive
Steam,Total War: Rome 2,"I'm recommending this game, but I'm gonna outright say that it's tentative. Creative Assembly has allowed an employee to disrespect their community, and more specifically their consumer. While I can attest that the customer isn't always right... here... they are. 

This game launched with horrible bugs, and for many was downright unplayable at launch. A complete garbage pile, and a negative stain on the overall franchise that has taken years to remove. I know people that to this day still will not buy a Total War game because of how bad this game was on launch. However, over the last two years they have gone back and shown that they intend to fix the game... even if it's a little late in the day for it. 

Rome II is now a masterpiece, and it's beautiful albiet still with some flaws, but we'll get into that later. Campaigns can last four or five generations of characters, and allow for some real story building. On Very Hard or Legendary you can really fight to build Rome or tear it down dependingly. There is tons of content here and numerous factions. There are even female generals if you so choose to recruit some, but only for certain factions, and no Rome and most other ""Civilized"" factions can't recruit them. The issue here... that CA completely ignored the valid arguments of it's community is generally not the females themselves, but the overabundance of them. They should be rare, very rare from the AI... it's ridiculous that of thirteen barbarian/desert kingdoms armies I've seen in my recent co-op six of them were female generals.

However, overall the game is great. The issue that most of the negative reviews have is the response from CA spitting in their face, and this is where I tell you that if you don't want a Dev spitting in your face, and telling you to fuck off or insinuating your a misogynist just for criticizing them... then do not buy this. That's a completely valid and understandable position.

One I'd even recommend you take until CA appologizes. This isn't rating CA though... it's Rome II, and currently beyond a couple of minor issues. It's still a good game, but again I'll reinforce: Do not buy this while Devs are shitting on their community. #GetWokeGoBroke",positive,positive,positive,positive
Reddit,Total War: Rome 2,"Rome 1 is very arcade-y, and is certainly not historically accurate. It's historically inspired, is the way I'd put it.

Rome 2 did better on the historical accuracy front, but it loses some of that arcade-y feeling at the same time obviously. Map/faction wise is the biggest improvement IMO (eg, Gaul in original Rome is a unified faction - vs a bunch of tribes in Rome 2)",positive,positive,positive,positive
Reddit,Total War: Rome 2,"Rome 2 was a disaster at launch, but it is incredible now.

Ai is still not nearly agressive enough but doesn't change the fact that it's a very fun game.",positive,positive,positive,positive
Reddit,Total War: Rome 2,"Empire 2 and Medieval 3 have been my most anticipated since ... Rome 2 released, probably. I enjoyed the hell out of Rome 2 and Attila, and have liked Warhammer (own but haven't played Warhammer 2 yet), but I've always been more interested in the history than the fantasy. And I've just never been the biggest Warhammer fan, so as great as the Warhammer games are they just don't do it for me in the same way. 

But man, Medieval 3 and Empire 2 ... very excited. 

Even just that medieval mod for Attila if it ever gets finished would be pretty sick, but I'm less hopeful about that happening.",positive,positive,positive,positive
Reddit,Total War: Rome 2,I was actually really scared to admit it here because of its reputation but I actually love Rome 2 in fact I’m literally playing it at this very moment LOL,positive,positive,positive,positive
Reddit,Total War: Rome 2,"I think my favorite of all is Rome 2, then Shogun 2 and Medieval 2 close behind. Not sure why Rome 2 isn’t as highly regarded?",positive,positive,positive,positive
Reddit,Total War: Rome 2,"Ah, a fellow Rome 2 enjoyer. It's my favourite aswell, from battles to the UI, everything is great.",positive,positive,positive,positive
Reddit,Total War: Rome 2,"I bought the Rome 1 remaster, as I remembered it being far greater than the shit show that was Rome 2 at launch.

Now I have to admit, Rome 2 is just a far better game currently. In fact, I think Rome 2 is probably my favourite Total War game, and it could really only be improved by having a way less shit UI. A building tree browser, and character browser and so on, instead of having to carefully mouse over tiny boxes trying to work out what’s what, and hoping you don’t go one pixel too far and collapse the whole thing.",positive,positive,positive,positive
Reddit,Total War: Rome 2,"Not a huge criticism, (it does not matter to me at all), but I think warhammer is miles below some others in terms of graphics. I have a good system, run on ultra 1440p, but it just looks a bit washed out and the colours/lighting is off.

  


Maybe it's my end, but I swear even Rome 2 is better looking :/ again, it's a non issue, it's just odd to me.

  


The rest look amazing, TOB especially.",positive,positive,positive,positive
Reddit,Total War: Rome 2,">There's less management that you need to do in Rome 2 than Rome 1. 

How so? I love both games (prefer Rome 1) but in Rome 1 ""empire management"" basically boils down to which building to build, whether to use characters as generals or governors, tax level, and keeping the SPQR happy (which is only for the Roman factions and can pretty much be ignored tbh). I mean, I love Rome 1, but there's no research, no political careers, diplomacy is a joke, construction is very linear and the same on every settlement, etc. It's much simpler than Rome 2 IMO.",positive,positive,positive,positive
Reddit,Total War: Rome 2,I want open siege maps like in the historical titles. Rome 2 had the best custom sieges.,positive,positive,positive,positive
Reddit,Total War: Rome 2,"It took some patches, but Rome 2 came good and anyone who thinks 1 is better is mostly just being an old man yelling at the clouds.",positive,positive,positive,positive
Metacritic,Total War: Rome 2,Rome II is a testament to all that is great about PC gaming and should be a must buy for all its followers.,positive,positive,positive,positive
Metacritic,Total War: Rome 2,"A comprehensive reworking that does its grand legacy proud, bringing it up to the date in blistering fashion and polishing it for a new generation is all Creative Assembly could ask for, and it's precisely what they've done.",positive,positive,positive,positive
Metacritic,Total War: Rome 2,"This is truly a developer putting all their skills and knowledge to use, funneling it into one singular creation, whilst also focusing on presenting it to players not at all familiar with the series.",positive,neutral,positive,positive
Metacritic,Total War: Rome 2,"Total War: Rome II is an extremely well made game: the campaign is long and complex, tactical battles are really absorbing (and naval battles are really difficult: a small mistake can cost you several ships). Changes made in the game make it easier to keep track of everything that's happening, rewarding fast decision-making and - all in all - generating tons of fun for less-experienced generals as well. Creative Assembly have created something that will be tough to top.",positive,positive,positive,positive
Metacritic,Total War: Rome 2,"Total War: Rome 2 is the real killer application for the PC, an unforgettable experience that will remain engraved forever in the hearts of those who give it a chance.",positive,positive,positive,positive
Metacritic,Total War: Rome 2,"It's a game that requires patience and immense commitment. If you know what you're getting into, or are at least patient enough to figure out everything on offer, Rome II is a worthy continuation of the franchise and an overdue update to one of the greatest strategy games of all time. It's every bit as vast and absorbing as you've come to expect.",positive,positive,positive,positive
Metacritic,Total War: Rome 2,"It’s still the same old imperfections holding it back, but that doesn’t stop Rome II being the best Total War so far – and one of the most accomplished strategy games of recent years.",positive,positive,positive,positive
Metacritic,Total War: Rome 2,"Despite the fact that we hoped for a more revolutionary spirit for the future of the Total War series, Rome II is still an awesome-looking game, with hundreds of hours of gameplay and huge replay value.",positive,positive,positive,positive
Metacritic,Total War: Rome 2,Some quirks in the AI and an engine yet to be optimized impede Total War: Rome 2's greatness just slightly. Creative Assembly has refined the formula in every conceivable way and delivered a game that fans of the genre shouldn’t miss.,positive,positive,positive,positive
Metacritic,Total War: Rome 2,"Rome: Total War is one of the most brilliant games I've ever played. Total War: Rome II inverts far more than the name. This does not channel the greatest military empire in history so much as the pale shadow of its ending; a bloated, technically corrupt and unfocused mess.",positive,positive,positive,positive
Metacritic,Warhammer 40k: Darktide,"It is hard to translate just how satisfying it feels to tear through a horde of heathens in Darktide as its thunderous soundtrack plays to words. The best way to do so seems to be simply saying that it is spot-on enough to surely please any fan of Warhammer or horde shooters. Darktide is a Primarch amongst Warhammer games, and it serves the corpse emperor admirably.",positive,positive,positive,positive
Metacritic,Warhammer 40k: Darktide,Warhammer 40K: Darktide on PS5 is superb action game filled with brutal violence and all the tongue-in-cheek dry British humour you expect from the universe.,positive,positive,positive,positive
Metacritic,Warhammer 40k: Darktide,"The PS5 release of Warhammer 40,000: Darktide essentially acts as a celebration of the game reaching its current state of being one of the best co-op shooters out there.",positive,positive,positive,positive
Metacritic,Warhammer 40k: Darktide,"Great gameplay , servers aren't the strongest but there is a lot to unlock and obtqin without spending money . The missions are drop in drop out and allow up to 4 players with 4 classes to choose from and a few unique traits and characteristics . Weapons vary and so do powers and tools at your dissposal . Much like a Left for Dead successor with mixes of other flavor. just needs a little juice in the performance and narrative  , maps and new class would be nice",positive,positive,positive,positive
Reddit,Warhammer 40k: Darktide,"Just want to say the games fantastic, you all did an amazing job! I hope you and the rest of the FS team are enjoying the success of Darktide and not allowing the negativity of a lot of the nonsense people complain about to affect you. I can’t wait to see what to see what comes for the future of the title! Thank you!",positive,positive,positive,positive
Steam,Warhammer 40k: Darktide,"In the grim darkness of the 41st millennium, there are only games released a year too early. 

Darktide is one of the best looking, feeling and sounding interpretations of the Warhammer 40,000 universe that has ever been released. Yet, it came out clearly too early and had many bugs and a poor progression system, with an in-game shop prioritised over promised features. That being sad, 10 months post release and after many, many patches, including the recently released complete rework of the class talent tree, it finally feels like Darktide is where it should have been at launch. 

Darktide is incredibly fun to play, as you slaw hordes of heretics with probably the most satisfying horde combat in a game yet, with the incredible soundtrack playing over the carnage and a near perfect rendition of a hive city it is incredible. The melee is an upgrade on Vermintide 1 + 2s, the shooting thankfully also feels incredibly weighty (especially Ogre weapons or the bolt pistol and the depth of the new talent trees, coupled with so many new abilities add a lot of depth to the game, especially at higher levels. The missions also feel very distinct visually and whilst there are shared mechanics between some missions they never feel like a copy paste of each other, likely due to the AI director and diverse location themes. 

Whilst I now feel comfortable recommending Darktide as a very good horde shooter, £50 is a high asking price. I would still recommend picking it up on sale, as you will get much more bang for your buck. Equally, it's a game best enjoyed with friends. I am very excited for the future of Darktide, now that it has found its feet and going by their record I am sure Fatshark will only further enhance this game to be one of the best horde games ever, which it really has the potential to be.",positive,positive,positive,positive
Steam,Warhammer 40k: Darktide,"On November 30th, 2022 Fatshark ""released"" Warhammer 40,000: Darktide. What they SHOULD have done is release it into public Early Access, because it was an unfinished product. As of October 3rd, 2023, Fatshark released an update to the game that has affectionately been deemed Warhammer 40,000: Darktide's ""actual release date."" It's good now. You can play it.",positive,positive,positive,positive
Steam,Warhammer 40k: Darktide,"This is a weird one

Overall the game is really fun. Would I recommend it? Yeah. Are the Devs doing very questionable things though? Also Yeah
I can go over all the generic reasons why I enjoy it such as the combat, the music, the setting/atmosphere, etc but there's plenty of other reviews going over that.

Instead I'll go over the various negatives so far.

Going from the Pre-purchase beta to launch I somehow have lost fps and stability. Graphics settings were reset with launch so at first I thought it was that but even after messing with it today it still seems worse. This is obviously very possible to get fixed in the near future so I'm not gonna hold it like a big strike against them. Also have had a few different types crashes that I didn't experience in the beta.

Balancing could also use work with there already being some determined meta picks. Some weapons and classes need buffs, pretty simple change but doesn't impact amount of fun in game overall

On the other hand not having crafting in at launch but having a microtransaction cosmetic store in at launch is super scummy and shameful of Fatshark. And not only is there a cosmetic store in what should already be a full game but the store also suffers from traditional predatory practices you see throughout the industry. Timers on things being sold that causes FOMO behavior. Rotating store? well wouldn't wanna miss out on this cool item who knows when it will appear again better buy it now.

Also having an in-game currency rather than just letting you use money so you never have exactly enough to buy something, always a little less or too much. So you're always encouraged to buy just a little more currency so that extra doesn't go to waste. Current pricing's are $2.50 for 500 currency, $5 for 1000, $10 for 2100, $20 for 4500, and $30 for 7000. Current pricing's for cosmetics are 400, 700, 800, and 2400. You do the math. 

Both are scummy and predatory practices.

Good thing they could make sure it's implemented though before core features like crafting.

The other problem I have is after claiming to have 70+ weapons available at launch https://forums.fatsharkgames.com/t/classes-in-darktide/60591
We have currently 65. Of those there are a lot of variant weapons as well, such as having 3 versions of the same rifle, one with slower rate of fire and higher damage, one with high rate of fire and low damage, and one balanced. Not only that but we are missing weapons that were LITERALLY SHOWED IN ADVERTISING. Take for example the Ogryn powermaul here https://www.youtube.com/watch?v=s9yRol5UYOY&t=59s  no where to be found in game. Did Fatshark somehow forget to implement it? Who knows!

So yeah it's a weird state right now.

The game is fun and I've already gotten my $40 worth of content easily. It's just annoying when it could be better.",positive,neutral,positive,positive
Steam,Warhammer 40k: Darktide,"I've played this game quite a lot lately, and I feel like I have a good perspective on this game at this point. I've completed every mission type on T5, played since Closed Beta and Preorder Beta, max lvl'd every character and working on my 5th throwaway character (which I made just to hear different voice lines).

The Ugly:
 -  Performance issues/crashes still exist. Windows 11 users still need to set worker thread on launcher to 1 so they wouldn't crash all the time. Performance is quickly constantly improving with every patch so this might be resolved within a month. Raytracing performance is phenomenal however the performance hit it has is the biggest I've seen ever in any game.
 - Weekly Contracts... I'm a bit disappointed that Fatshark pandered to the people complaining that the weekly contracts weren't rewarding enough that they could buy stuff from Melk's Requisitorium easily, as Fatsharks response was to make the weekly contracts harder so that people COULD buy stuff from the requisitorium within a week. I felt like the old weekly contracts with minimal requirements is much better. 25 Scriptures, 25 Missions, 12 Grims? I'd prefer getting the smaller rewards that come with 15 missions, 15 scrips, 5 grims.

The Bad:
 - Crafting system is incomplete. As of right now, you can only upgrade weapons but can't customize. Crafting materials isn't shared across accounts and I feel like it should be.
 - In game shop for weapons/curios has too limited a selection. I feel like it should have 3 categories, 1 for melee, 1 for ranged, 1 for curios and up the count for each. 10 melee weapons, 10 ranged, and 4 curios always available in shop would go a long way to helping you find that roll you need.
 - No exact value purchase for premium cosmetics as of yet (FS has stated they're working on it). This is a predatory marketing technique that companies (not just video games) have used when there is 'premium currency'. This aspect of the game is the only thing that I feel shows the influence Tencent has in the game and honestly I'm glad it's only this.
 - Limited map selections at any given time. This can be a struggle when trying to complete penances for specific mission types as you might not have access to the mission that you need. I'm guessing they're going to add specific mission type and difficulty selection once they've complete private lobbies, and they're going to maintain this current mission map.
 - Psyker career definitely needs some balancing as they've overtuned it in hopes that the 'magic class' won't become too strong like it did in Vermintide 2. As it is, they pushed back a little too hard imo. The Zealot and Ogryn are honestly in a good spot, while the Veteran is overperforming a bit imo.

The Neutral:
 - Crossplay between Steam and Windows Game is nonexistent. I'm guessing they've disabled crossplay for now until they've got console release out since they're probably thinking if they'll need to support console and game pass crossplay compatibility. If they end up needing to do the vermintide console approach where enemy counts is reduced but enemy HP is significantly increased, it would be impossible to crossplay console with PC gamers imo. If they can't support that, Microsoft might not be happy with FS allowing crossplay with Steam and Game pass users.
 - Reused map assets. They've reused quite a lot of map assets in the game and it's noticeable as you go through the maps. I'm neutral here because of the good I'll mention later about the maps.
 - Progression. It may seem tedious, but I honestly had fun while progressing with my characters (exception being Psyker). Unlike in VT2, once you have everything maxed out, there's practically nothing to do except Chaos Wastes. Here, you can always find new 'loot' to improve upon, and create new characters to get the fresh out of box experience all over again. XP gain could use some buffs.
 - Obfuscated systems... I put this in Neutral because I honestly enjoy learning more about the game as I play it. The joy in discovering how stuff works in this game is amazing, and knowing these small little tricks help you become a better player imo. If everything's just spelled out for you, I feel like you'd mostly get information overload and you'd be too focused on numbers rather than actual gameplay, which I feel is a shame. They've added a lot of information in game right now, but it's still obfuscated enough that you feel like you can learn as you play. Honestly though, I think they added TOO much information in some cases, as a lot of people just get confused with the information overload and get frustrated. I personally find the added information useful, but I've also noticed that others who also play this game a lot have difficulty understanding the information that we are given in game.
 - Cash shop. It's all premium cosmetics, and V2 people kept harping about wanting cosmetics that FS decided it's important enough to come out on release. I think it's fine that it's out right now, as people are just eating it up and I think it's great that the premium currency has good regional pricing support.

The Good:
 - Map design is amazing! There are always multiple ways to approach a hardened position. I honestly like the fact that they reused map assets to make maps in zones feel connected. They've also borrowed from real world games workshop sets and translated them into the game to be more faithful to source material (which I know can mean very different things to different people). The art design is amazing in this game, and when you can see the skybox, it is just phenomenal. Throneside in particular looks like it's lifted straight out of book covers, and when you first get out into the open in Consignment Yard, you're just blown away by the details from the open sky.
 - Cover system feels very organic. I never liked the snap on system for cover in games (like Outriders, Gears of War etc) as it causes me to lose control of my character and they aren't very good cover anyway. The debris/cover in the maps don't feel 'forced' or out of place, and depending on how you use it can provide really good cover even as an Ogryn. Doors and walls are also amazing 'natural' cover.
 - Game is definitely a mix between melee and range, and is definitely more ranged focused than V2. Team needs to work together and know when to push, retreat, use ranged switch to melee in this game, particularly in harder difficulties. Both melee and ranged combat is very important.
 - Weapons and Enemy Armor complexity. People saying this game just lifted the system off of V2 have definitely not tried to learn this game enough. V2 at best has armored and unarmored for Stormfiend and Maulers, but here? Multiple enemies have multiple armor types and EVERY weapon's attack can have different effectiveness against them. A weapon strike that is good against single target might not be as good against an unyielding target, like the Ogryn Shovel H2 is a high stagger high cleave attack that just decimates unyielding (ogryns/monsters) so you should use that over the H1 which is a single target strikedown.
 - Toughness system is amazing. It promotes team work and makes so much sense considering how much ranged enemies there are. It is a definite improvement over the THP system that made selfish plays possible in V2 as you really feel like you need to move as a team here.

Conclusion:
I think the game is incomplete at this point in time. If that doesn't bother you, like it doesn't me, then I highly recommend getting this game as there's great depth to be had. This is definitely a game that's a work in progress, and has so much to offer at this point in time and has so much MORE to offer in the future. It's a very fun and complex game that will only get better as time goes on. I have so much more to write but apparently Steam has a character limit so I'll leave it at that and get back to slaying heretics.

Rise Rejects!

UPDATE:
Still highly recommend!",positive,positive,positive,positive
Steam,Warhammer 40k: Darktide,"Originally my review for this game was negative, wherein I called out the game's unfinished launch, poor optimization, severe lack of contact and the casino that was crafting, which was added months late. Over time, Fatshark has slowly worked to rectify the issues I had with the game. The most recent patch, dated September 25, did the heaviest lifting in lifting my mood regarding Darktide, as it finally culled the RNG itemization system that plagued this game and added long-term goals for making your weapons stronger, without being too long of a grind per weapon.

Darktide and its predecessors in Vermintide are unique among the co-op horde clearing genre, in that the melee gameplay is unrivaled. While at the lower end of the game's challenge levels, simply spamming light attacks may work, once you get to the higher end you'll need to consider your weapon's full move set. Combos, stagger, breakpoints, enemy armor types and more all need to be kept in mind when trying to find that perfect build for you.

For players who left, there's significantly more depth in how you can build your character now with the game's revamped talent trees, which launched roughly a year after the game released. Thanks to the September 25 patch, you can also tailor your weapons to your exact desires to try out all sorts of builds with them.

Of course, a good build alone won't carry you to victor at the higher end of the game's difficulty. One mistake can get you killed if the AI director is feeling particularly vindictive. Darktide, as with all -tide games, has a steep learning curve to climb, but once you attain the skill to start carrying in Auric Maelstrom missions, it hits the just right pulling off a clutch move.

The game is not without its faults, optimization could still use love, and a solo mode would be appreciated, along with the ability to tinker with bot players. Of course, there's a cash shop, but personally I think the items you can earn in game without paying look better.

Fatshark development cycles are on the slow side, but when the raw gameplay, sound, music and now build crafting leave the player with addictive action to help the wait for the next batch of content. It's just a shame that it took almost two years for this game to come out of beta.",positive,neutral,positive,positive
Steam,Warhammer 40k: Darktide,"The launch of Darktide was a disaster but now the game is in a good condition! Buy it, you don't regret it!
First I thought of doing a negative review, but instead I waited and trusted Fatshark and here we are in a really good co op game! So here is your positive review ;)

You fight in really intense close and range fights against lots of enemies and with Fatsharks formula in doing so, you will have a great time! They showed us with Vermintide 1 & 2 how cool a co op experience can be.
I don't know any other game where you feel the weapons in combat! Every weapon has its unique feeling and playstyle.

You never get bored in dropping into a next game and going deep again in the hordes!",positive,positive,positive,positive
Steam,Warhammer 40k: Darktide,"The game got bad reviews on launch rightly so because it wasn't finished, i have to say the game with the current crafting and the class talents has imo become a complete game. Some people complain the game has a lack of content meanwhile they have 400 hours, im not here to say how much is enough as everyone has different on what content even is but i will say that for the price asked it has enough there. 

The core gameplay is phenomenal, the crafting depends on your tastes, RNG crafting is fun for some people and frustrating for others if this feels like a bad thing to you then do not buy. The progression has kind of bad at launch but has improved drastically. 

All in all a good package for 40$, especially if you have a couple of friends and like the L4D format.",positive,positive,positive,positive
Metacritic,Warhammer 40k: Darktide,"Warhammer 40,000: Darktide delivers an action-packed cooperative multiplayer experience with deeply satisfying combat and a spellbinding depiction of the 40k universe. But the game currently feels more foundational than comprehensive, with the emphasis on repetition and lackluster progression systems undermining its grisly joys.",positive,neutral,positive,positive
Metacritic,Battlefield 2042,"An odd, but admirably experimental AAA game, which offers plenty of epic scale action at launch but whose true worth will probably only be revealed in the months to come.",positive,neutral,positive,positive
Metacritic,Battlefield 2042,"As it stands now, Battlefield 2042 is a formidable and enjoyable shooter that once again delivers on the series promise of peerless open world combat theatre in a way that no other series or franchise has managed to match. It's just a shame that while Battlefield 2042 looks to the future for its setting, so too must players for the short-term as EA and DICE scramble to fix what could potentially be the best Battlefield in years.",positive,neutral,positive,positive
Metacritic,Battlefield 2042,"Despite a traditionally rocky launch, the 
latest Battlefield proves itself one of the best
in the series. Tell Edwin Starr we found out 
what war is good for. [Issue#9, p.72]",positive,positive,positive,positive
Metacritic,Battlefield 2042,"After several updates, this game is good now. You should give it a try! Graphics are nice, new weapons and characters give more options to player. After playing mw2 for weeks and getting back to battlefield, I can say that I enjoy bf 2042 than mw2.",positive,positive,positive,positive
Metacritic,Battlefield 2042,"I don't care what people say. its one of the best battlefield ever made
portal mode is awesome. graphic is so cool. its so nostalgic to play bf 3 in portal mode. I think that's a good idea to remove classes and add specialist. one of my problem in bf4 is I cant have stinger and claymore together . but now with removing classes I can have them",positive,positive,positive,positive
Reddit,Battlefield 2042,"Holy sh**. I usually play on the Series X, but my god did they drop the ball on the console in the graphics department. This game looks so good on PC my mind is blown. ",positive,positive,positive,positive
Reddit,Battlefield 2042,"Been playing BF2042 for a couple of weeks and love it.

HOW DID YOU SWITCH SCOPES LIKE THAT?? I always wondered why there were multiple slots. This makes more sense now",positive,positive,positive,positive
Reddit,Battlefield 2042,MMW: This will go down as the most criminally underrated game in history.,positive,positive,positive,positive
Reddit,Battlefield 2042,"Let's be fair, 2042 doesn't sound bad at all, it's still a great sound design, especially with a good sound setup and surround.",positive,positive,positive,positive
Reddit,Battlefield 2042,That's exactly what you need to do. I've been complaining and voicing my opinion too. But I've still dropped 50 hours into it and keep coming back. Under all that crap there is that golden nugget that we used to call battlefield. Some redesigns of some questionable stuff. (No not specialists) and this game will be good and of course content loads and loads of content. And hopefully the new maps will have alit more destruction,positive,positive,positive,positive
Steam,Battlefield 2042,"Is Battlefield 2042 worth to play in 2024?

The rough start in 2021 almost killed the game but DICE fixed step by step the problems and now in 2024 it is definitely worth having another look at it. 

The gameplay is fun and chaotic, it runs significantly better than at launch, the gunplay is great and the in-game attachment system is also a cool addition.

I do not compare it with previous Battlefield titles therefore is the specialist or operator system after some confusing moments really great to play. Being able to be a healer who also can provide recon support is super fun.

However, it´s easy to get in and most important it´s enjoyable and fun to play.
Only get it on sale which steam has it quite often. Thanks for reading.
",positive,positive,positive,positive
Steam,Battlefield 2042,"This is my chillax game. No big punishments for dying (but revives and team play are encouraged). Guns are nice. Progression is not great, but it is there (most of good cosmetics are hidden behind MTX, which is poop). Game's performance is good.

The only big bug that I have encountered is bad UI resolution scaling (it is in 2K while my display is 4K)

Get it on sale and remember to have fun. THIS GAME HAS NO TRADITIONAL SINGLE-PLAYER, ONLY SOLO/COOP MODES!",positive,positive,positive,positive
Steam,Battlefield 2042,"It's February 1, 2023. Patch 3.2.0 came out yesterday.

The game feels good. Real good. Don't jump on the bandwagon of hating it without allowing yourself to enjoy it first. They fixed a LOT, and made a LOT of changes requested by the community.

Too little too late? Maybe, and it's unfortunate if so. Yes it would be great if this is the way it played on launch. It is what it is, though. Give it a try. Reinstall it if you have it. Grab it on sale if you want to. I've been enjoying Battlefield again, that's all I can tell you, and I hope that's enough to get you to give it a shot.",positive,positive,positive,positive
Steam,Battlefield 2042,"Game has made a good comeback from how it was when it released, it’s nowhere near the best battlefield but it’s not too shabby now. Easy to find full lobbies and fun to play, just wish more medics would do their jobs.",positive,positive,positive,positive
Steam,Battlefield 2042,"After clocking in over 400 hours in Battlefield 2042, I've witnessed firsthand the game's evolution, and it’s been quite the journey. When I first dove into the game, it was plagued with numerous bugs and several maps that felt almost unplayable. Fast forward to today, and the difference is night and day. The developers have clearly been hard at work, patching up most of the bugs and giving the maps a much-needed overhaul.

The once frustrating glitches that had me tearing my hair out are now few and far between. The maps, which initially felt like a chore to navigate, have been reworked and offer a much smoother and more enjoyable experience. The improvements in the gameplay dynamics have brought a fresh and exciting vibe to the game, making it feel almost like a new release.

For fans of shooters, Battlefield 2042 now offers a truly fun and immersive experience. The chaotic battles with up to 128 players on vast maps can be exhilarating, and the strategic depth introduced by the new Hazard Zone mode adds an extra layer of excitement. The customizable Portal tools are a fantastic addition, letting players create and share their own game modes, which brings a nostalgic touch by incorporating elements from previous Battlefield games.

In conclusion, Battlefield 2042 has come a long way since its rocky launch. The dedication of the developers to fixing issues and enhancing the game has truly paid off. If you're a fan of large-scale, high-intensity shooters, Battlefield 2042 is definitely worth your time. Here’s to many more hours of exhilarating gameplay!",positive,positive,positive,positive
Metacritic,Warhammer 40k: Darktide,"From playing this game on pc from over a year ago and now experiencing it on my series x a year later with all the patches present wow what a difference fat shark really outdone themselves as far as creating the universe for this type of game , graphics are great gameplay is great a great game to play with friends reminds of of the Xbox 360 days with left for dead",positive,positive,positive,positive
Metacritic,Warhammer 40k: Darktide,"I expected a decent Warhammer 40k shooter and got hands down the best co-op shooter I've ever played.
Some details could be improved, but the gameplay, style and music score are way up there.

A very welcome change from the usual Call of Duty crap and I hope they expand the game in the future.",positive,positive,positive,positive
Steam,Battlefield 2042,"Conformity bias is a real thing and it’s this games demise. Battlefield 2042 is fun. Like insanely fun. I can hop on this game and play for 3-4 hours every day for weeks. The balancing is done perfectly and often, there’s practically no meta. The maps are beautiful, easily navigated and play very well. The guns are fun and each one could carry a match on its shoulders. So why AFTER YEARS is Battlefield 2042 still getting hate? Yeah nobody actually knows. It plays like battlefield, it’s arguably one of the best titles, but because it had a rocky start, no one seems to want to let it live. Ignore all the articles all and the streamer hate, it’s all dumb nonsense. People are too afraid to have their own opinions. I give this game 10/10. Whether you’re an old player who left the franchise for a while or someone brand you, I guarantee you’ll have a blast.",positive,positive,positive,positive
Metacritic,Total War: Rome 2,"At the start, the quality was not very good. But, over time, we managed to make a lot of additions correcting gameplay and expanding the player's capabilities. The project is essentially an icon of its time.",positive,positive,positive,positive
Metacritic,Total War: Rome 2,"I played all Total War games and Rome II is by far my favourite. There are plenty of countries, quite a few campaigns (some in DLC), the political aspect is well developed, the buildings, units and political system are very different depending on the culture... Greta game.",positive,positive,positive,positive
Steam,Wasteland 3,"I have never played any Wasteland games, but I have played every Fallout including the older ones. As such, here is a newcomer to Wasteland's impressions rather than someone who had been anticipating the game. I didn't even realize it was coming out so soon and bought it on a whim.

This game is everything I had hoped for so far in terms of feeling like how Fallout used to feel.  I will update if it disappoints, but it's extraordinarily well written. Its writing consistently hits the mark whether the mark is sad and shocking or tongue-in-cheek and sardonic. The combat is satisfying and the skill tree is great. The world feels alive and detailed, every nook and cranny is crafted with care with great environments. Major Tom is a cute cat and I was so scared of him dying I had to drop him off in my base. My choices feel like they matter, and I'm compelled to think every dialogue option a few times over or wonder if I did the right thing. The various factions are so far well-written, morally grey, and intriguing to explore. I can't wait to see more of what it all means and how it comes together.

And yeah, I understand the Wasteland series roots and know why it ""feels"" like Fallout, as it's basically the original Fallout game, but as I said: it's just pretty much what I had hoped Fallout 4 would be and wasn't.  To me, it feels like a spiritual sequel to Fallout: New Vegas which was the last one I genuinely loved. It just drags you in immediately from the intro and so far hasn't let go.

In a word, Wasteland 3 is delightful.

UPDATE AFTER 20 HOURS: I've encountered a lot of bugs, but I still highly suggest this game. It gets better and better, it's dozens of hours of fun. I love it so much. Just turn off auto save and check your save every 30-60 minutes.",positive,positive,positive,positive
Steam,Wasteland 3,"If you are like me, middle aged dad with some down time between watching the world end and helping your kids with pandemic caused on/off home schooling, a job that is slowly sucking the life out of you, and loved playing old school RPGs like Forgotten Realms games, Fallout 2, Baldurs gate, Planscape Torment, etc. This escape into a world that feels like it could be reality any day now, gives you the fantasy that you have any chance of surviving such an end. Plus it has references and jokes about the world you grew up in before your baby boomer parents set it on a path to the hellish landscape it is today. And you get to fix toasters for cool prizes.",positive,positive,positive,positive
Steam,Wasteland 3,"I kickstarted (Well, figged? That's such an odd platform name..) Wasteland 3 back in 2016, waiting four long years only for it to be released on Games Pass at the same time. My tears were salty, but I got over it. Then I got abused by a parrot, creeped out by a clone and propositioned by a whole host of strange (and very occasionally, sexy) characters. I'm not sure how I feel about that... let's not even talk about the goat.

[h1]The Gameplay[/h1]

Wasteland 3 is an RPG party management game which has been much streamlined from it's predecessors. Everything is fairly intuitive and easy to use. Wasteland 1 and 2 were clunky; but 3 is a more modern iteration for the gamer who wants deep skill choices and heavy party balance but without too much faff. One of my favourite upgrades from the previous is if you have your party selected and your selected main character doesn't have the skill you're looking for, whether that's diffusing a bomb, opening a safe, or repairing a toaster, the game will automatically switch to the character needed and complete that action. Hallelujah! No more endlessly switching trying to figure out which character I need for which action. Smooth and easy. Maybe I'm easily pleased.

Talking of smooth, inventory and combat are also simplified, without taking away any of the thought involved. A shared inventory between the party makes equipment a breeze, but there are a few niggles for me in weapon choices, a few things that seem underpowered and some that seem OP. It's okay though, it's easy enough to switch things around, and if you decide you don't like a party member full stop, you can easily switch them out either for a pre-made creation, a completely custom character, or a flavour-personality. 

Combat is solid and familiar. There's a respectable array of weapons, some quite unique. There are pets and assistants, some with a whole host of flavour and lore to them. The environment is great; full of detail and things to pay attention to, like cryo barrels to freeze your opponents, or fire to warm up your team. Wait, maybe I did the fire bit wrong... according to achievements at the time, 4% of other people have killed their own party with fire so at least it's not just me.

In short, the gameplay is great. A solid improvement without taking anything away. Not innovative, but an example of the genre done well. Accessible enough for someone who's never played a party RPG before, but with plenty of depth (and difficulty options) for hardened or sadistic souls.

There's also an online co-op mode. I don't have friends willing to play games like this with me, so I can't comment on that, but I love that it's an option.

[h1]The Story[/h1]

The Wasteland series has always had a great mix of gritty realism and slapstick sillyness, with witty on point writing, grizzly scenarios and random oddities. Wasteland 3 is no exception and really captures the surreal apocalypse vibe. In fact, I'd say the writing is the best of the series. The characters have personality, the quests have depth and intrigue and everything was interesting to me. I love it when I want to do every quest in the game, not for loot of exp, but genuinely, to find out what happened. Choices feel important in most quests, although it's hard to say how important they really are without multiple playthroughs. The choices are hard; often pulling on your morality and you never know if 40 hours later something you barely gave a thought is going to come back and bite you in the butt. Save refugees or get power armor? Enslave a girl or get secret vault codes? Ahhh, I don't want to be the bad guy. But I do like secret vault codes...

Disco Elysium still wins my ""Best written game of the decade"" award; but Wasteland 3 is definitely in my top 10. An improvement would be more unique characters that you can recruit; as your base ends up being staffed by a lot of forgettable faces and I think they missed a chance to improve base management in general. 

[h1]The Downside? Get your fly swatter out[/h1]

It's buggy, buggy, buggy. 

That's what holds Wasteland 3 back from greatness really. If you get annoyed by bugs then this game will frustrate at some point or other. I have several quests in my quest log that appear uncompleteable, have had to roll back time an hour at one point, and have experienced many bugs and glitches like shooting through walls, characters losing health instead of gaining it and at one point an invisible enemy shooting me from inside a wall, which seemed particularly unfair. There are patches going out so this might be fixed in the future, but only you can decide if this would be a dealbreaker for you right now. It's always a shame to see a game held back by bugs.

[h1]Would I recommend it?[/h1]

Yeah, absolutely. I had an [i]intimate[/i] and memorable experience from this satisfyingly solid RPG. I'd give it a solid 8/10.

[quote]💖 If you find the reviews of an old Welsh lady interesting, please follow  [url=http://store.steampowered.com/curator/28971565/]My Curator Page[/url]. 💖[/quote]",positive,positive,positive,positive
Steam,Wasteland 3,"Okay this is a great game.

Best Fallout Since New Vegas 

A solid 10/10",positive,positive,positive,positive
Metacritic,Wasteland 3,"With a focus on freedom of choice that is second-to-none,  Wasteland 3 has set the benchmark for CRPG narratives, all the while being supported by wonderfully engaging gameplay and roleplaying mechanics.",positive,positive,positive,positive
Metacritic,Wasteland 3,"Wasteland 3 attempts to make a world that the player exists in rather than just moves through, and it is a complete success.",positive,positive,positive,positive
Metacritic,Wasteland 3,"Overall I felt Wasteland 3 to be an amazing successor to a great franchise and had me addicted within the first 10 minutes of play. It offers a great and compelling story with twists and choices that matter. The characters are robust and with the gorgeous artwork that is Colorado helps to bring everything to life. The combat is great and works well and I didn’t find it tedious. The skill system offers depth of choice for making characters and brings some interesting things to the game. My only complaint really comes in the form of a few bugs, but otherwise Wasteland 3 is everything I could want in a post apoc turn based combat game with a Frozen Ferret Launcher.",positive,positive,positive,positive
Metacritic,Wasteland 3,"If you like x-com style combat combined with the crpg genre, then it fits like a fist in the eye.
One of the few games that I wanted to play again after playthrough.",positive,positive,positive,positive
Reddit,Wasteland 3,"i cant get over this game just because of the music.
it tells the story of the game perfectly lol
i still listen to it time to time",positive,positive,positive,positive
Reddit,Wasteland 3,"This is by far one of my favorite crpgs in the last 5-10 years. I'm sad that we'll probably never get a 4th, but I wish there were more like this.

Wasteland 3 and Pillars of Eternity: Deadfire... fantastic. I want more turn based like these.",positive,positive,positive,positive
Reddit,Wasteland 3,"yeah for me wasteland 3 feels like a perfect mash of xcom 2, baldur's gate (kinda),  and the humor of borderlands but better. 

What a fucking amazing game, i've been gasing it up to all my friends who like crpgs.",positive,positive,positive,positive
Reddit,Wasteland 3,I've played through twice and I just keep coming back,positive,positive,positive,positive
Steam,Wasteland 3,Great combat. Funny and engaging story. Plenty of missions to do without falling into the open-world trap of burying you in stuff. The ending was a bit of a letdown as it basically boiled down to a binary choice with all of your previous actions having basically no consequences.,positive,positive,positive,positive
Metacritic,Cyberpunk 2077,"Cyberpunk 2077 isn't perfect, but it is ambitious. It marries a gripping story with a huge open world absolutely dripping with atmosphere; one in which, after fifty hours of gameplay, I still feel like I've only scratched its surface. Even now I'm itching to jump back in and complete yet more side jobs, not only because they're enjoyable, but also just in case they offer V more options when it comes to ending their story. I'm even contemplating starting over anew to change the outcome of some events with the benefit of hindsight. If you were expecting a light-hearted affair full of futuristic hijinks then you might not find what you want here – though it does let its hair down every once in a while. Instead, what Cyberpunk 2077 delivers is a surprisingly serious story that's genuinely touching at times, with gameplay that lets you be in charge of your destiny. If you want your experience in Night City to be as polished as possible, perhaps hold back until a patch or two has landed to iron out some kinks, but you'll definitely want to visit soon. Phenomenal, that's what Cyberpunk 2077 is.",positive,positive,positive,positive
Metacritic,Cyberpunk 2077,"Cyberpunk 2077 is an engaging experience unlike anything else. The open world mechanics are top notch and there is almost always something to do on the map. Furthermore, we have a large number of different game paths to choose from, all of which give you a very own experience of the story. Combined with the hundreds of weapons, augmentations, upgrades and side missions, there is plenty of material that will last over a long period of time. Cyberpunk 2077 will definitely be remembered as one of the most significant titles in the history of gaming media.",positive,positive,positive,positive
Metacritic,Cyberpunk 2077,"I’m V and the game is Silverhand - I can’t get Cyberpunk 2077 out of my head. I’ve had it a week and played 70 hours, which is probably about as healthy as scooping out my face and replacing it with electronics, but it didn’t feel like work. Like a digital personality loaded onto a biochip, it felt like stepping into another life for a while. It’s a life I can’t wait to relive.",positive,positive,positive,positive
Metacritic,Cyberpunk 2077,"An immersive and stunningly crafted RPG, which has raised the bar for cinematic quality in open-world games. Just be aware of the bug issues at release.",positive,positive,positive,positive
Metacritic,Cyberpunk 2077,"In the midst of such intense anticipation and scrutiny, it’s easy to get carried away with what Cyberpunk 2077 could have been. The final experience might be more familiar than many predicted, with plenty of elements that aren’t perfect, but it's dripping with detail and engaging stories. With so much to see and do, Cyberpunk 2077 is the kind of RPG where you blink and hours go by, which is just what we need to finish off 2020.",positive,positive,positive,positive
Metacritic,Cyberpunk 2077,"Cyberpunk 2077 is a celebration of the entire medium, marrying cutting-edge technical innovation, unrestrained user agency in an authentic and immersive experience that transports you to another universe. No game has executed on the promise of gaming like Cyberpunk 2077. CD Projekt RED's artistic achievement cannot be overstated…Despite an impressive array of bugs and glitches, Cyberpunk 2077 remains an experience without peer. No punches pulled, no platitudes are given, and no compromises are made. Cyberpunk 2077 is an industry highpoint that, simply put, may never be bested. Right now, and without hesitation, I am overjoyed to say Cyberpunk 2077 is everything I've ever wanted from a game. It is the best game I have ever played.",positive,positive,positive,positive
Metacritic,Cyberpunk 2077,"Cyberpunk 2077 is a new masterpiece from CD Projekt RED, a huge, dense, vibrant, colorfoul and dark Sci-Fi RPG that any fan of the genre should step in. First because it will provide the sensation that the story really depends on you choices and that you have everything you need for your playstyle. Then because streets, stores, buildings, inhabitants of Night City won't get out of your head easily. You'll be happy to interact with Keanu Reeves, but the real star is this city and all it provides in terms of atmosphere, game mechanics and stories.",positive,positive,positive,positive
Metacritic,Cyberpunk 2077,CD Projekt Red has set a new standard for what can be achieved in this sandbox. Cyberpunk 2077 is taking open-world gaming to the next generation.,positive,positive,positive,positive
Metacritic,Cyberpunk 2077,"Cyberpunk 2077’s biggest achievement is Night City, the most fascinating city in videogame history so far. While the combat outside of the main story does sometimes feel a little repetitive, the way it encourages the player to interact with the everyday lives of the inhabitants of this bustling city results in a roleplaying experience in the truest sense of the word. The game towers like a skyscraper in the Western RPG genre skyline.",positive,positive,positive,positive
Metacritic,Cyberpunk 2077,"It’s not an easy task, but Cyberpunk 2077 manages to do justice to the hype level it created. Yes, we would like a more extended main campaign and, of course, we cannot ignore the large number of bugs. Nevertheless, CD Projekt RED created the most detailed urban settings we have ever seen, with a cyberpunk aesthetic that is beyond match.",positive,positive,positive,positive
Metacritic,Cyberpunk 2077,"Despite a few flaws, Cyberpunk 2077 is one of the most consistently astounding pieces of media I've ever had the pleasure of consuming.",positive,positive,positive,positive
Metacritic,Cyberpunk 2077,"It’s buggy and flawed on many technical (but very fixable) levels, but Cyberpunk 2077 is a unique and beautiful experience on almost all other levels. All in all – a masterpiece.",positive,positive,positive,positive
Metacritic,Cyberpunk 2077,"Cyberpunk 2077 gives the player the ultimate freedom to play. A video game that takes the best of modern RPG, first-person shooter, stealth and open world games and masterfully blends it into a single product. If Skyrim and GTA V represented a turning point for their genres at the beginning of the 2010s, Cyberpunk 2077 is called upon to do the same in 2020, despite its technical flaws.",positive,positive,positive,positive
Metacritic,Cyberpunk 2077,"Nice game. I really enjoy some of the characters i knew while playing, but most of the side content is kinda repetitive and lazy. I'm really hopeful for Phantom Liberty, although it would be nice if they gave this DLC for those who, like me, bought this back in the day at the full price and didn't ask for refund (I only managed to play Cyberpunk 2077 two whole years after the release. It was horrid at launch).
Anyway, I think it is worth to play nowadays, especially if you appreciate the cyberpunk genre.",positive,positive,positive,positive
Steam,Cyberpunk 2077,"Cyberpunk 2077 really hooked me with its story. I’ve never been so invested in a game’s narrative before—it made me want to take my time, reading every line of dialogue to make sure I didn’t mess up the ending. 
 

 And of course, the sarcastic conversation between V and Johnny are the best.",positive,positive,positive,positive
Steam,Cyberpunk 2077,great game,positive,positive,positive,positive
Steam,Cyberpunk 2077,"200+ hours on this game, last play through reached 60+
 Without a doubt one of the funnest games I've played, minor bugs here and there that doesn't really reflect major gameplay issues. Very interesting story, loveable characters, you name it... 
 The DLC adds a lot to the game, totally recommended if possible.",positive,positive,positive,positive
Steam,Cyberpunk 2077,fun game even years later. i love coming back and making new builds.,positive,positive,positive,positive
Steam,Cyberpunk 2077,"love this game, don't have anything negative to say, cyberpunk is just good and everyone is entitled to their own opinion",positive,positive,positive,positive
Steam,Cyberpunk 2077,"It isn't a perfect game and it certainly hasn't escaped all of the bugs that it launched with, but in terms of moment-to-moment gameplay, it's a superb experience from beginning to end... mostly. There were a couple times where I felt vindicated for quicksaving every few minutes thanks to the occasional game breaking bug, although the worst was when time froze at 7:00 PM and I hadn't noticed until a couple hours later, and the only fix was to reload a save prior to it stopping. Use protection when you go street racing, I guess.
 

 Bugs aside, it's a fantastic game with a ton of meat on it, and I'm glad it wasn't abandoned after its all but disastrous launch. Props to the modding scene too- I highly recommend the Stealthrunner mod to make- you guessed it- stealth gameplay more rewarding.",positive,positive,positive,positive
Steam,Cyberpunk 2077,Love the cyberware aspect of the game and the futuristic mega city rpg aspects of the game.,positive,positive,positive,positive
Steam,Cyberpunk 2077,"Not gonna lie, probably the best piece of digital art that I've ever played. Never thought that the game would make me so emotional, but it did. Sidequests, main storyline and everything combined makes the game amazing",positive,positive,positive,positive
Steam,Cyberpunk 2077,Cyberpunk is PEAK,positive,positive,positive,positive
Steam,Cyberpunk 2077,"graphics, story, gameplay, yes",positive,positive,positive,positive
Steam,Cyberpunk 2077,I highly recommend this game to anyone who is a fan of Cyberpunk 2077. I rate it one entire full number out of ten. I fully intend to continue playing it until my fingers hit several buttons in a variety of different patterns. Truly one of the video games of our generation!,positive,positive,positive,positive
Steam,Cyberpunk 2077,"This review is dedicated to Johnny Silverhand, the guy who saved my life.",positive,positive,positive,positive
Reddit,Cyberpunk 2077,"Yeah the people who think this story is kind of mid honestly havent dived into the TTRPG lore (Which is fine because you shouldnt really have to research the stuff outside of whats presented). As a whole the Cyberpunk story is wild and fuckin awesome. 

There is a TON of potential stuff to go into the next game. 

Also if you listen to one of the rock stations on the radio station Pondsmith himself gives little lore bits in the guise of a radio show. Its great.",positive,positive,positive,positive
Reddit,Cyberpunk 2077,"Yes. It’s great. 

Depends on what you liked about FO4. In terms of combat and RPG elements, Cyberpunk is just better. Open world exploration might be better in Fallout depending on your taste. 

Source: my friend who played both games",positive,positive,positive,positive
Reddit,Cyberpunk 2077,">!I just spent a good 74 hours playing this game and I loved it, there are a few bugs here and there but I love it, except for the endings. Why V has to die in all the endings and the only ending where he lives is also not much of a happy ending. After all V has been through he will die in 6 months no matter what I do 😭The first ending I chose was the Arasaka ending and I thought ""damn, I must have chosen the worst ending possible, maybe the other endings will be happy endings"". But no, all the other endings V still dies, whyyyy. Anyway can anyone suggest me a game, preferably open world aaa game with good endings, a game that won't give me depression like Cyberpunk just did.!<",positive,positive,positive,positive
Reddit,Cyberpunk 2077,"Some random early impressions/questions (PS5) 

When opening a door or stash it feels like the game was designed for pc ie - it's a point and click. Really clunky trying to get a finger/mouse icon to appear. Am I doing something wrong?

Is there a way to change the camera height in first person? Can only see a setting for vehicles and it's quite low walking around. Like V is 4ft tall

Could I finish this game without getting too much into hacks? The shooting is OK and melee is fun but the hacking stuff so far isn't something I've enjoyed. Get the feeling it's a big part of the game and the main playstyle



I'm at the point where I'm about to start a heist. I've read very little about the game but did pick up its important to stop the main story quickly and concentrate on all the side stuff. Is now a good time to untrack the main mission and do anything and everything else on the map?


I've come into CP from 200+ hours of Elden Ring so it's quite the change of pace. Trying to stick with it as seems good but the questions are partly quality of life to see if I can have a bit more fun. Graphics are fantastic and story seems interesting so far.


Thanks for any pointers",positive,positive,positive,positive
Reddit,Cyberpunk 2077,"Thanks! 
The game is on sale at my local game store for around 10 USD. Definitely purchasing!",positive,positive,positive,positive
Reddit,Cyberpunk 2077,Wow this is unbelievably high quality,positive,positive,positive,positive
Reddit,Cyberpunk 2077,LOL same my normal bedtime is anywhere between 8 to 10. I’ve been going to bed at midnight and it’s screwing me up so bad but I can’t stop playing!,positive,positive,positive,positive
Metacritic,Days Gone,Superb zombie-slaying combat and enjoyable motorcycle gameplay are integrated perfectly with a well-paced story. But the game’s major highlights are the terrifying zombie hordes which are unlike anything seen in a videogame so far.,positive,positive,positive,positive
Metacritic,Days Gone,"There is a lot to Days Gone, and it is a larger game than people might expect.",positive,positive,positive,positive
Metacritic,Days Gone,"Bend Studio delivered a great narrative game, innovative mechanics, addictive gameplay, a very well-considered progression curve, great audio design, stunning graphics, and it's very fun to play. The hordes of the game are something that we've never seen and are simply amazing, an impressive technological display that's not just surprising but a lot of fun. Days Gone is a very welcome addition to the PlayStation classics library.",positive,positive,positive,positive
Metacritic,Days Gone,"I can’t think of many other open world games that pack in as much character, as much wonderfully crafted narrative that Days Gone does. Sure, it’s a story about a world overrun with a deadly virus. But it’s also a story about people, about hope, about survival. It's at times uplifting, others heartbreaking. Couple that with Days Gone's beautiful setting and a varied array of well-designed story missions, and you're left with something pretty special.",positive,positive,positive,positive
Metacritic,Days Gone,"Days Gone checks all the boxes of a proverbial PlayStation exclusive, but never feels like it’s stepping on anyone else’s toes. Despite the games, film, and TV that you can easily draw comparisons too, Days Gone handles it all in such a way that it has its own unique identity. The more I played it, the more I loved it, until finally finishing the long journey and not wanting the adventure to end. Sam Witwer is brilliant as Deacon St. John, and his journey of survival, humanity, and self-discovery through a deadly world via motorcycle is a memorable one that shouldn’t be missed.",positive,positive,positive,positive
Metacritic,Days Gone,"A huge open-world horror,
stealth-action, adventure
melting pot that manages to tap
into everything we love about
Sony’s games while finding its
own voice buried beneath the
horde of ideas. Days Gone has
been worth the wait. [Issue#162, p.74]",positive,positive,positive,positive
Metacritic,Days Gone,"If you're still without a PS5 and never got around to Days Gone before, understand that it's not a game that breaks the mold of the massive sandboxes we've seen so many times before. But what Days Gone does right is that it gives players a world where nothing comes easily. Dozens of hours into my multiple playthroughs, I still evade even just a small group of Freakers if I can. But overcoming those struggles and making something out of the new world is always the lifeblood of great zombie fiction, and though Sony Bend gives its monsters a different name, Days Gone is one of the best genre video games ever produced.",positive,positive,positive,positive
Metacritic,Days Gone,"Days Gone is the perfect PlayStation game to make its way to PC. It was already a beautiful game, but held back by the PS4 and PS4 Pro. On PC, Days Gone gets it’s chance to flourish, running at uncapped frame rates, high resolutions, and touting an FOV slider. While it is missing some cool next-gen upgrades like ray tracing and DLSS, Days Gone runs nearly flawlessly on PC, and serves as a testament to Bend’s tradecraft. Even if you’ve already played the game on PS4 or PS4 Pro, it’s worth jumping back into the shoes of Deacon St John on PC to massacre a freaker horde at the highest level of performance possible.",positive,positive,positive,positive
Metacritic,Days Gone,"For my money, Days Gone remains one of the absolute best open-world games on the market, and now more people will have the opportunity to try it out for themselves as it puts its best foot forward. That’s something worth celebrating, I think.",positive,positive,positive,positive
Metacritic,Days Gone,"Great port of a great title. Zombie games are all around us, but Bend Studio managed to squeeze every last drop out of this worn out setting. Everything is well-designed and polished in Days Gone – the believable world and characters in it, the distinct post-apocalyptic aura, the crafting, the thrilling combat and spectacular encounters with bloodthirsty hordes. In addition, this version is well-optimized and runs smoothly on a mid-range PC. [08/2021, p.48]",positive,positive,positive,positive
Metacritic,Days Gone,"We want a sequel, Days gone deserves it. This is just a confirmation that game critics cant be trusted. Days gone's reputation is still great in the eyes of the players",positive,positive,positive,positive
Metacritic,Days Gone,MASTERPIECE... Just recently finished this game on the PS5. Flawless game from start to finish. Im already REPLAYING the game. Only a few game left me with this feeling of wanting more this much. Cant believe I didnt play this earlier.  MUST PLAY,positive,positive,positive,positive
Reddit,Days Gone,"This is AMAZING, not sure if everyone is thinking the same as me but if they are remastering it, it means we have a potential for days gone 2, they will see how well days gone remastered sells, if it sells well, they will 100% do the sequel.

I'm definitely buying, but hoping it comes to PC",positive,positive,positive,positive
Reddit,Days Gone,"Wow, the amount of attention to minor details and everything is mind blowing.",positive,positive,positive,positive
Reddit,Days Gone,"Thank you for the incredible game! Took a break a few weeks ago, tried getting into other titles, but ended up starting my 5th Days Gone playthrough last night.  What are you gonna do??",positive,positive,positive,positive
Reddit,Days Gone,If this sells well I have no doubt a Days Gone 2 is coming!!! Sony already realized live service games don’t sell!,positive,positive,positive,positive
Reddit,Days Gone,"The game that taught me critics reviews mean Jack shit. 

Underated gem


Thank you for making such a brilliant game, I still hold out hope for a sequel",positive,positive,positive,positive
Reddit,Days Gone,What a surprise this game was. The review scores don’t do it justice,positive,positive,positive,positive
Reddit,Days Gone,"from someone how has just started playing this game, I gotta say this was insane lol",positive,positive,positive,positive
Reddit,Days Gone,I’m hoping the remaster sells so well that a 2nd installment comes in the future,positive,positive,positive,positive
Reddit,Days Gone,"I know personally that I missed out on Days Gone for a long time before I sat down and fell in love with it. Due in no small way to initial reviews. How do you feel about the state of the gaming review world? It obviously impacted the games reception, and I'm personally scandalized that the game hasn't recieved  the attention and praise I think it should.",positive,positive,positive,positive
Reddit,Days Gone," 

Right ? I especially love the Sparks and Smoke that come up from the Body once it is hit. Very detailed !",positive,positive,positive,positive
Reddit,Days Gone,"Speedrun mode - Practice Made Pervert's time to shine!

Permadeath - I can sense this is going to turn Days Gone into even more of a cult classic than it already is

Photo mode enhancements - I'm salivating over this as a hobbyist photographer and Photo Mode junkie

Romantic walks with Sarah - The bane of speedrunners everywhere",positive,positive,positive,positive
Reddit,Days Gone,"All jokes aside, I didn't pay too much attention to the NPC's. I still managed to enjoy the game regardless.",positive,positive,positive,positive
Reddit,Days Gone,Omg lol.  This game is so underrated.  He left you the ear at least.,positive,positive,positive,positive
Reddit,Days Gone,That was really impressive,positive,positive,positive,positive
Reddit,Days Gone,"Thank you for creating this underrated masterpiece, how could we help you so you can make a sequel? 

There are amazing storylines you can develope from O’brian, captain Kouri heading east and the presumably nuked city.",positive,positive,positive,positive
Reddit,Days Gone,"I finished Days Gone last month.

Amazing game, and awesome video to see!
The attention to detail is above and beyond. Wonder where it showed it.",positive,positive,positive,positive
Reddit,Days Gone,Fought my first two hoards. The first mission hoard was absolutely freaking intense … I’ve played games for a long time and I don’t think I’ve ever experienced something like the adrenaline I had with this experience. I needed a breather so I went looking for what his faces mp3 player at the community college and … no … freaking … way … another horse comes at me … I used … all the bullets …. What game is this!? So fun. And terrifying,positive,positive,positive,positive
Reddit,Days Gone,did it get bad ratings? I don’t follow critics at all mainly cause I think their idiots & I absolutely love this game,positive,positive,positive,positive
Reddit,Days Gone,"oh my god???

-unique injectors 

-haptics 

-bigger hordes

-permadeath mode??



- new trophy pack??

- new chatacters??

- 8 PSN avatars??

- FOV slider !!!


!!!!!

just take my money??",positive,positive,positive,positive
Reddit,Days Gone,One of the games in recent memory that actually keep me coming back and stands out from the rest. Thank you for creating a great game Bend!,positive,positive,positive,positive
Reddit,Days Gone,More people will discover this game on PS5 and PC and the demand for a sequel will only grow.,positive,positive,positive,positive
Reddit,Days Gone,This Game is a masterpiece,positive,positive,positive,positive
Reddit,Days Gone,"It is one of my Top 3 for the platform.

I loved every aspect of it.

I as actually driving through Northern Oregon yesterday, and kept seeing towns and construction that looked just like the game.  I had to really stop myself from pulling over and shooting a white propane tank.  I kept stopping to buy growlers, gas and styrofoam.  Chemult horde flashbacks.",positive,positive,positive,positive
Reddit,Days Gone,I’m definitely gonna buy it,positive,positive,positive,positive
Reddit,Days Gone,Hell yeah I'm getting it,positive,positive,positive,positive
Reddit,Days Gone,Please make a second one!,positive,positive,positive,positive
Reddit,Days Gone,"I finished my third playthrough in a row today haha. Happy birthday Days Gone.    
Swear this game spoke to my soul, it's like you guys read my brain.",positive,positive,positive,positive
Steam,Days Gone,"Runs like butter. Looks amazing. Very fun gameplay. No regrets. 

Sony please release Ghost of Tsushima... 10/10 would buy.",positive,positive,positive,positive
Steam,Days Gone,Keep porting these games over to PC and you'll keep getting my money.,positive,positive,positive,positive
Steam,Days Gone,"Thank you Sony but we want more of your games on Steam! (Ghost of Tsushima, The last of Us, God of War) - UPDATE: We got most all of them!! Thank you, Keep them coming SONY! , Bloodborne and Gran Turismo next?)

The WORLD is breathtaking and very ambient. The world its self will suck you in with how lonely the open road is. You get that feeling of loneliness and desperation when out there. The lighting is dynamic, the soundtrack definitely give you a chilling isolated vibe when on your bike, being on foot will give you absolute silence at times which makes you want to be cautious when out there. Also the sound of folly sound great to the amount sound effects to make the game a bit more real.

EXCELLENT game with engaging story that inspires taking on more missions to unfold the narrative DRAMA, especially the tragic romance.

For those who need comparison, Days Gone does offer open world ACTION and challenges that allow the main character to grow and learn through skills and item acquisitions much like your Far Cry`s and the like. These tools are essential to pace a story and impart a level design that fosters a world of discovery and adventure. But, this is a dynamic world that changes by night, by approach, and by the world’s inhabitants. There is so much going on inside this world, just as a constant caution when exploring or carrying out formal missions. For example, in experiencing a common encampment takedown, I started off stealthy, but part way through got the attention of a horde of freakers and my hasty and finesse free escape straight through the encampment resulted in the horde clearing out the enemy. Your plan and approach can change by the second and the ongoing need to refuel your bike or gather crafting resources makes you feel vulnerable in the dangerous world.

However, it’s the STORY and the complex relationships that make this dangerous world worth the risk for Deacon to brave. The tragic LOVE story that see his purpose shift from hope to despair connects with a player who understands the meaning of what it is to have found that special person in your life...the one you will never let go of, either in life or memory. These characters are likely not the kind you identify with generally. Bend Studio didn’t make a hero that the player wants to be or makes the kind of decisions we might make. Deacon is true to his character and frustrations about wanting him to open up to his friends or react differently in a way that we might react, is a refreshing change. It supports the main idea that trust is a valuable commodity in this world and isn’t given easily. Trust is currency in Days Gone and Deacon’s wary attitude and resistance to get close to other characters is more than believable, it is appropriate. This makes each softening of Deacon’s guard with some characters so much more meaningful when those moments occur. These are the moments a player will root for and incentify the story that may evolve from those relationships. And yet, this applies to the stories of the main NPC characters as well. The high quality dialogue, music, and atmosphere continually set a mood that perfectly matches the moment to moment experience with convincing influence.

I played this on PS4 so I am glad and proud to finally play it on PC! (4K, HDR, High refresh rate)


P.S. SONY I want Gran Turismo on PC!",positive,positive,positive,positive
Steam,Days Gone,"Great game, great PC Port, now give me Bloodborne please ._.",positive,positive,positive,positive
Steam,Days Gone,"Use me as a ""We need a Days Gone 2"" button.",positive,positive,positive,positive
Steam,Days Gone,WE WANT DAYS GONE 2,positive,positive,positive,positive
Steam,Days Gone,"Excellent game and excellent port.

Sony.. 
God of War?
Ghost of Tsushima?
Please..",positive,positive,positive,positive
Steam,Days Gone,"Dear Sony, 

Hey its me, one of the many people who left consoles for PC Gaming. We still exist, and still very much like your exclusives. Please port more games to PC. 

Sincerely, 
A Guy With a Dusty PS4",positive,neutral,positive,positive
Steam,Days Gone,"Immersive story, lovely characters and voice acting, and the optimizations is there running smooth on ultra wide resolution (3440x1440 in my case) @ constant 85 capped frames. thank you SIE for bringing this masterpiece to the PC world.

---{ Graphics }---
☐ You forget what reality is
☑ Beautiful (+)
☐ Good
☐ Decent
☐ Bad
☐ Don‘t look too long at it
☐ MS-DOS

---{ Gameplay }---
☑ Very good (+)
☐ Good
☐ It's just gameplay
☐ Mehh
☐ Watch paint dry instead
☐ Just don't

---{ Audio }---
☐ Eargasm
☑ Very good (+)
☐ Good
☐ Not too bad
☐ Bad
☐ I'm now deaf

---{ Audience }---
☐ Kids
☐ Teens
☑ Adults (+)
☐ Grandma

---{ PC Requirements }---
☐ Check if you can run paint
☐ Potato
☑ Decent (+)
☐ Fast
☐ Rich boi
☐ Ask NASA if they have a spare computer

---{ Difficulty }---
☐ Just press 'W'
☐ Easy
☐ Easy to learn / Hard to master
☑ Significant brain usage (+)
☐ Difficult
☐ Dark Souls

---{ Grind }---
☐ Nothing to grind
☐ Only if u care about leaderboards/ranks
☑ Isn't necessary to progress (+)
☐ Average grind level
☐ Too much grind
☐ You'll need a second life for grinding

---{ Story }---
☐ No Story
☐ Some lore
☐ Average
☐ Good
☑ Lovely (+)
☐ It'll replace your life

---{ Game Time }---
☐ Long enough for a cup of coffee
☐ Short
☐ Average
☑ Long (+)
☐ To infinity and beyond

---{ Price }---
☐ It's free!
☑ Worth the price (+)
☐ If it's on sale
☐ If u have some spare money left
☐ Not recommended
☐ You could also just burn your money

---{ Bugs }---
☐ Never heard of
☑ Minor bugs (+)
☐ Can get annoying
☐ ARK: Survival Evolved
☐ The game itself is a big terrarium for bugs

---{ ? / 10 }---
☐ 1
☐ 2
☐ 3
☐ 4
☐ 5
☐ 6
☐ 7
☐ 8
☑ 9 (+)
☐ 10",positive,positive,positive,positive
Steam,Days Gone,"Buy this game and help bring more PS exclusives onto Steam!!!
==========================
-I beat this game way back on PS4. 
-What a treat it is to play it with more than 25 FPS!!!
-The experience is totally different and I don't have to deal with the controller or aim assist anymore.
-The game starts off slow but 5 hours in you'll be hooked.
-You  can't really beat the Pacific Northwest setting.
-The story is replete with emotional tugs and pulls and you'll always get an adrenaline rush when taking down yet another horde.
-I am getting 77 FPS with the GTX 1080 Ti. I honestly expected worse so this looks like a good PC port with a plethora of settings.

Strongly recommended!!!!",positive,positive,positive,positive
Steam,Days Gone,This game is proof Sony studios doesn't play their own games. How do you not green light a sequel. honestly i'm not even done the game and i already want to play a sequel. Sign the petition,positive,positive,positive,positive
Steam,Days Gone,"Awesome i will let you have my money we have Days Gone and Horizon Zero Dawn , Listen SONY Now Bring Ghost of Tsushima , God of War , The Last of Us and Spiderman to Steam and my life is 100% complete !! 

Dont you dare make it an Epic Games Exclusive.....!! Your a sucker if your bought Days gone on EPS ....",positive,positive,positive,positive
Steam,Days Gone,"---{Graphics}---
☐ You forget what reality is
☑ Beautiful
☐ Good
☐ Decent
☐ Bad
☐ Don‘t look too long at it
☐ Free Fire

---{Gameplay}---
☐ Very good
☑ Good
☐ It‘s just gameplay
☐ Mehh
☐ Watch paint dry instead
☐ Just don't

---{Audio}---
☐ Eargasm
☑ Very good
☐ Good
☐ Not too bad
☐ Bad
☐ I'm now deaf

---{Audience}---
☐ Kids
☑ Teens
☑ Adults
☐ All

---{PC Requirements}---
☐ Check if you can run paint
☐ Potato
☑ Decent
☐ Fast
☐ Rich boi
☐ Ask NASA if they have a spare computer

---{Difficulty}---
☐ Just press 'W'
☐ Easy
☑ Significant brain usage
☐ Easy to learn / Hard to master
☐ Difficult
☐ Dark Souls

---{Grind}---
☐ Nothing to grind
☐ Only if u care about leaderboards/ranks
☑ Isn't necessary to progress
☐ Average grind level
☐ Too much grind
☐ You‘ll need a second live for grinding

---{Story}---
☐ No Story
☐ Some lore
☐ Average
☑ Good
☐ Lovely
☐ It‘ll replace your life

---{Game Time}---
☐ Really short ( 0 - 2 hours)
☐ Short ( 2 - 8 hours)
☐ Few hours ( 8 - 12 hours)
☑ Long ( 12+ hours)
☐ Endless

---{Price}---
☐ It’s free!
☐ Worth the price
☑ If it's on sale
☐ If u have some spare money left
☐ Not recommended
☐ You could also just burn your money

---{Bugs}---
☐ Never heard of
☑ Minor bugs
☐ Can get annoying
☐ Cyberpunk 2077
☐ The game itself is a big terrarium for bugs

---{82/100}---",positive,positive,positive,positive
Steam,Days Gone,There's got to be a special place in hell for the morons at playstation who approved Concord but didn't want to move forward with Days Gone 2.,positive,positive,positive,positive
Steam,Days Gone,"This is Mark Copeland from Radio Free Oregon! Don't believe the negative reviews. Just Buy It!!!!!"".",positive,positive,positive,positive
Steam,Days Gone,"Days Gone is a lesson why you should NEVER EVER listen to, in essence, random nobody frauds calling themselves ""critics"".

The fact that this game is so underrated is a crime so sinister that the humanity have not invented a proper law for it yet.

This piece of art is pure brilliance. 

Where other open world garbage producing studios like Ubisoft and the like shovel dirt down your throat with another save the world bull**** covered in collect-them-all stale gameplay this game tells a compelling story about undying loyalty, friendship and love wrapped in near perfect game mechanics.

Incredible journey, just incredible.",positive,positive,positive,positive
Steam,Days Gone,Please buy this game so we have chance at getting Days Gone 2.,positive,positive,positive,positive
Steam,Days Gone,Honestly in 10 years i think this is the first game that i actually wish had no end. Made me feel something i thought i would never feel again about a video game. 10/10.,positive,positive,positive,positive
Steam,Days Gone,Great PC port with flawless ultrawide support and runs really well. Ghost of Tsushima next please!,positive,positive,positive,positive
Steam,Days Gone,"Felt like a post-apocalyptic red dead redemption.
Criminally underrated.
In dire need of a sequel.",positive,positive,positive,positive
Steam,Days Gone,"You can tab out this game, visit the ol PH for a couple hours and pick up right where you left off. 10/10 stable.",positive,positive,positive,positive
Steam,Wildfrost,"EDIT: For those that are seriously conflicted on the question of is this game too hard, does it have enough depth, what is it really like, please check out the official discord. Players jump in to stream their games throughout the week. They're very good, and they provide better content than YouTube or Twitch. I love reading these reviews on the game being too hard and then watching a player just smash run after run on Discord. Or read reviews that this game doesn't have enough depth, and then just sit in discord to listen to an interesting discussion on factions and cards that could go on for hours if players had the time.

I don' typically write reviews for games, which is on me. I should write more. However, when I heard on NL's Twitch that this game had a near 50% review, I was baffled. The negative reviews I've read about this game so far are ridiculous. I don't mean that as a stab against those who wrote the reviews nor do I mean to say that I'm better at the game than them. I'm probably not. What I mean to say is that those reviews are very divorced from my experience with the game, so much so that I felt compelled to speak up.

I've played a lot of roguelite/like deckbuilders. It's my favorite genre. I used to play digital card games competitively. I have and currently do play TCGs competitively. My home collection of board games largely consists of deckbuilders and LCGs. If it's a card game, I want to play it. This is the best deckbuilder I've played since Slay the Spire and Roguebook. It's freakin' phenomenal. Now, I'm not going to talk about the art, theme, ambiance, soundtrack, etc. Those things speak for themselves and they're great. The negative reviews seem aimed at the difficulty, so I'm going to address the elephant in the room.

Yes, this game is tough. Yes, you will die. Yes, you will lose runs. If I wanted a guaranteed win, I have enough games in my library that offer a ""story"" mode. I choose to play roguelite deckbuilders because they're challenging and feel rewarding to beat. I think that's a big draw for most of us that follow this genre. I realize that I may take that to more of an extreme than most players. My next favorite genre are souls-like games, and I always play games on their hardest difficulty. I don't think you need to be like that to enjoy this game. However, if you are like me, then I think you'll really appreciate the challenge this game has to offer.

Is this game ""too"" tough? No, absolutely not. First off, I've aggressively played the first run a dozen times by deleting my save file and restarting. I do that with nearly every game that I play. I died many times. Every single time I died, I could articulate the exact reason why. It always felt like the loss was a direct consequence of my choice. I never once felt oppressed. Did I get frustrated? Sure. Learning can be frustrating sometimes. That's okay. But I did learn, and I did figure it out. Those mistakes taught me how to be better at the game. But did I eventually win? Yes, several times. Since winning that first run, I've only lost one run. The first run has several scripted elements that you can take advantage of to improve your win chances dramatically. I found them, and I feel VERY good about my win chances now. For those writing reviews about the difficulty of the game, if you cannot articulate the scripted elements of the first run, then I encourage to start over. I think you'll really appreciate them when you find them.

What about after the first run? I've won those too. I have consecutive wins on the same playthrough, and I still feel very good about my changes moving forward. Those consecutive runs have only gotten more fun and more interesting. There's lot of content to unlock, and I can't wait to enjoy it all. I think you'll find that there are worthwhile elements to unlock between runs.

What are some things I learned:
- Wildfrost rewards methodical play with versatile deckbuilding rather than decks that abuse a particular interaction.
- This is not a deckbuilder where you can start completing runs in 15 minutes. Your first win will probably take you over an hour. Some encounters will last a minutes or two. Some will last 15 to 20. You may need to take your time and that's okay.
- Wildfrost is not like many other deckbuilders. The cooldown counters will play with your brain for awhile until you acclimate to them. Slay the Spire trains you to thing in terms of ""them then me"". In Wildfrost, every character has a different rate at which they attack. You may have to track the separate cooldowns of up to 12 characters simultaneously in the harder encounters. I think that's been the hardest part of the game.
- You need to make use of all of the mechanics the game has to offer, not just the few that come easy.
- Wildfrost really rewards you for leaning into your deck. Don't think in terms of ""how do I win?"". You need to think in terms of ""how does my deck win?""
- In most cases, there are several threats on board. You need to figure out which threats you can mitigate and which you can't. The ones you can't need to be prioritized. In most cases, that's not the boss.
- Cooldown reduction is often a trap.
- Poison is extremely powerful.
- Crowns and charms are busted, and I love them.
- Lastly and most importantly, many of the things I started choosing to improve my chances were not and would not have been my first choice. They are also not the things that I've seen many streamers fall into yet. I learned from playing the game what works better, and it's made me better.

What about some of the things that other reviewers are saying:
- Will I die in my first encounter? Maybe. But that's a ridiculous notion to me.
- What if my leader has a 7 turn cooldown with no ability? Pick a different one. You get three to choose from.
- Are the encounters (like the fire one) oppressive? No. In my runs, my deck has been the oppressive one.
- Does the game punish you for dragging out encounters? No. I consistently win by dragging out the encounter. More of my encounters wins (especially those against bosses) have been about outlasting the enemies.
- Aren't you just setting yourself for a harder next run? Sure. But I've beaten those too.
- Is the charms mod for enemies ridiculous? I found it to be a fun take on the threat imposed by enemies, and I enjoy it. I always play with it on.
- Is there a ton of balancing that needs to be down before this game is playable? I don't think so.
- Is this game worth it's price tag? Absolutely.

Is there room for improvement? Absolutely.
- In game glossaries of keywords and interactions
- Better visual queues to highlight attack patterns
- Balancing bells to leave room for growth in daily runs
- Making summoned allies/enemies less abusive (players summon these btw)
- Rebalancing support characters like Pyra to make them more playable

I'm sure there are others I'm not thinking of, but I can play around all of them. They do not detract from my opportunity to have a great time playing this game. And the devs are already posted that they're going through a balancing and polishing phase first before moving to new content.

There's a great experience to be had here if you like the genre, so my recommendation is give it a try! If you don't now, you probably will later, but you may not like that you missed out on the journey in between.",positive,positive,positive,positive
Steam,Wildfrost,"I'm writing this review because I just can't bear to see the most innovative and well presented game of this genre since StS sitting around 60% positive reviews. 

First off, the visuals and the music are absolutely top notch. To the point of sometimes distracting you form the actual gameplay to just appreciate them. The tactical nature of the combat with the positioning of your units feels very rewarding when you begin to understand it. Also, the way you constantly keep unlocking new stuff via small achievements is great.

Now is the game hard? Yes, a lot, but It's certainly not unbeatable. I don't know why people are so focused on winning the video game that they can't appreciate the process of loosing, figuring out why, learning from it, and trying new strategies. I can say for sure that I had a lot more fun getting absolutely wrecked in this game than ""winning"" so many others like it.

It's not perfect and I get that It might not be for everyone, but if you like other games of the genre and like a good challenge, don't be intimidated by the negative reviews and give it a try.",positive,positive,positive,positive
Steam,Wildfrost,"To thou who writeth a disparaging review of this game...


skill issue",positive,positive,positive,positive
Steam,Wildfrost,"I remain conflicted about the reviews on Wildfrost. While I can see both sides of the argument, for me, where I see the problem is everyone calling it a deckbuilder first. I am not a veteran deckbuilder, I actually suck at them. What I am decent at is tactics games and that's what I would call this game first. 

Seeing people say A20 StS players are having issues and stuff means nothing to me because I feel like deckbuilding takes a backseat in this game and the tactics come first. You can pick any card you want that you feel should be right but if you aren't taking advantage of healing companions, working around the counter system, moving units around to avoid debuffs/damage, you aren't gonna get far at all. 

I thought this game was really tough at first but in reality, it's just so different from what's out there and you do get used to it the more you play. I secured a win on my first couple of attempts and it felt real good to do so. I'm actually really glad this doesn't have an Ascension system like the more traditional deckbuilders out and it's more of a ""what you see is what you get"" kind of game and I can respect that. It's not gonna be for everyone but I certainly enjoy it. The gameplay is so tight and fluid, the art is just incredible and there's little details that really give the game character (like Yuki's snowball growing) and the soundtrack is for sure one of my favorites this year so far. There are some things that can be improved upon but going over the dev's first update post, sounds like it's in good hands.",positive,positive,positive,positive
Steam,Wildfrost,"I really don't understand the hate -- do folks not remember how hard StS and Monster Train were when you first started playing them? You'd inevitably hit a boss that was optimized for a stat that you didn't have and you would die miserably, then you would start again knowing that boss is a potential option. I'm having the same experience here and it's an absolute blast! The game is great.",positive,positive,positive,positive
Steam,Wildfrost,"Does this game punish mistakes? Yes.

Is it unfair? No.

Read the card text, think, and take a deep breath. I believe in you. Yes, you.",positive,positive,positive,positive
Steam,Wildfrost,"TL;DR people are mad cuz they're bad

This game is great. I love the art style, the different builds, and the enemy variety. I really don't think it's as difficult as the steam reviews would leave you to believe. Once you know how to position your team turn to turn and what to prioritize (buy crowns) it's really not all that difficult. 

But, even if it were THAT difficult, why is this a bad mark against the game? Just get better. It's 100% possible and not in anyway unfair",positive,positive,positive,positive
Steam,Wildfrost,"If you like roguelike deckbuilders and want a challenge you don't want to miss this!

The game is tough and your deck needs to have solutions for every situation, deckbuilding is much more complicated than just filling your deck up with matching keywords/synergies and winning the run on sheer power. It's worth noting that all of the battles in each run are interesting rather than the ""filler"" battles which many similar games feature.

Finally the theme/artwork are top notch and there is plenty of content to unlock to give the game some longevity!
10/10, A+
",positive,positive,positive,positive
Steam,Wildfrost,"Saw Northernlion play it and couldn't contain my backseating.
The game is beautiful and feels so nice to play.
My only gripes are that the back button often feels like it's in the wrong spot. I couldn't find a detailed run history and some subtle interactions aren't documented anywhere (expanded in a comment).

The game is hard but it seemed fair. I won my third run using a poison deck that felt amazingly overpowered (like a good roguelite should).",positive,positive,positive,positive
Steam,Wildfrost,"A lot of people are not recommending this game because they think its to hard. And to be honest, it is really hard. But thats the point. Roguelikes/Roguelites are meant to be hard. And while a good chunk of the game is determined on luck, there is a level of skill and understanding of the game mechanics that allow you to succeed. Dont just listen to the people who are mad that its hard. The game is a lot of fun, and should be experienced by players that love a good fun challenge.",positive,positive,positive,positive
Steam,Wildfrost,"First off: ignore the negative reviews. It is almost comical how wrong they are in almost every aspect. Skill issue to say the least.

This game is beautiful, challenging and addictive. The soundtrack and the art alone are worth every penny, but combine it with fantastic gameplay and you'll have an amazing game.

The meta-progression is very well implemented and allows you to push further and further every single run, You will get crushed by new foes over and over again until you adapt. But not at any point frustration will kick in. Every run allows you to play a completely different style and with the different tribes you'll have even more variety.

Every single encounter could end your run, leaving you on the edge, while your cute creatures fight other more angry cute creatures. 

If you like Monster Train or Banners of Ruin, this game will totally be up your alley. If you like cute things and banger soundtracks, you should also give it a go. 
",positive,positive,positive,positive
Steam,Wildfrost,"Doubted the negative reviews and decided to pick this up on launch.
After 2.6 hours, fully completed a run, got some unlocks, and generally got a feel for the game.
It's great. 
Art style is subjective but objectively, a lot of care has gone into their aesthetic.

So far, all the negative reviews I've read are just being salty about struggling at a new game.

That said, it is punishingly difficult, take my reccomendation with that in consideration.
If you don't want to lose 9/10 runs, you probably won't have much fun with this.
If you love a challenge, there's a lot here to enjoy.

[h1]Edit: 10 hours later [/h1]
[b]TL;DR:
I was right, get good or wait for a [i]journalist mode[/i].[/b]

I've ""won"" two more runs, at this game's new game+ and new game++ ""difficulty"", respectively.
Most importantly, I've learned to respect the combat design in its entirety, every mechanic matters. As an example, the combo kill bonus bling (gold) mechanic which I initially though of as just a bonus. But now I know that focusing on it early can massively offset a normally unlucky run.
Comparing how I felt early on when was struggling, to now, feeling far more comfortable and confident in the game's mechanics, with basically zero ""meta power-progression"", I'm genuinely impressed with the mechanical design of Wildfrost.
You can easily lose strong, lucky, runs due to carelessness, and weaker runs can go the distance with enough diligence.

[h1] So, as an edit to my initial review [/h1]
Both art style and game-design are subjective but objectively, a lot of care and effort have gone into their aesthetic, combat design, non-combat encounters and progression.",positive,positive,positive,positive
Steam,Wildfrost,"Based NorthernLion Recommendation

LionChamp",positive,positive,positive,positive
Steam,Wildfrost,Thank you NL,positive,positive,positive,positive
Steam,Wildfrost,"This game didn't receive the greatest reviews when it first released. The main reason for this was because the cute art-style attracted a casual audience who didn't have as much experience with roguelike deckbuilders and wrote the game off as too unbalanced and punishing. Don't get me wrong, this game is hard and one small mistake can ruin a run. But it rarely feels plain unfair; you've just got to take your time and plan ahead. The game is really fun and rewarding once you get the hang of the mechanics and get a good run going. The devs has also been releasing regular updates over time to make the game a little easier for those who are concerned about difficulty.",positive,positive,positive,positive
Steam,Wildfrost,snoof,positive,positive,positive,positive
Steam,Wildfrost,"A lot of people think this game is too hard. To them, I say exactly one thing: Your deaths are your own fault. You misplayed. I don't know when, or where, but you did, and I promise that with more practice and more thought, you will realise this.

This game is INCREDIBLE.",positive,positive,positive,positive
Steam,Wildfrost,"I had the feeling after blacking out and playing non-stop for the whole day of release that Wildfrost would instantly become recognized as a staple for deckbuilding strategy games, because it absolutely is one, and I am extremely disappointed to see so many people levy vague and shallow complaints about balance and difficulty before showing its quirks any patience.

No, the game isn't impossible or unbalanced, but its challenges have sharp teeth that require you to navigate its encounters carefully, sometimes very precisely, to make it through each run. The game's combat is a strategy game with a lot of depth; you have to hide your hero safely, shuffle your positioning constantly to divide incoming damage, and use every tool in your arsenal to solve problems by delaying or defeating especially vicious enemies. The ways out of bad situations aren't obvious, but they are there, and the more you grow accustomed to the game's strict sequencing, the easier and more exciting they become to see.

That aside, this is an extremely fun game, and much more approachable than its initial reception would make it seem. A roguelite deckbuilder where deploying creatures and managing tough board states (comparable to Monster Train) makes up the bulk of its gameplay, with a really smooth pacing of single encounters against multiple waves and a boss chopped up by several upgrade/modification/event/shop/removal nodes in a row. You get a ton of back-to-back upgrade options for your loadout, which are extremely customizable as upgrades are handled by finding Charms that add keywords, stat modifications, etc. to applicable cards you have, with each card being able to hold up to three--by the end of each run, you could be playing with many cards you've seen before, but ended up with totally different versions of them depending on what upgrades you found. This is a really fun system and adds a lot of inherent variety to the game (and comes back at higher difficulties to add the same kind of variety to basic enemies.)

It takes a very delicate hand to make a game that constantly gives you a feeling that you're not going to make it through this encounter, but as you play to your outs, you'll be surprised by the fact that you can, and it'll always be on the back of many different cards and mechanics working together exactly as well as they need to. The enemy designs are tight and varied, with bosses asking very different things of you to make sure you have tools to handle many different challenges, and there's a twist on the final boss design that gives you a very clear warning about what you need to be able to handle by the end of the run.

Finally, I'm not sure what more I could add to what's already been said for the game's style. It's to die for. There's so much joy, energy, and personality in every single inch of the game. I've finally put the game down to sleep and I'm still hearing that catchy battle theme. 

If you like deckbuilders, card games, roguelites--the whole genre, definitely give this game a try. And if you did, and you find yourself struggling and frustrated with it, I would encourage you to give it a little more patience. The game requires different approaches to its challenges than its neighbors, but if you really pay attention to all the tools at your disposal, you'll find a deeply rewarding game here.

Also, it really bothers me to see some people blaming difficulty on luck. The game has very little combat RNG. You see your whole deck in 2-3 hand cycles; I've had a run where after enough removals I drew my entire deck on every redraw. The rules for targeting are clear, and even Aimless can be reasonably manipulated, especially incoming attacks.

Some cards/units seem so much better than others, with many looking underwhelming in their base forms--this feels intentional, because the way upgrades scale with game mechanics is multiplicative. A small ATK boost on a unit with Barrage or Frenzy adds up very quickly. An innocuous AoE spell in your deck could suddenly become a win condition by attaching an on-hit delay to it. And unlike traditional deck-building games like Slay the Spire, you can draw into your whole deck so quickly that once you've assembled a strategy, your access to it becomes extremely consistent, as at any point you can pass one count to redraw 6-7 cards. Every shop has an affordable option to select a card in your deck and play it at the beginning of every encounter.

The game has so many systems designed specifically to give you consistency and control. But it doesn't give you solutions to its challenging encounters for free. You have to be perceptive to the unrealized potential of each card for things as simple as having a promising keyword to work with, and build around strong synergies, rather than expect to find a single completed item to round out a single approach.

I feel that I have to address criticisms like this just because I don't want others to miss this gem of a game because of negative first-reactions that fundamentally misunderstand it.",positive,positive,positive,positive
Steam,Wildfrost,"Many changes to balance the game have been made since my last review, and a LOT of new content has been added as well!

Still highly recommended if you need a good deckbuilder to keep your attention until StS2 releases.",positive,positive,positive,positive
Steam,Wildfrost,"The game is quite hard but I feel like many reviews focus a bit too much on ""winning"" rather than just enjoying the game for runs. I feel like beating the game is only icing, the real fun is playing through the game and using what you're given and I want to say no, you're not always given the opportunity to win even with the best of skill sometimes but I do want to say most times, winning is definitely within arm's reach. That said, I still do have my gripes about the game:

1.) The starting leaders doesn't seem to make any rhyme or reason to how they are balanced. For example, I can be given a 12hp 5attack 4turn leader and while also simultaneously be given a choice of a 8hp 4nut(shield) 3attack 5turn leader. The second leader is very similar to the first except that it has 2 less attack and has one more turn of count down. Like why? The only explanation I see is that they're from different tribes but the tribal differences isn't THAT big to ever pick the latter leader in this scenario. I can never see a reason why any leader should be 3 attack and have a 5 turn count down - not even if they have frenzy, in fact, 5 count down leaders just shouldn't exist, period. There have been many multiple other instances of just crappy leaders and there's no way to ""reroll"" them without starting a run and quitting (which makes me feel dirty).

2.) There are some enemies that are incredibly hard to deal with and more notably, two types of enemies that consistently ends my runs. The enemies I'm talking about is the acorns that gives 3 thorns to all allies and the other acorn that makes all YOUR units aimless. These guys always spawn together and it is completely brutal to have to deal with because the aimless causes you to attack randomly within the row while the thorns is well, going to likely kill your units, especially given how the average hp of units is 5hp, getting just a couple unlucky hits in means everything of yours is dead. Now this wouldn't seem nearly impossible to deal with except that the health of the acorns are like 14hp so not only can you not control which enemies you're hitting in that row but even when you do get lucky, you have to get lucky multiple times. That is just in no way acceptable that these enemies exist with that much health.

All said though, the game is fun, I just don't think playing it with the mindset that you're going to win every run is realistic and quite honestly, that's the way rogue-like games should be. Sometimes you're just given crappy choices and you just have to make the most out of it.",positive,positive,positive,positive
Steam,Wildfrost,"It's difficult, but not absurdly so - if you have played card based games in the past, you need to adapt to the unique counter twist this game puts on things. But the moment that clicks, it just becomes an incredibly fun puzzle to win the battles.

The runs are fairly short (an hour to two, depending on how long you think about turns), which is a real plus for me - I can play a single run and then hop and do something else for a while.
The progression unlocks different tribes (card sets) and some new cards, but the cards you have in the beginning are completely valid to win a run.
Cards can be upgraded in a run to focus on different builds.
The art style is amazing. The UI is great, it runs smooth and the music is incredibly cool.

And if you're 1 coin short in the shop and click an item repeatedly, the shop keeper takes pity on you and sells it regardless. Whats not to love?
Give it a try. It's a great game.",positive,positive,positive,positive
Reddit,Wildfrost,…I now see how you can use soulbound skulls.  Well done.,positive,positive,positive,positive
Reddit,Wildfrost,"“This game is too hard”they cried. “The balance is terrible” they chanted.

In steps this guy",positive,positive,positive,positive
Reddit,Wildfrost,"Just started playing, berry fun.",positive,positive,positive,positive
Reddit,Wildfrost,"10/10 art, we need moar!",positive,positive,positive,positive
Reddit,Wildfrost,"I have lost so many runs with Monch, but I'm always trying to run him. He's just too fun to have around.",positive,positive,positive,positive
Reddit,Wildfrost,"Hello! 

So I would say this game is easier than Slay the Spire, but not by that much. The skillset is a little different, and both are challenging games. I think the game can feel unfair, but you can get better at the game. The RNG does not prevent you from winning, it just makes the path to victory more difficult sometimes.

As for advice, I don't know what your strategy is, so it is hard to say what you can improve. Are you always taking a card reward at every opportunity? If so, stop and ask yourself if the card actually helps your deck. If you have some cards with Noomlin, you want a small deck so you draw the Noomlin cards more often. Or maybe you just have one or two cards you put charms on. Every card you add to the deck makes it less likely to draw those good cards.

Are you always taking crowns? If yes, keep doing that. At higher level play, you will find situations when you skip a crown. But for newer players, you probably don't know when to skip. Most of the time it is correct to take the crown, and I bet you will win more if you just default to always taking the crown.

Are you putting charms on your leader? You can do this, but if the leader is crappy (like you said usually happens) then treat the leader like a King in chess. The leader isn't there to fight. Put your charms on your good cards and just do your best to keep the leader safe.

Finally, are you dying because you played too quick? Do you ever play a card, then just die because you didn't realize the enemy card was killing you? It happens, but this is preventable. If you need to, take a minute to see what all the enemy cards are doing. It is nice to snow or kill enemy cards to keep them from taking their turn. 

If you have a specific situation, ask me about it! Good luck!",positive,positive,positive,positive
Reddit,Wildfrost,"I just hope someday they add more tribes, the game is almost perfect as it is right now",positive,positive,positive,positive
Reddit,Wildfrost,"Time to buy the game a fourth time!

(Also I hate to ruin this but you have typo after the cameo line, I’m so sorry)",positive,positive,positive,positive
Reddit,Wildfrost,"If nothing else, I'd say the one biggest takeaway I got from this post that turned my game completely around was the tip to farm the first couple fights and find combos for extra bling while the fights are easy. 

I used to make it a goal to take as little damage as possible in early fight, taking joy in blitzing down the first couple bosses and watching 5 minions flee the battlefield. Naturally, this left tons of money on the table which led to missed crowns and would snowball into a lot of 2-2 losses. 

After I read this post I started making sure I full cleared fights, and used health as a resource to sandbag kills for juicier combos whenever possible. It made the game so much easier once I was walking out of the first stage flush with cash.",positive,positive,positive,positive
Reddit,Wildfrost,"Great update, couldn’t be more hyped for the new tribe next round!!!",positive,positive,positive,positive
Reddit,Wildfrost,This game is so unforgiving if you make mistakes and don’t consider every enemy’s turn and effect. Like one slip up causes death. Positioning is so important. I have to constantly reposition my team cards to avoid barrages/ effects like long-shot. Ink is so OP better than snow since there is no resist. I’ve died to silly mistakes and you really need to know the interaction mechanics of everything. It takes time to learn but it’s a really good and fun game.,positive,positive,positive,positive
Reddit,Wildfrost,I will - it‘s my fav game,positive,positive,positive,positive
Metacritic,Wildfrost,"Strategic Deck-building, challenging roguelike, extremely cute visuals. If you like Slay the Spire, you will definitely enjoy Wildfrost too. Unlock content is gradually discovered with little quests and new buildingsin the village. Classes are funto explore with lots of different objects, collectibles, and strategic combos to deploy. Fun, fun, fun!! I only wish there was even more content, as it feels a little short.",positive,positive,positive,positive
Metacritic,Wildfrost,"Fun but frustratingly unfair, Wildfrost is currently my favourite deckbuilder roguelite, swimming in a sea of deckbuilder games that just don't work. While I find the entire idea of deckbuilders to be highly flawed, I think Wildfrost does its best with very little, and manages to be an enjoyable time even if it sometimes ends up feeling like you're just throwing your cards at a brick wall.",positive,positive,positive,positive
Metacritic,Wildfrost,"I like the game because it's hard.
Lots of possible combinations.
The music is pretty good.
The animations are cool.",positive,positive,positive,positive
Metacritic,Wildfrost,"Overall, Wildfrost is an incredibly well-designed gameplay experience that is sure to delight. Through its dynamic attack counter system, combined with features like charms, encounters, and randomised hero stats, the gameplay feels as dynamic and challenging on the twentieth run as it does on the very first one. No matter whether you’re a complete newbie or a card game veteran, Wildfrost is sure to entice you with its beautifully hand-drawn graphics, charming soundtrack, and engaging gameplay.",positive,positive,positive,positive
Metacritic,Wildfrost,What an absolutely fantastic and addicting game to everyone who really like card **** games this is for you without a second thought enjoy it everyone its a really fun game and its not as hard as people claim its just require a bit more thinking and strategy keep playing and you'll get that broken build eventually,positive,positive,positive,positive
Metacritic,Wildfrost,"Wildfrost is another ingenious deck-building roguelike that almost looks like a roguelike RPG with cards. Its visual style, the depth of the mechanics and the bosses make it a very entertaining game.",positive,positive,positive,positive
Metacritic,Wildfrost,"Wildfrost is refreshingly well made and innovative, and quite addictive, so if you like a card game that never gets monotonous, then Wildfrost is just the thing for you.",positive,positive,positive,positive
Metacritic,Wildfrost,"Wildfrost manages to be one of those ""easy to learn, hard to master"" type of games, as the core mechanics are simple enough, yet the game ramps up the difficulty substantially, so a lot of runs will take a bad turn quickly. It is a testament to the games gameplay loop that you always want to come back for one more round.",positive,positive,positive,positive
Metacritic,Wildfrost,"Wildfrost feels fresh among the many roguelike card games with its focus on timing, tactics and captivating graphics.",positive,positive,positive,positive
Metacritic,Wildfrost,"Wildfrost isn’t going to distract anybody looking for a hardcore high skill play on the genre, but this quest neve presents as that. It’s a joyous and accessible twist on the roguelike deck builder that you definitely want to deal into.",positive,positive,positive,positive
Metacritic,Wildfrost,"With a fantastic art style that immediately charms you, and engaging gameplay that will keep you coming back time and time again, we love Wildfrost. It’s a very welcome entry into the roguelike card battler genre, offering challenging but fulfilling combat that we can’t get enough of. If you’re a fan of games like Slay the Spire, we urge you to try Wildfrost. You won’t be disappointed.",positive,positive,positive,positive
Metacritic,Wildfrost,"Wildfrost is an incredibly charming game that’s easy to like. It maintains that “one more go” mentality, despite its two main systems not connecting in an organic way. With some updates and tweaks, the experience could flow more naturally, but instead, it feels like two disconnected elements. Its devilish difficulty may be offputting for many, but if you can buy into its charm and take the time to understand the combat, Wildfrost can be an extremely rewarding experience.",positive,positive,positive,positive
Metacritic,Wildfrost,"If I’m making it sound like a mess, it’s not. Great care has been taken to make all of these systems work together beautifully, pulling the best elements of each system into a game that is very challenging, yet satisfying to play. Gameplay has a nice sense of momentum that stops you from getting bogged down in drawn-out strategies, but there’s still plenty of room for careful planning and clever tactics.",positive,positive,positive,positive
Metacritic,Wildfrost,"Wildfrost is highly recommended, especially if you're a fan of the genre. The fun visuals will draw you in, but the addicting gameplay will keep you there. Just be prepared to die, a lot.",positive,positive,positive,positive
Metacritic,Wildfrost,"Awesome deck-building rouge-like game. At the beginning a little bit confusing (no more than other rouge-like games and thats the beauty of this genre, isnt it?) , but after a while you get used to it. After I run through the game, I wish there is a DLC.",positive,positive,positive,positive
Metacritic,Wildfrost,"Wildfrost has a visual simplicity that hides a depth of gameplay that
deserves to be explored. All of its mechanics are carefully thought out
to give us an engaging and refreshing experience.",positive,positive,positive,positive
Metacritic,Wildfrost,"This game is up there with Slay the Spire and Monster Train - it's that good. There have been a lot of reviews complaining about the difficulty. To start with, the game is tricky for sure. It has a lot of unique mechanics and it took me a while to start winning runs. Key things to grasp are positioning and recall of units, and not leaning into one mechanic too heavily. Once this game clicks it's fantastic - each run is different and there are fun ways of ""breaking"" the game with overpowered synergies.  There's a tonne of value here too - three factions to learn, a daily run with online leaderboards and a tonne of fun achievements to shoot for. The visuals and general theme are fantastic and the music is catchy but non-intrusive. Don't listen to the haters - give it a try and spend some time learning the mechanics.",positive,positive,positive,positive
Metacritic,Wildfrost,"Wildfrost is a fantastic deck-builder with rogue-like mechanics. What's more, it has a melancholy story, incredible graphics, and stunning audio. On top of this, it is challenging, addictive, and grim. However, the tough action will put some of you off. Yet, I urge you to break through the learning curve as you battle to save humanity from the Wildfrost.",positive,positive,positive,positive
Metacritic,Wildfrost,One of my favourite deckbuilder/roguelike games. If you like Slay the spire you should def give this a try. Love the artstyle and music,positive,positive,positive,positive
Metacritic,Wildfrost,"Great Deckbuilder, probably the best one i ever played. Very colorful and fun graphics. It's difficult and I'm incompetent.",positive,positive,positive,positive
Metacritic,Wildfrost,"A perfect balance of accessibility and strategic depth, elevated by charming visuals and buckets of personality.",positive,positive,positive,positive
Metacritic,Wildfrost,"Despite the palpable chill in the air throughout, there's a cosy fire burning at the heart of Wildfrost. Gather round for a tough-but-rewarding deckbuilding adventure.",positive,positive,positive,positive
Metacritic,Wildfrost,Wildfrost is a gorgeously designed and brutally unforgiving roguelike deck-builder that tasks you with putting an end to an eternal frost. The strategic depth and replayability factor alone make the premium price worth it - add to that the possibility of encountering a naked gnome and it might just be a no-brainer for you.,positive,positive,positive,positive
Metacritic,Wildfrost,"Wildfrost is a brilliant little deck builder that manages to both frustrate and charm in equal measure. Its magnificently moreish yet maddening gameplay loop makes it a perfect fit for mobile, and its intuitive yet punishing mechanics offer heaps of replayability, making it well worth the premium entry fee.",positive,positive,positive,positive
Metacritic,Wildfrost,"I deeply enjoy Wildfrost's bombastic builds, but I can’t help but feel that it’s trading in the promise of an exciting next run over making the current one more sustainable. Nevertheless, it’s still a genuinely fun game, with charming details and rewarding tactical combat, so I will, absolutely, be giving it more of my time.",positive,positive,positive,positive
Metacritic,Wildfrost,"I discovered this game after it has been added to Game Pass. Just one word: AMAZING! I loved Slay The Spire, but this game might be even better.",positive,positive,positive,positive
Metacritic,Wildfrost,"Small touches like these elevate Wildfrost into the upper tiers of the genre, even while its generally lighter range of content may steer potential buyers away. Once its best qualities come into view, though, that familiar roguelite deckbuilder addiction takes hold to reveal considerable potential, with dozens of encouraging RNG-fueled synergies, lucky accidents which breathe life into additional playthroughs. Wildfrost might seem a bit bare-bones, but each of its moving parts feels precision-engineered, making for an impressive entry into the genre for the studio and a great value for its asking price.",positive,positive,positive,positive
Metacritic,Wildfrost,"So far though, I’ve liked what I’ve seen in Wildfrost. I’m a big fan of how cute the art is in this otherwise brutal game. Plus, it was really easy to just pick up and play. But I wish that the game allowed me to refresh my options in the beginning or made expanding Snowdwell feel a bit more rewarding. I enjoyed unlocking new cards, but there was never much fanfare. I also wished I could use leftover bling instead of accomplishments to add more cards to the hub. You really needed to get lucky with RNG to get the necessary cards. Nonetheless, Wildfrost is a game as beautiful, cruel, and cold as its sunless environment. Players going in will have to prepare to sink hours into building their dream deck… and punching their pillow.",positive,positive,positive,positive
Metacritic,Wildfrost,"This game is incredible. I mean it. If you had to listen to one review hear me out.I loved Slay the Spire, Monster Train, Griftlands, Faeria, Inscryption and more. These are all great games and Wildfrost is probably in the top 3. The synergy is what makes this game amazing, among many other elements. Do yourself a favor, play it and come back here and leave a review. BTW - This is my ONLY review on Metacritic.",positive,positive,positive,positive
Metacritic,Wildfrost,"Wildfrost takes the core ideas of the very popular card-driven genre and makes enough changes to add freshness to it. It does take some time to unlock all the town buildings and the three tribes that can provide leaders and cards. But once that happens, the game offers a wide range of tactical options and it’s fun to discover how various combinations will perform against the capable bosses. The game’s presentation also stands out, with a good level of detail and a strong connection to the theme. Wildfrost features some tough challenges but also offers a constant sense of progression. Playing a few runs every day is a great way to sharpen tactical thinking.",positive,positive,positive,positive
Metacritic,Wildfrost,"Wildfrost is a refreshing deck builder that balances difficulty with mastery. The incredible design of the animation, music, and atmosphere is among the best in any roguelike deckbuilder!",positive,positive,positive,positive
Metacritic,Wildfrost,"The whole thing is a delight, and one of the more interesting takes on the deckbuilding roguelike genre I've played since Monster Train, which is apt, because it definitely takes some inspiration from that game. This is one of those games I'll be playing for months and possibly years to come, because it just feels good when you finally get a strong run going. However, the difficulty may put off some players. I recommend pushing through and fighting for those small successes, and those that do so will be rewarded by one of the best indie games of 2023 so far.",positive,positive,positive,positive
Metacritic,Wildfrost,The biggest compliment I can give Wildfrost is that it gets better and better with every playthrough. Failure is actually a good thing as you unlock cards to try and invent new tactical approaches in a bid to complete a run.,positive,positive,positive,positive
Metacritic,Wildfrost,"I know Wildfrost will not be for everyone, and I’d have that caveat with my recommendation, but it is a “free to try"" game on iOS, so there’s no real reason to not download it and give it a shot. I think it is more than worth its asking price on iOS, and it is immediately one of the best mobile releases of 2024 so far. While I am glad I finally played it, I’m annoyed I wasn’t obsessing over it last year when it debuted on Switch and Steam. I have rectified my mistake at least with this new port. Go download Wildfrost right now.",positive,positive,positive,positive
Metacritic,Wildfrost,Excellent card game! There are a lot of complaints about the difficulty but I think it's fair and actually makes the game even better,positive,positive,positive,positive
Metacritic,Wildfrost,"Wildfrost provides so much entertaining card battle fun that I found it hard to put it down to write this review. It's so cute, too.",positive,positive,positive,positive
Metacritic,Wildfrost,"Wildfrost is a delight in both its artistic style and its satisfying and involved moment-to-moment gameplay. The game demands some amount of learning via trial and error and asks you to carefully think through your moves, but once you get a feel for the game there is a lot of like: owing to its roguelike nature, every run is drastically different. Experimentation and creative thinking are rewarded, and playing the game is just overall a joy. If you have the patience to sit down and learn the ins and outs of wildrost, I trust that you'll really enjoy it.",positive,positive,positive,positive
Metacritic,Wildfrost,"Can't stop playing it! Such creative game mechanics, such beautiful card art!
I will recommend this to as many people as I can, thank you for making this!",positive,positive,positive,positive
Steam,Final Fantasy 14,"Played WoW for 16 years or so. Switched to FF finally been playing past couple days nonstop. Dont regret a single minute of it. Cant wait to start the actual expansions though. Already recommended to all of my friends that play WoW.


!!Update!! 

100 Hours more played later. Im completely addicted. Still have yet to hit the first expansion. Just content everywhere I look. I cant remember the last time I genuinely woke up or got home from work and was excited about actually sitting down continuing an adventure on a game or just to have pure fun and enjoyment. One of best communities I have had the pleasure of starting to be a part of as well. Experience is still amazing for me so far. And I know its just going to get better and better. Cant wait!

!!Update!!
Well i am currently sitting at 340 hours or so played now. Nothing has change I am loving this. I actually just hit the first expansion Heavensward and good lord they were not kidding. Dont get me wrong i didnt mind a realm reborn... but wow just wow did they step it up in the first expansion. the cut scenes the first new Main city i am obssessed and in love with and the music that comes along with it. Most of the cast from ARR has new voice actors and damn they are good. I just scratched the surface of Heavensward and with it already shocking me how good this is getting I cant even imagine Stormblood or Shadowbringers. I can honestly say even heavensward has put WoW shadowlands to shame in all terms of story especially and cut scenes even landscape and music its just overall beautiful and being the big game of thrones fan I am the dragons and all that feel to it is just great. Its definitely not a suprise why they add heavensward into the free trial because they know after you touch that expansion you wont want to stop! :) 

Overall Take it from Me a WoW 16 year vet even with a WoW tattoo irl on my arm i lived breathed and slept WoW. I have yet to even miss a single patch or anything. Even with 9.1 that just came out yesterday while sitting here playing this now. I dont even question myself for a single second about going back anytime soon or resubbing. I am having an overall amazing experience so far and it has been keeping me completely busy and satisfied. I can honestly say this is the very first game in my life that has kept me away from World of Warcraft and for me thats a huge statement and win.

415 hours in or so. I should of easily been at Stormblood by now but i just keep getting side tracked into doing everything else in the game. Been leveling the Dark Knight up to 60 now and Finishing heavensward on him. Amazing class. Super fun story for the class as well. Machinest was my main until I recently started going Dark Knight crazy. The instant dungeon ques for tank are also a plus! And damn the Dark Knight gear just looks so good especially swinging around the big two hander feels so good as well. I should be hitting Stormblood soon though for sure as long as I dont get side tracked anymore. But honestly Im still genuinely happy and just having a blast playing this game honestly the longer it takes me to get to the other expansions the better. It is nothing like WoW where its just a strict grind fest as fast as you can to end game. Nah. Its just completely enjoy the game and have fun and do whatever you want and take your time!. Good stuff.

!!Update!!
Finally Finished Heavensward and Ill put this as simply and quick as I can. Amazing Story. Amazing Music. Just hooks you in and makes you connect with every character in the story it felt like I was just watching and getting to know every character like a full season of a show that just hooks you in. Some cutscenes were just an overall thrill and joy and by the end was hitting me in my feels haha. Simply just landed a spot in my top 10 stories of video games that I have experienced in my life.

!!!!!UPDATE AGAIN!!!

I am currently in the beginning stages of Stormblood still just chilling doing everything in the game and just having fun in general and damn the new Stormblood cities and music im in love lol.",positive,positive,positive,positive
Steam,Final Fantasy 14,"This game is really good, but you dont have to take my word for it, wanna play it? just download the free trial from the square enix page (You will need an square enix account to play it anyways), you can play the game with little to no changes for free up to level 60 (that´s like a lot of content my dudes, base game + one expansion, thats easy +100 hs of content). If by that time you don't like it, don't buy it. Risk free, no money/credit card asked in advance and you can migrate your free trial character to your paid game in less than a five minutes.",positive,positive,positive,positive
Steam,Final Fantasy 14,"Edit: Still good 4 years later.

For a long time, I avoided FF14 even as word continued on that it was one of the best MMO's  currently out there. This only increased with the release of the Shadowbringers Expansion, which I heard nothing but good things about. Still, this was not enough. Knowing how I operate in MMO's, starting one would be a colossal time investment for months, and possibly years depending upon how much I enjoyed it. I ended up giving FF14 a try when I saw how many of my oldest friends were either playing it or planning to. They let you do a free trial up to level 35, so I figured... why not? If I make it that far and like it, then perhaps this may be worth buying.

Even so, I wasn't quite prepared for how much I was about to be consumed by this game. FF14 is easily the best MMO i've played since WoW's Wrath of the Lich King expansion more than 10 years ago. I found it to be more enjoyable than EVE and Guild Wars 2, and far superior to WoW's current expansion Battle for Azeroth. After over a year of enduring that mess, it was refreshing to play FF14 and find an MMO that I actually could enjoy without excessive RNG and obnoxious busywork.

Ok, so reviewing an MMO in its entirety is utterly mad and i'd be here for hours, so instead I'm going to try to highlight a few key points.

First and foremost, FF14 puts some serious investment into its storylines. While it might officially be an MMO, FF14 is also probably the largest JRPG ever made. Expect dozens of hours of cutscenes and story events, with me having about 300 hours played when I finished all current story content. Now I didn't spend all 300 of those hours only doing story content, but that should give you a pretty decent idea of how large the story is. If you are familiar with this franchise then you have a pretty good idea of what to expect, and longtime fans will see many familiar names among this game's characters and boss fights. On the other hand the story is a bit mediocre early on and only really gets going in the first expansion Heavensward. Technically you can skip all the cutscenes (and rewatch them in an Inn or your house), and even buy a skip all the way to Shadowbringers if you really want to, but I'd recommend against it considering how much of a role story and character development play in this game. The story might be a bit bland and lengthy in its early stages, but it becomes one of the better parts of this game.

Moving on to gameplay, FF14 has a large number of different classes, or ""jobs"", that you can play as. You get your typical MMO setup of tanks, healers, melee, and ranged each with their own distinct play style, strengths, and weaknesses. Crafting and gathering in FF14 is much more developed than in most MMO's with each of them being different classes in their own right. But unlike most MMO's, FF14 allows you to play all of these different classes on a single character. This is a major selling point for someone like me with major alt problems in other MMO's (12 120's in WoW, for example). FF14 ensures that you are able to play all of the classes and their own storylines while at the same time not forcing you to build a new character from scratch for each different class.

As for group content, there are plenty of opportunities for PvE and PvP. When it comes to PvP, i'll admit that my experience is somewhat limited. However from what I have seen of PvP in FF14 it is a bit clunky, does not seem to be particularly popular, and is one of the few areas where WoW clearly beats FF14... for now. As for PvE, FF14 is very strong indeed. There are a large number of Dungeons (4 player runs), Trials (8 player boss fights), Raids (8 players), and Alliance Raids (24 players). FF14's version of LFG, the ""Duty Finder"", is simple to use and allows you to queue up for any content you have unlocked - though you may want an organized group for the high difficulty content. Worth mentioning are the ""roulettes"" which let you select a category (such as Trials, Level 80 Dungeons, or Alliance Raids) to queue for and obtain a daily reward based upon your class level. FF14 does have level scaling that reduces your level to fit whatever PvE content you find yourself in, though it is possible to turn this off for your own private groups. 

Like what WoW used to have when it was still good, FF14 has a token/badge system where you collect currencies from doing 50+ PvE content that you can use to buy gear, materials, and other goodies. There is also nothing like the Titanforging or weekly chest RNG BS like what is in current (8.2.5) WoW. Current content raids work a little differently in FF14 too, with you being limited in the amount of gear items you can get per week. On the one hand this slows down gearing a bit, but on the other you are free to run the current raids as many times as you want until you get the gear drop you are after, at least on normal difficulty. In the light of having to wait months before getting crucial gear upgrades in WoW due to only getting one chance a week, I like how FF14 does it.

As for the community, I haven't been on forums or around hardcore players since I have not joined a proper raid guild yet (or Free Company as they are called in FF14). However, from what I have seen FF14 players are far more friendly and far less toxic than many other game communities. I've completed over 500 dungeons so far and I can probably count on one hand the number of times i've dealt with jackasses in those dungeons. People tend to be friendly, helpful, more relaxed, and more forgiving of errors - especially if you are new and have the ""sprout"" icon. I think FF14 might have stronger rule enforcement for bad behavior, but I am not completely sure about that. I don't even see much swearing, which is kind of a shock for an online game. In any event, I very much like the peaceful community this game has.

Ok I better wrap this up before this review goes on forever.

And yet there are so many other neat things to mention. Gold Saucer and all its minigames, Player owned housing and all the customization that comes with it, the massive amount of special items to collect, and on the list goes. FF14 is an MMO after all, so having an insane amount of content to spend time with is to be expected. There are so many opportunities to play this game in the manner of your choosing. :D

So... If my opinion on this game isn't obvious to you by know, I don't know what to tell you. :o

One last note though... like many other MMO's, [url=https://na.finalfantasyxiv.com/lodestone/special/friend_recruit/]FF14 has a ""Recruit a Friend"" feature[/url] where a new player who has yet to buy their first month of subscription can get a code from a current subscriber and get rewards for both of them that increase the longer the new person sticks with the game. If FF14 sounds like something you may be interested in, feel free to leave a comment on this review asking for one of these codes and i'll reply with one. :D

*waves*

Edit: I play on the world Coeurl on the Crystal Data Center, by the way. :3",positive,positive,positive,positive
Steam,Final Fantasy 14,"Yeah I hate my friends for showing me this game.
A great story, simple combat and a friendly community make this a great MMO. 

Small advice: Get the free trial from their website instead. Has no time limit and first two DLCs included ;)",positive,positive,positive,positive
Steam,Final Fantasy 14,To be honest I never thought a game would hook me so much even though is an old game. Played 70 hours in nothing I was amazed never played a game and time would past so fast. Im still lost on how job works and stuff like that but Love love the game. Finish A realm reborn cant wait for keep the game going.,positive,positive,positive,positive
Metacritic,Final Fantasy 14,"Final Fantasy XIV has a great potential, but it needs to evolve.",positive,positive,positive,positive
Metacritic,Final Fantasy 14,"Final Fantasy XIV Online, We see alot of these MMOs come and go, right now we have a Saturated Market of F2P P2P and everything inbetween. I think that is why people tend to troll games that are fresh on the market threatening there safe places. I like this game, Im sure we all know of the issues that it has, but truely, what MMO does not have issues on release? CONTENT Promised WILL COME, there is alot to do right now! without having to get our heads around MORE CONTENT at this time. its diffrent and thats what makes it special, it will grow on you and you will love it,or you dont want to learn? fairenough its nto a game for you, Pace yourself and enjoy the small things, thats what this game says to us, if you can do that it will reward you. NOT perfect but water it and it will grow into somthing special.",positive,positive,positive,positive
Metacritic,Final Fantasy 14,"People are overreacting about this game. Yes. It isn't perfect, but the game reminds me of games like Asheron's Call, popular during the early mmo days. Don't believe the hype, the game is not for everyone and is loaded with problems, but if you like ffxi, give it another chance later on.",positive,positive,positive,positive
Metacritic,Final Fantasy 14,"After about a months play I would give this an 8. You can log in every night and do something different. Level a job, craft or gathering. None of it is simple so you can keep learning how to make new items, or do something better.

I'd like more bagspace, or something to hold all your class weapons and gear. But you start out with 80 spaces yourself and then get one retainer that you can use to hold more with. It takes a while to travel between the cities but they are alll very varied and worth exploring. You also have the option of teleporting to a place once you have gone there, or if a member of your party has done so. I like the music and graphics. However you can not turn off all sounds if you turn off all the settings for music which isnt good if you are watching tv or listening to music while playing. I don't mind the interface because its like ff11 but it would be good if they had given more control over what it does. Like added optional chat filters. Its hard, not everyone will enjoy it but its not shallow. Which is something ive noticed is a becoming a trend in new mmorpgs.",positive,positive,positive,positive
Metacritic,Final Fantasy 14,"After the recent 1.18 patch the game is much better.  The future only holds more developments. It's on its way! There are map redesigns, chocobos, airships, and many other final fantasy changes coming.  I highly recommend checking the lodestone for updates as the game has finally begun to change in big ways.",positive,positive,positive,positive
Metacritic,Final Fantasy 14,"This game is not like every other mmo out there.  That in itself deserves praise.  Soon enough everyone will see this game reach its potential and come in droves.  I like it now and its only gonna get better.  It retails for a reasonable price.  Try it.
Square-Enix is listening.",positive,positive,positive,positive
Reddit,Final Fantasy 14,Very steadily chugging my way to 5k S Ranks and my <Ultimate Thrillseeker> title. Just hit 4600 yesterday and with the server maintenance coming up resetting S rank timers I might be able to hit 4700 this week. It’s been a fun 3 year grind so far and I love the hunt community but I’m very excited to finally be able to “play the game” after this is done and work on some other goals/achievements instead of afk camping the Limsa Aetheryte,positive,positive,positive,positive
Reddit,Final Fantasy 14,And even the item use one wasn't always available! Every patch brings a bit of overlooked QoL that gets appreciated but overlooked in the long term.,positive,positive,positive,positive
Reddit,Final Fantasy 14,"Every maintenance, I sit vibrating like a spastic flea excited for new content so I read the patch notes. It surprises me that other people don't. ",positive,positive,positive,positive
Reddit,Final Fantasy 14,There's this really sweet quest where you help her get back one of her family heirlooms if I'm correct.,positive,positive,positive,positive
Reddit,Final Fantasy 14,Last week i finally got my amaro ❤️❤️ i love him so much,positive,positive,positive,positive
Reddit,Final Fantasy 14,"I've been feeling really down lately about a lot of things, as many of us are. But one thing that continuously keeps me going is my absolute love and joy for FFXIV. Over the years I've had the opportunity to create commissions for so many players, the attached not being all of them. And I guess I just wanted to showcase some of the pieces I've done (I mostly run headshot sketch drives) and release some positive venting into the universe instead of negative.



I'm pumped for 7.2 and ready for endless hours of entertainment. This patch looks JACKED. So hyped.",positive,positive,positive ,positive
Reddit,Final Fantasy 14,"I miss Nero, someone give me total amnesia so that I can play through the Omega raid series for the first time again, pls I am dying of Nero deficiency!!",positive,positive,positive,positive
Reddit,Final Fantasy 14,"Yugiri getting a bit of character development is one of the reason why the ranged role quests were my favorite role quests in Endwalker. It wasn’t much but it was still nice, and a little unexpected.",positive,positive,positive,positive
Reddit,Final Fantasy 14,She is in LOVE with Haurchefant. I don't know how she's going to handle it tonight when we do the vault. She took the end of ARR pretty hard already because of her crush on Thancred. Please send good vibes as we're probably going to need them to get through the tragedy.,positive,positive,positive,positive
Metacritic,Battlefield 2042,"While not all of the features Battlefield 2042 introduces are a hit, and the lack of a single-player component is a little disappointing, the game still manages to deliver the same spectacular skirmishes fans of the series crave with its explosive 128-player conflicts and satisfying selection of near-future weaponry and gadgets. Add to that the impressive Portal Mode, which has the potential to keep a steady stream of community-created content flowing, and Battlefield 2042 could very well keep your itchy trigger finger soothed for the foreseeable future. Whether you’re a longtime fan of the franchise looking to dominate the leaderboards or a greenhorn ready for your first tour of duty, Battlefield 2042 delivers something worth fighting for.",positive ,positive,positive,positive
Metacritic,Battlefield 2042,"Apart from a few niggling bugs my overall experience of Battlefield 2042 was great. I had a blast sharpening my skills and learning the new mechanics of the game, like the addition of changing the capture points to sectors sometimes battling for 3 objectives in point A, bringing more tactics into your play. With a 10 hour trial thanks to Game Pass/EA Play subscriptions, I would highly recommend at the very least checking the game out this way – I think you’ll enjoy it!",positive ,positive,positive,positive
Metacritic,Battlefield 2042,"While the repetition and lack of content cooled my enthusiasm a bit, I am excited to see where DICE can take Battlefield 2042 from here — if current industry trends hold, I’m confident this will be a strong addition to my already-full shooter rotation after a few months of additions and updates.",positive ,positive,positive,positive
Metacritic,Battlefield 2042,"What Battlefield 2042 does well, it does really well, but it sometimes can’t help but be held down under the weight of its own scale.",positive,positive,positive,positive
Metacritic,Battlefield 2042,"Very good storyline and gameplay. Really like the ability to fly and also the watchdogs where also amazing and really helpful



Nice",positive,positive,positive,positive
Metacritic,Battlefield 2042,It is a good shooting game with good graphics and mechanics. I like it when it have updates that we are not supposed to redownload the full game again.,positive,positive,positive,positive
Metacritic,Battlefield 2042,"Great game, true Battlefield, great graphics and physic. Good maps, best war game",positive,positive,positive,positive
Metacritic,Warhammer 40k: Darktide,"Thought about a 9/10 but it's still lacking some content to gain that score.
The gameplay loop is fun but not for everyone, if you enjoy high skill melee combat this is the game for you",positive,positive,neutral,positive
Metacritic,Warhammer 40k: Darktide,"I have spent possibly over 200hrs getting all 4 operatives up to max and I am still learning new skills, tricks and sourcing new, more powerful weapons. Each mission feels different as your coplayers make it so. The missions may over time feel repetitive; however, hopefully Fat Shark will release some new enemies and maps in the coming months. If you have friends to coop with, this can be all the more fun. If you are a Warhammer fan or just love dark, bleak sci-fi futuristic shooters, this is for you. For the Emperor!",positive,positive,positive,positive
Metacritic,Warhammer 40k: Darktide,"I waited to play this until after the recent major overhaul of classes. I am really having fun with this game. Its implementation of first person melee combat is top notch. The guns feel good to shoot. The transitions from ranged to melee combat are really well-done.

The atmospherics: the writing, voicing, music, backgrounds... these are all solid.

My reading of the situation is that this game was released in an incomplete state, and now that they've had time to get things cleaned up, it's a very good game.

Many other reviews compare this to L4D, and I think this is a far better game than L4D.",positive,positive,positive,positive
Steam,Battlefield 2042,"Another great warhammer coop game!
It plays like a mix of left for dead and destiny. It can be repetitive but with randomization it keeps it fresh. Playing with friends is a lot of fun!",positive,positive,positive,positive
Steam,Battlefield 2042,"Don't listen to the echo chamber of people giving 1 just because of some bugs and an in-game shop with cosmetics...

The game is awesome, graphics are great and although there is a problem with optimisation, if your right is on minimal required then you'll be able to play it on low without any issues (unless crash but I didn't have any since release and I have 100 hours).

Main aspect of game - killing hordes with melee and missiles is perfected. Can't quite explain the feeling but killing enemy with a box of grenades thrown has that ""Ommphh"" to it :D

If you don't care that there are COSMETICS shop in the game then there is not really much you can say against the game.

For 40$ you have a full game for around 150 hours of gameplay that will get updates (right now there is no end game but it will change in a couple of updates :) ).

I'll change my rating to 10 when Fat Shark adds end game and some more weapons to have fun.",positive,positive,positive,positive
Steam,Battlefield 2042,"After 1 year i need to say i rly enjoy playing this Game, they fix many things and added many new things, but there is still alot of work to do so keep going devs! 👍",positive,positive,positive,positive
Steam,Battlefield 2042,Decent game. Worth $10.00,positive,positive,positive,positive
Steam,Battlefield 2042,"I am a 54 yo father, probably one of the oldest people playing this game. I am a single father to my Son, who is 14 now. My son got this game for Christmas from his uncle, so we installed it on his computer and he started playing. By the end of the week he had 24 hours on this game. This was horrible for me, as it was already hard for me to find ways to spend time with my son, as he is always out with his friends or just, watching YouTube. So i decided to make a Steam account and get this game to see if I could maybe play alongside him. loaded into the game, made my character and world and started playing but I was stuck on what you were supposed to do. I asked my Son for help and he helped me. Loved it as it was the best time had spent with my Son since my wife had died. This game has ever since brought me and my son closer again and now we actually spend time together outside the house together as well. This game reminded me that there's fun to be had in everything, and it has brought both me and my Son many happy memories
Thank you <3",positive,positive,positive,positive
Reddit,Battlefield 2042,I get a sick pleasure from fixing an APC as it turns a pile of infantry into roadkill.,positive,positive,positive,positive
Reddit,Battlefield 2042,"If 2042 did one thing extremely well that is explosion effect, not realistic by any mean but cinematic af",positive,positive,positive,positive
Reddit,Battlefield 2042,I think I’m gonna uninstall BO6 and reinstall BF2042 after watching this.,positive,positive,positive,positive
Reddit,Battlefield 2042,Been saying it. The new maps on 2042 are super fun. I think they did a great job rebounding from what the game started as in 2021.,positive,positive,positive,positive
Reddit,Battlefield 2042,When 2042 pays off it really pays off,positive,positive,positive,positive
Reddit,Battlefield 2042,"The garand is good,🫡personally I like the G428 because it has a full auto option but also is decent as a DMR.  Full auto is useful in close quarters for someone like me who reactions may be a bit slower. 😀",positive,positive,positive,positive
Reddit,Battlefield 2042,okay that was epic,positive,positive,positive,positive
Metacritic,Warhammer 40k: Darktide,"Knowing Fatshark’s previous work, I’m confident Darktide will be in much better shape in just a few months’ time. And perhaps, in a year or two, after a couple of expansions and numerous updates, it may be something extraordinary. As things stand right now, it’s only very good… which is hard to complain about. A fantastic setting with tons of replayability and the same old juicy combat? There’s plenty to get sucked into, and no signs of slowing down. [Polygon Recommended]",positive,positive,positive,positive
Metacritic,Warhammer 40k: Darktide,"But even as omnipresent as Darktide‘s technical woes are, it’s the exhilarating thrill of a mission run that shines most brightly in my mind when I think about my experience with it. Even on low graphics settings, shining your rifle’s underslung torch down a dark corridor, only to see a horde of Poxwalkers glaring back at you before your whole squad unloads on them, provides an utterly giddying rush.",positive,positive,positive,positive
Steam,Warhammer 40k: Darktide,"I've played this game since the Beta. I loved this game, despite it's flaws and false promises. I eventually got kind of bored because there's no real updates that add anything, only ones that feel like they take from you. A portion of the community exploded around january/february, and I thought it was silly. I don't, anymore. Fatshark has decided it's a brilliant idea to just keep nerfing majority of things while buffing a small amount here and there. The most recent update has actively wasted my time. This game features RNG weapons and stat boosters, with randomized weapon stats and effects. I spent the better part of 3 weeks to get enough resources (and the weapons themselves) to upgrade weapons I enjoyed playing to be as good as I could get them for 3 weeks worth of resources. This most recent update has gutted them, and the weapons that weren't effected have lost their place in my load out because of it. In a PvE game, they are actively weakening the more commonly used weapons, while leaving the ones that don't get a lot of play due to under-performance still weak and useless. They feature a shop that has microtransactions, and up until relatively recently that was getting the main focus. Now, it hasn't been updated since they're focusing on ruining the other aspects of this game. There are only a handful of cosmetic items you can unlock through gameplay, and in many cases the sheer dedication it takes to unlock them via the unrealistic and arduous challenge to get them isn't worth the time and frustration. Crafting was promised, but not implemented. When it was, everything was insanely expensive to make with in-game resources. And with frequent nerfing and RNG being the only way to get them, it isn't worth it either. This game could have been fantastic, and I did admittedly enjoy much of the time I put in. But this last grind was made pointless by terrible updates that are truly tonedeaf and come across as the devs not playing their own game, or having any foresight, caution, or care in what they subject their player base to. Do you love 40k? Me too. Do you like horde shooters? Me too! Do you think they'd work well together? Of course they would, but not with this team behind it. Do not waste your money, or your time. The Devs will make sure both are wasted. Sadly, avoid this title. If you find classes and weapons you like, I assure you it's only a matter of time until they decide to make it so you won't.

Update: They have revamped the class system to offer more customization in play style. Each class has 3 trees that you can mix and match, and in my opinion has given more variety to the gameplay. Some of the weapons are still meh, but it's I think it's fair to say they're making a more concerted effort to try to improve the game. I've put another hundred hours in at the time of this update, and I have been enjoying myself. I am getting to the point where I'm growing tired again, but I felt it was only fair to keep honest with my review. I wish there was a more neutral recommendation, because I can't say I'd recommend this to everyone, although I do think it's worth trying out. Also, nailing a charging mutant with a rock as an ogryn and watching them break the sound barrier as they ragdoll is never not fun.",neutral,positive,positive,positive
Steam,Warhammer 40k: Darktide,Darktide finally has everything that should have been in the game at launch two years ago. Fun with friends! Buy it when it's 60% off or better.,positive,positive,positive,positive
Steam,Warhammer 40k: Darktide,"The problems of this game are outside of the actual gameplay, which is immaculate, and is definitely worth playing now that skill trees, itemization, and built in cosmetic unlocks have been fixed/improved.",positive,positive,positive,positive
Steam,Warhammer 40k: Darktide,"After two years, FINALLY Darktide is no longer in the shadow of Vermintide. 

At its core the game had great combat and gameplay but was plagued with terrible systems - not anymore. Fatshark released an update that made obtaining and upgrading weapons far easier and with little RNG.

If there were a negative, it would be that optimisation could be better.",positive,positive,positive,positive
Steam,Warhammer 40k: Darktide,"Seeing this game on the store page with a review score of 'Mixed' breaks my heart. But unfortunately, it [i]is[/i] a warranted review score.

I love this game with every fiber of my being. I love the gameplay, I love the combat, I love the intricate builds you can create, I love the characters you can make and how they interact with each other, I [i]really[/i] love the music more than [i]anything[/i] else, and I love the attention to detail and size of the maps. It's truly astonishing and inspires awe. The game does a great job at taking the Left 4 Dead formula and improving upon it with special enemies, enemy readability, class builds, teamwork elements, and special abilities.

However, certain things [i]must[/i] to be addressed, and seeing how many other players have already done so, I'm going to try (emphasis on try) to keep it brief.

[b]1.[/b] [strike]The performance is not great. Not great, not terrible. I'm running an ASUS GeForce RTX 2070 SUPER graphics card and an AMD Ryzen 7 2700 processor, and combat can [i]still[/i] drop down to 30 FPS or lower, significantly impeding combat performance and sometimes costing the entire match.[/strike]
I'm unsure exactly [i]when[/i] or [i]how[/i] it happened - probably sometime late last June or early July - but one day, when I got into a match, I noticed the game suddenly ran a LOT smoother for me than it had ever run before! I'm unsure if I might've missed something in the patch notes or whatever, but overall the game runs a lot better now, so if I'm assuming it runs better for everyone else as well? Either way, my criticism of this game's poor performance no longer stands.

[b]2.[/b] The way microtransactions work in this game is scummy, plain and simple. You HAVE to buy in-game currency BEFORE you can buy the cosmetics and weapon skins you want, instead of buying them DIRECTLY with real life money, which means spending more money than you actually want to spend, and ending up with ""loose change"", so to speak, which incentivizes you to buy more. The cosmetics also rotate every second week or so, thus creating FOMO, a fear of missing out. This isn't very consumer-friendly, and I disapprove of this monetization scheme in games.

[b]3.[/b] [strike]The crafting system is horrible. Simply atrocious. It's pure RNG. You may sometimes get lucky and roll a good weapon, and it feels great when you do so, but it's hard to stay sane sometimes, and it shouldn't be like this. I believe this was done on purpose to ensure players keep grinding in perhaps the most exploitative way possible. It doesn't exactly motivate people to stick around. They [i]did[/i] make it easier to obtain crafting materials in the most recent update, 'Path of Redemption,' but it's still not perfect.[/strike]
Fatshark has announced an upcoming overhaul to the crafting system that intends to make the process overall less RNG focused. I will update my review upon release of said overhaul.

As a closing (yet controversial) remark, I don't actually have a problem with the amount of maps featured in the game, unlike many others in the reviews I've read. ([b]You may award me with your Jester awards now.[/b]) While, yes, I [i]do[/i] agree that the game could always use more maps, I think given the scale and detail of these maps, it makes sense why they're taking so long to develop. Besides, what makes the game so replayable (to [i]me[/i] at least) is the RNG elements, cooperative gameplay with strangers and friends alike, and the builds you make and play with on Tertium.

I'm still going to play this game. I'm still going to experiment with builds and try to unlock more ways to play each of the different classes. And although I think this game is good, in the end, it's still incomplete. Get it on sale to get the most for your money.

[i][b]FOR THE THRONE![/b][/i]


[i](Edit 1: fixed some minor spelling errors.)
(Edit 2: updated some information in the game performance complaint)
(Edit 3: updated some information in the game crafting system complaint)[/i]",positive,positive,positive,positive
Steam,Warhammer 40k: Darktide,it’s an amazing game but needs more maps and content,positive,positive,positive,positive
Reddit,Warhammer 40k: Darktide,Yeah seriously. I loved the Pre-order beta and i can't wait for full release and put in tons of more hours BUT that doesn't change the fact the game have some serious issues. I'm sure they will be worked out and the promised features missing will be added and we will be even happier with the game but for now it has it's flaws while still being a damn fun game.,neutral,positive,positive,positive
Reddit,Warhammer 40k: Darktide,"Yeah it's crazy to me that people are responding to talk about crashes with ""hasn't happened to me"" as if that's any kind of answer.  I'm running a 1660 gtx super which is by no means a high end card but also a 10+ year old cpu and while my fps certainly isn't stellar I haven't had much in the way of crashes and there are people with much better setups that are getting them consistently.",positive,positive,positive,positive
Reddit,Warhammer 40k: Darktide,I never played VT 1 or 2 so maybe I'm not as jaded as some of the people here but I really like the game. Which is a tall order as I'm severely depressed and haven't really enjoyed a game since 2016.,positive,positive,positive,positive
Reddit,Warhammer 40k: Darktide,"I played Zealot to level 30 despite frequent crashing. Turns out the crashing I was dealing with was THE FUCKING GAMEREADY DRIVER as I found out playing other games after the fact, but I enjoyed it enough to max out a class during the beta.",positive,positive,positive,positive
Reddit,Warhammer 40k: Darktide,"I've really enjoyed it despite all the issues. 

Probably the best 7/10 game I've ever played.",positive,positive,positive,positive
Reddit,Warhammer 40k: Darktide,"Pretty much.   I only get irked when the game hard-crashes.

The rest has been pretty great, even in the current state.

Imagine how happy we'll be once they polish it up!",positive,positive,positive,positive
Reddit,Warhammer 40k: Darktide,"> 6 months from now (hopefully that short) this is going to be an amazing game

Total War Warhammer 3 flashbacks",positive,positive,positive,positive
Reddit,Warhammer 40k: Darktide,"Hey it's good now. Even better, it's fucking GREAT now that IE is released. 

A man who has nothing can still have **faith**.",positive,positive,positive,positive
Reddit,Warhammer 40k: Darktide,Probably my fav 40k game since original dawn of war or maybe space marine,positive,positive,positive,positive
Reddit,Warhammer 40k: Darktide,Same. It's not *amazing* but it's a lot of fun. I don't think I'll have any issues getting my money's worth.,positive,positive,positive,positive
Reddit,Warhammer 40k: Darktide,"Yeah, all the people enjoying it are too busy enjoying it to talk about them enjoying it so they can continue to enjoy it since they enjoy it which is enjoyable",positive,positive,positive,positive
Reddit,Warhammer 40k: Darktide,"Cool, I’ve played 37 hours of Darktide and crashed twice.",positive,positive,positive,positive
Metacritic,Wasteland 3,"When inXile describes Wasteland 3 as a deep game with ""80 to 100 hours"" of gameplay before completion, they're not kidding. Although we fall on the ""play through slowly and experience everything"" side of RPG gaming, we'd guess we were no more than 25 percent through the game at 40+ hours in. Despite some faults, the strength of the tactical combat kept us engaged and interested, and the tough ethical choices along the way kept us guessing and motivated. The scenery is compelling, the soundscape and voice acting are incredibly lush, and the humorous touches scattered throughout landed more often than not. We think tactical RPG fans will be very pleased with Wasteland 3, warts and all—and if you're not a tactical RPG fan yet, this just might be the game that converts you.",positive,positive,positive,positive
Metacritic,Wasteland 3,"Lurid characters, a deep RPG system, and captivating combat set in an unhinged apocalypse - inXile Entertainment’s latest shouldn’t be missed.",positive,positive,positive,positive
Metacritic,Wasteland 3,"If you’re already a fan of this type of game, then you’ve likely already been sold on Wasteland 3, and with good reason. But if you haven’t delved into an RPG of this size before it might be the perfect place to start. It’s a much more action-focused experience than some of its contemporaries, with a combat system that’s developed enough to carry the game even without the arresting narrative and its inviting pliability. Despite a couple of minor irritations, Wasteland 3 is the very definition of a game you can get lost in.",positive,positive,positive,positive
Metacritic,Wasteland 3,"Wasteland 3 is an absolute blast. The well balanced, if unforgiving, difficulty feels pitch perfect for the story and world. It is funny, harrowing and at times even verging on dark, telling a compelling tail of surviving in this terrifying world. Not only is the narrative great but the strategic combat centric gameplay is absolutely stunning. It is impossible not to recommend this title; it is one of a kind.",positive,positive,positive,positive
Metacritic,Wasteland 3,Much better than the predessesor. No bugs at all in 2023. If you enjoyed games like Fallout 2 or Baldurs Gate 2 you can't go wrong with this one.,positive,positive,positive,positive
Metacritic,Wasteland 3,"Best game in a genre IMHO, variability and solid quality, when I finished it first time, started from the begging same day on harder difficulty",positive,positive,positive,positive
Metacritic,Wasteland 3,"Great story, atmosphere and dialogues. One of the best games of the year. Only very long loadings are really annoying",positive,positive,positive,positive
Metacritic,Wasteland 3,"Wasteland 3 is the new standard for CRPG games! Every aspect of this game has been improved upon from Wasteland 2. The story, decision making and role playing elements are the best in the genre. Don’t miss it!",positive,positive,positive,positive
Metacritic,Wasteland 3,"Choices with major consequences, satisfying combat, and a boldly distinctive and humorous post-apocalyptic world make Wasteland 3 a memorable RPG.",positive,positive,positive,positive
Steam,Wasteland 3,"Have already spent 217 hours in the game. Can't say it is a master piece, but it is far better than the average.",neutral,positive,positive,positive
Steam,Wasteland 3,"Quick summary: Every year I take a vacation around the end of August/Beginning of September. This year I spent 70+ hours of that vacation playing Wasteland 3. I consider this time well spent.

The following is from the perspective of a 40+ gamer.

Pros:
+The game has an engaging story and branching choices which encourage replay for different endings. 
+The difficulty settings are well tuned to allow for the most casual to hardcore play.
+Truly a mature story. The game does not pander to the audience nor shy away from dark and downright gruesome situations.
+There are few black and white choices. Choices have consequences, some which you may not anticipate.
+Major Tomcat.

Cons:
-Character creation and cosmetics for your squad are not as in depth as other games. At some points this game shows that it is made in Unity.
-The game could use a bit more polish. There are some bugs on all platforms, however the devs have acknowledged and are working to correct them.
-The price point is a bit higher than I would like but as a caveat it is their game and they can sell it for whatever the market will bare. 
-Dismissed, Unique, tamed animals will disappear if you leave the area. This is a nitpick but might matter to someone.
-There is no La Cucaracha horn for the Kodiak.
-The weapon modding system needs some polish, you can attach but not detach weapon mods leading to some regrettable choices.

Overall: This is a good entry point in to the mythos and playstyle of the Wasteland series and Tactical RPGs in general.

5 out of 5 bear paws",positive,positive,positive,positive
Steam,Wasteland 3,"Let me start by saying Wasteland 2 was my favorite game since Dragon Age: Origins.  So I've been waiting for this game patiently.  Two and a half days after release and I've put in 33 hours so far, which for someone who doesn't game as much as he used to, should speak volumes for how much I've enjoyed it so far.   

I'll list the pros and cons as of this time.

Pros:
Voice acting is great.  The characters are very unique, and their pauses and mannerisms really immerse me.  It's one of the few games that I actually listen to their whole dialog instead of reading it while they speak and clicking through it.

Twisted post-apoc events are disturbingly brutal, which really sets the mood for this chaotic world.

The morally grey plot decisions leave me with the decision to run the Rangers how I feel, and I think this increases the replayability as I'm tempted to play it again and roleplay a completely different set of morals.  I also second guess each decision I make, and wonder if I made the right choice.  You have to base your decisions off the gossip of others, and at the early stages of the game, it's impossible to know who is telling the truth.  That is, there's no clear good and evil.  Everyone seems corrupt on some level, leaving you the decision of who to support and who to condemn.

Combat is similar to Wasteland 2, and it is fun and engaging if you enjoy turn based tactical combat.

The different factions and their belief systems are great.  It's hard to elaborate without spoilers.  [spoiler]God-President Ronald Reagan had me in stitches[/spoiler]

The music during key combat sequences is different from other games in the genre, and it really seems to work. 


Cons:
The load times are very long between zones.

There are some bugs I've encountered.  One quest in the warrens seemingly is not able to be complete in my game.  [spoiler]Quarex's Hellacious Journey[/spoiler]

I've seen enemies throw heal darts through walls into other rooms.
Several times I've hit ""No"" to travel to a new zone and it takes me there anyway, forcing me to endure two lengthy load times.
The movement grid for AP is not always true.  I've moved into blue squares, only to be too low on AP to perform an attack.  I've since learned to count the AP and not rely on the color coding.

Inventory sorting could be improved.  Why is there no tab for utility items?  A checkbox for usable items would be nice too, rather than seeing all my armor and weapons for each character.  
Compare item only compares to the main weapon, and not the secondary, which just makes me swap weapons to compare each one.

If any of my comments are due to my incompetence and not game flaws, please leave a comment and correct me.
I definitely recommend this game if you enjoyed the last one.",positive,positive,positive,positive
Steam,Wasteland 3,"Wasteland 3 is a Role Playing Game featuring turn based combat, where the player controls a party of characters known as the Desert Rangers, who have travelled to Colorado’s snowy wasteland on a mission to secure aid for their home in Arizona.

[h1]Gameplay[/h1]

If you’ve played the previous Wasteland, or other turn based games similar to Xcom, the combat will feel immediately familiar. The battlefield is divided into a square grid, and your characters have action points to spend on moving, attacking, using healing items and grenades, or going on overwatch. Some unused action points can be carried forward to the next turn if you want to move further or get an extra attack.

As you hover the cursor over each square, the UI shows clearly which enemies will be in line of sight, and the hit chance percentage with the currently equipped weapon, before you commit to moving to that position. You can also see which objects will provide half or full cover, to protect your characters from enemy attacks.

There are lots of weapon types, including assault rifle, SMG, pistol, shotgun, sniper rifle, rocket launcher, flamethrower, blunt and bladed melee weapons. Many weapons have energy variants which do extra damage to robot enemies and turrets. Some might apply status effects such as bleed, stun or poison.

Successful attacks charge up a meter which allows you to perform a special attack. This is almost guaranteed to hit and lets you target a specific body part, which has a chance of a special effect such as destroying the enemy’s armour, confusing a turret causing it to attack your enemies, or hitting a weak point (for example a flamethrower tank) for an instant kill. This can work on bosses too – I was able to one shot a massive Waste Worm Queen which had over 4000 HP.

Your party will include six characters. Two can be created and customised at the start of the game, you can recruit Rangers from your base who don’t have any dialogue or quests, and there are a few traditional NPCs who do have their own personalities and are connected to the various factions which are important to the story.

You can also be joined by followers who aren’t directly under your control, but they’ll assist you during combat. I found a cat wearing a cowboy hat who scratches enemies, a dude with a handgun, and a disco robot who shoots healing darts at my guys.

During some outdoor battles against lots of enemies, you’ll be able to use your squad’s vehicle to even the odds. You can find or buy upgrades for the vehicle’s weapon and armour. I found a cannon that fires a multicoloured stream of lasers while playing a few notes of the American national anthem.

Combat starts tough, in particular I struggled in early fights where some enemies can charge long distances and explode on the same turn, potentially knocking out multiple friendlies. But it gets easier as you level up, find better weapons and armour, and acquire special perks such as attacking twice with a melee weapon triggers a bonus third attack, move several squares with an SMG and get a free attack, and getting a kill with an assault rifle restores some action points.

Non combat skills can unlock extra dialogue options and alternate routes through the level by allowing you to hack computers, pick locks, disarm traps, and repair or disable machines. 

[h1]Story[/h1]

The story is well written and the voice acting is mostly good. It takes place after the events of Wasteland 2, but its a new story so you don’t need to have played the previous game to understand what is happening. (although Wasteland 2 is a really good game which I still recommend playing).

There are lots of factions, from civilians and law enforcement, to killer clowns, a cult who worship a former American president as a god, cannibal cowboys, and a sentient AI. Some quests let you choose to support different factions, and as there are almost no obvious “good guys”, it can be tough to decide who to work with as you try to complete the mission. The main quest has multiple endings depending on your choices.

[h1]Technical[/h1]

Even though the game originally released 4 months ago and has received several patches, I’ve still noticed quite a few bugs. The worst bugs were related to two side quests. On both occasions I needed to kill some bandits/animals to protect friendly NPCs, but after the fight the NPCs’ dialogue wouldn’t recognise that I’d done it, so I couldn’t complete the quest. Fortunately I had recent saves that I could reload and try again without losing much progress.

The other bugs are relatively minor. Sometimes when I move a character, their legs animation doesn’t play properly so they just slide across the ground. In my base, the fog of war conceals NPC character models, but their weapons are still visible floating in mid air. And one time the camera zoomed extremely close to the ground and wouldn’t zoom out. I saved and reloaded, and this reset the camera to the normal distance.

It took me 43 hours to complete the main story and every side quest that I found along the way. Combat music is great, including the songs which play during some important battles.

[h1]Recommendation[/h1]

Wasteland 3 is a great game, and its a must buy if you like RPGs and turn based combat. The price is fine for the amount of content, you might want to wait for a couple more patches, although those bugs didn’t really spoil my enjoyment of the game. If you do play now, remember to save often on multiple save files just in case.",positive,positive,positive,positive
Steam,Wasteland 3,"7/10
Its gruesome, its gory, its morally ambiguous, and its fun. If you know you like this genre, you can't go wrong with this game; however I would not try to introduce a new player to this genre with this game.

Overall, I thought this game was enjoyable. The story provides the player with difficult moral choices and clear immediate consequences to their actions. You begin the game as a squad of Arizona Rangers travelling to Colorado to help The Patriarch, its ruler, secure his territory in exchange for vital supplies for the rangers back home. Immediately the game starts off really strong with the combat and the story, even featuring original music for a very cinematic fight, and subtly introduces you to the idea that your choices have immediate and devastating consequences. It quickly becomes apparent however, that a lot of these choices are locked behind persuasion and intimidation skill levels. This means that if you are not leveling your characters a specific way, you are funneled into the more undesirable choices and forced into combat. I understand that this is used to add value to these skills, but tying major plot points into your characters skills without the option to respec your characters punishes sub-optimal builds by forcing the player into a set story path. Another issue with being locked into your character choices is that you are required to use a majority (4 out of 6) non-player created characters in your party. Because of this, you have to gather new companions as you travel. These companions however have their own preset skills which can seriously mess up you party's skill levels if you do not build specifically for these characters. All in all, the story is interesting and does allow for moral considerations, however being railroaded into optimal skill distribution really hampers the players freedom. A quick note on side missions: except for a few noteworthy exceptions, a majority of the side missions are fetch quests. These noteworthy missions however do allow for some interesting changes to the game world, and really add to the overall experience.

To balance out the negatives, I have to say that overall I enjoyed the story and struggled to decide which path to take. This game truly shines in its factions and its locations. From cannibalistic clowns to a faction worshiping god president Reagan, this game takes its fallout style apocalypse and brings its craziness up to 11. There is really nothing else like it.

As for combat, there are aspects which are far from perfect. Combat is where 90% of the bugs happen. For example, multiple times throughout the game the enemies turn would not end and I would have to restart my game which cost me all of my progress in that fight if not more, because you cannot save mid fight. Another combat issue is that the terrain hazards, for example burning oil or the radiation cloud from a nuke, did not show which squares it covered, so it was extremely easy to move your units into unnecessary harm. This issue combined with the terrible pathing led to serious issues within the combat. Another issue with the combat is that every character preforms actions at the same time. If you accidentally start combat (because the sneaking is straight up impossible) the entire enemy force gets to take free shots at your team. This usually results in a unwinnable fight, and I had to reload saves many times because my squad got nearly wiped in the first turn because of a misstep with the god awful pathing.

As for the positives of combat, it did have its moments. There are lots of weapon choices and some interesting perks characters can take to specialize their weapon options, and there is usually a way around combat (or at least to give yourself an advantage) if you have the necessary skills. This allows the player to customize their party to use specific types of weapons (for example level up automatic weapons and take perks for submachine guns) and lets each character have a niche. There are lots of difficult combat scenarios that require strategy, and near impossible fights if you decide to wage war on a faction. Loot is also picked up all at once, so there is no need to scour the battlefield for each body. If you can make it past the bugs, this combat is engaging, challenging, and seriously fun.

The graphics are good, especially for an isometric game. There were a couple minor issues for me, such as status effects (like burning ground) not showing up properly and the camera being a little bit difficult to work with in smaller rooms. Overall, the graphics were good and helped to bring the crazy wasteland atmosphere to life

Overall, I think this is a good game for fans isometric RPGS or turn based combat games. Its not the best, this game does not hold a candle to Divinity Original Sin 2, but it is still good in its own right. It also features 2 player co-op, which is a nice addition to this kind of game. I did not try it, so I cannot comment on how well it works, but I have a sneaking suspicion that is has its fair share of bugs. If you are looking for a coop game like this to introduce someone to turn based combat or isometric RPGS I would highly recomend DOS 2 instead of this game, however if you know this is your thing then I say go for it.
",positive,positive,positive,positive
Steam,Wasteland 3,"The writing, gameplay, interactions, attention to detail, music...

Everything about it is incredible.",positive,positive,positive,positive
Steam,Wasteland 3,"Really nice turnbased strategy game with squad management and base management.  Great actionpoints-based fights with quick-slots for healing items or grenades or some other, oftentimes weird and funny stuff. 
The characters are well fleshed out and the voice acting is good.  Story is engaging enough and the locations well done.  Personally I would have liked a more accessible fast travelling option instead of having to find the right exit to go places.  Also I was in a fight where the enemy shots should have been blocked by a  wall but hit me anyway, as if the goons were shooting around corners. (happened when taking down Brygo) 
I am really enjoying the game and would definitely recommend it.",positive,positive,positive,positive
Steam,Wasteland 3,"It only took me 28 minutes to understand this game is not for me. It is one of the most addictive games I have played and it could ruin my college career.

Having said that, I will give it a chance to prove me wrong. 200 hours should do it.",positive,positive,positive,positive
Reddit,Wasteland 3,Not a single crash on my Asus g703 gaming laptop at Max settings.  Great game,positive,positive,positive,positive
Reddit,Wasteland 3,"Just finished my first playthrough. Love the game but it seems so short. So after Satoshi rewards me with this beautiful and epic reward, i can only use it in two fights before the game ends? Am I missing something?",positive,positive,positive,positive
Reddit,Wasteland 3,"I had put 20+ hours into the game, then took a break one night and watched the 'Tread' documentary on Netflix, then resumed playing and start noticing some stuff-

1. the killdozer, obviously

2. game is set in Colorado, and surrounding Granby CO (where the killdozer event occurred) is the Arapaho national forest (which is part of the very first mission choice u get)


now I can't wait to playthru a 2nd time to see what other references are in the game, I gotta beleive there's references to marv heemeyer and Cody docheff somewhere in there",positive,positive,positive,positive
Reddit,Wasteland 3,"I came across this game the other day based off of a recommendation from a friend and I'm absolutely loving it so far. I never would've known about it otherwise. 

The dialogue choices and branching paths are awesome, along with the overall atmosphere. I'm not very far into it, (just wrapping up little Vegas) but I'm really enjoying it so far.

The humour is something else too, so funny and unpredictable.

I just wish the map was easier to navigate and you had the option of zooming in closer to the game like Divinity 2. Aside from those minor issues, I'm really enjoying it.",positive,positive,positive,positive
Reddit,Wasteland 3,"Fallout themed Divinity is exactly how I would describe this game too.

I've been playing it on the Xbox Series X and no crashes so far",positive,neutral,positive,positive
Reddit,Wasteland 3,"I currently have 41 hours into the game, under the second highest difficulty and I am having a blast! One part of me wishes these kinds of games were more popular. But another part of me likes that these types of games aren't the mainstream, as they would be littered with microtransactions, and all the other nonesense that the gaming industry has now. I'm really looking forward to upgrading my PC and starting Baldur's Gate 3 when's it's fully done!",positive,neutral,positive,positive
Reddit,Wasteland 3,Yeah it is an awesome game. I would strongly recommend saving very often though,positive,positive,positive,positive
Steam,Sea of Thieves,"Low FOV causes motion sickness, Dev's won't add a slider because:
""would ruin the design aesthetic of the game""
""anything beyond that looks distorted and broken""",negative,negative,negative,negative
Steam,Sea of Thieves,this game makes me want to kill innocent orphans,negative,negative,negative,negative
Steam,Sea of Thieves,friggin crashes dude handed me a friggin packet ngiga,negative,negative,negative,negative
Steam,Sea of Thieves,"To many sign in issues every time I try to play. Do not buy this on steam, you'll never get signed in",negative,negative,negative,negative
Steam,Sea of Thieves,"Even though I bought the game a long time ago, played it for a long time, and purchased in-game content, the game banned me for no reason. When I contacted the support team, they said they did not remove the ban. I think I got banned for using DNS. This means a company that does not respect its own players is a truly shameful situation.",negative,negative,negative,negative
Steam,Sea of Thieves,The only thing is it can get REALLY laggy,neutral,negative,negative,negative
Steam,Sea of Thieves,"I can't even start the game without getting spammed this Cyanbeard notification, my internet is good so it's not the one to blame. -100/10",negative,negative,negative,negative
Steam,Sea of Thieves,Fuck megs,neutral,negative,negative,negative
Steam,Sea of Thieves,"Got 4 cheaters in a row, the game is making it harder for legit players to play and easier for the cheaters. They don't care about their game no matter how hard they try to make it seem like they do. Rare sucks and there are some real losers out there. Also I have 1800 hours, swapped over to steam not too long ago, all I'm saying is this game is really starting to suck.",negative,negative,negative,negative
Steam,Sea of Thieves,"Howdy there player, have you ever seen the ocean? like, actually seen it? Not just in pictures or whatever, but seen it? Because if you have, maybe you’d understand that a game about pirates and treasure and dogs should probably, feel like the ocean? But no, instead, you gave us this thing. And by “thing,” I mean ts.

Arr, let me put it simple, matey: yer game be like a pirate ship with no booty. Aye, it looks mighty fine from far, but once ye board, ye be stuck just looking at the waves, thinkin why the heckler ye even bothered. And don’t even be gettin me started on ts so called content  updates. Oh, ye added a shiny new hat? Well, blow me down, that’s exactly what I was lookin’ for after sailin half the blooming map, only to dig up a booty locker that’s worth less than the time I wasted gettin it. pmo, honestly.

And the combat? Oh, the combat. It’s like you took two drunk dungeonborne goblins swinging wooden clubs at each other and said, “Yeah, that’s it. That’s the vibe we’re going for.” The sword fights are booty cheeks, the guns feel like they’re booty cheeks, and don’t even get me started on the booty cheeks. That thing is less scary than my grandma after her third glass of booty cheeks.

But hey, at least the game looks pretty, right? Sure, if you ignore the fact that it honestly doesnt . And don’t even get me started on the quote on quote progression quote system. Oh, you want a new ship think chamber? Better grind for 42 hours just to get a slightly different shade of brown for your sails. Whoop de friggin do do.

All balls on the table, Sea of These is like a sailors life, but without any of the fun parts. No davey jones locker, no adventure, just a whole lot of sailing in triangels and wondering why you’re still playing. If I were to rate this game on a scale of 1 to 10, I’d give it a solid ts out of 10. And by ts, I mean this sucks.

Trash.",negative,negative,negative,negative
Steam,Sea of Thieves,"Garbage game,",negative,negative,negative,negative
Steam,Sea of Thieves,"Tried the game after a few months and experienced hackers and a crashing server in the first evening, the game itself is fun but the technical aspect of it is atrocious for the moment, would recommend waiting for some bug fixes.",negative,negative,negative,negative
Metacritic,Sea of Thieves,"Sea of Thieves really shines in co-op, but offers too little content for the price.",negative,negative,negative,negative
Metacritic,Sea of Thieves,"Jack of many trades, master of none.  Sea of Thieves has a beautiful, wide ocean to explore.  It's too bad that it feels about as deep as a puddle.",negative,negative,negative,negative
Metacritic,Sea of Thieves,"Very nice concept, graphics are amazing, smart ai characters BUT I think they missed the whole point ****: making it fun. There is no objective in the game, and if you face opponents older than a five year old (pretty rare) than the whole battle depends on who lands the first shot. Awfully tragic combat mechanics. And that's the best part! Apart from the mid tall tales (with no reward) the game is SOOO BORING likethe first 5 hours is pretty fun but the events are really repetitive. Toxic community, boring and pointless gameplay, it's just simply bad. Also the price is outrageous, I don't understand how can they ask for more than 5€ for this ****",negative,negative,negative,negative
Metacritic,Sea of Thieves,"After 4 years of playing this game, it gets **** and **** every year.  The basic problem is that the game and its community have become more and more toxic. First, the game has too much repetitive quests in my opinion, the game tries through regular updates new quests and OPW tasks. But that's where the second problem starts - you can't play these great new content updates because 90% of the other players are constantly salting your soup. And a Constantly attack one and mostly sink your ship. The developers also do nothing against this constant killing of the worse players that you could simply cure via matchmaking. But no Rare and Microsoft supports the PvP player by getting money for the sunk ships.
So if you want to experience a cool epic pirate adventure, don't buy sea of thieves but rather a good game that is not so bad.",negative,negative,negative,negative
Metacritic,Sea of Thieves,"Forced PVP ruins the game.  Also, this game gives ppl an excuse to be As****es online, as if online players needed an incentive.  I know, people are going to say if you care about PvE, don't play.  Well, the truth is that this game is mostly PVE, if you look how it's set up.  The grinding for factions, the money grind, the story quests.  All of that is smoke and mirrors to coax PvE focused players out onto the ocean so PvP focused players can kill them, steal their stuff and feel like big bad pirates.  Then when the player they end up robbing complains, they can blame the game for their actions, they can blame the player they just killed, they can blame the developers or anyone else they can think of other than themselves.

They should have made the game fun and friendly to everyone instead of making it favor PvP focused players while intentionally disadvantaging PvE focused players.  For all the people that are going to tell me this is a PvP game, like I mentioned already, there's a lot of PvE content for a PvP focused game.  Arena is PvP, Open is a ganker's paradise.  It's anarchy.  If you're good at PvP and you have a crew of 4+, then it's open season to roam around and kill people at your leisure, for everyone else it's a nightmare of constantly looking over your shoulder, losing your progress and putting up with griefers.  Imagine if GTA had no passive mode and you had to do all of the missions in the public lobby where you could have some one roll up and kill you at any time.  That's what this game is like except it will usually be 2-4 people on a ship instead of one guy in a vehicle.",negative,negative,negative,negative
Metacritic,Sea of Thieves,"The bad thing of this game is the people... the users of the game, they are like trolls and the trophys are stupid the things you need to do to obtain.",negative,negative,negative,negative
Metacritic,Sea of Thieves,"This is easily the worst game I have played this generation. This isn't even a $60 AAA game, it's a mobile game. The graphics are bad, the physics are beyond horrible. The missions are so boring and repetitive, and it has no enemy variety. There is hardly any attention to detail you would expect in a full price game. This game lacks so much content. Barely any customization and weapons. This game has no singleplayer campaign. Charging $60 for a game without a campaign is a scam.

This game is online only. So once the developers decide to switch off the servers, this game will end up in the trash can. You can get this game for less than $40 now, but I can't even recommend this game for $1. This should be a free-to-play game.",negative,negative,negative,negative
Metacritic,Sea of Thieves,Stupid and bad game that only Xbox can apprecaite due to the lack of exclusives they have.,negative,negative,negative,negative
Reddit,Sea of Thieves,"Negative. I only have it on gamer pass and it stutters like crazy.
Will try a full reinstall I guess.",negative,negative,negative,negative
Reddit,Sea of Thieves,"Dove to a HC Fortress Raid, did a 1-spot fishing map.  Sold those, dove to a 2-spot fishing map and got the ol' infinite underwater loading bug. Canceled the voyage and never resurfaced.",negative,negative,negative,negative
Reddit,Sea of Thieves,Just got a massive haul of loot that I worked hours for and then the server lagged out and wouldn’t let me rejoin. Fuck this game and fuck you Rare/Microsoft.,negative,negative,negative,negative
Reddit,Sea of Thieves,"After a crewmate sold a treasure storage chest containing 3 items (Fire Meg pristine tooth and 2 other teeth) at Port Merrick and the ship immediately started to spin.  My crewmate was frozen, I couldn’t interact with vendors, and after about 6 seconds we were both kicked with an Almondbeard error.

Attempts to rejoin (all sell out loot!) for the next 20 mins failed with the Marblebeard error.",negative,neutral,negative,negative
Reddit,Sea of Thieves,I cannot buy the Hunters Call Emissery flag. I am lvl 19 but if I click on the emissery option at the company shop it’s just loading infinitely.,negative,neutral,negative,negative
Reddit,Sea of Thieves,"I was on cannons and got teleported into the water as soon as I started fighting someone and getting the upper hand.

This was an old bug that has returned.",negative,neutral,negative,negative
Reddit,Sea of Thieves,Shrine treasure issues. Putting treasure down in puddles(or under water not the sea) seems to make loot disappear completely.,negative,neutral,negative,negative
Reddit,Sea of Thieves,Unlocked ship titles and banners for captained ship(s) are not appearing as unlocked items in the customization chest by the shipwright. Despite having the same or higher level on said ship.,negative,neutral,negative,negative
Reddit,Sea of Thieves,"Killed the event Redmaw, it didn't drop any loot and instead a regular meg spawned and that dropped regular meg loot? All that effort for no redmaw loot is a bit disappointing",negative,negative,negative,negative
Reddit,Sea of Thieves,"I cannot do any tall tales. Since the update, they all crash within a minute or two and take you back to an outpost.

Video drivers are also crashing every 30 minutes to 1 hour since the update. I've updated drivers etc, no luck. Pretty damn frustrating after I already spent countless hours fixing this issue in season 14.

The game is bordering on unplayable for me since the update.",negative,negative,negative,negative
Reddit,Sea of Thieves,The corral meg just does not drop loot,negative,negative,negative,negative
Reddit,Sea of Thieves,"did a coral meg by plunder valley, no loot spawned lol",negative,neutral,negative,negative
Reddit,Sea of Thieves,"I got ""marblebeard"" error when disconnecting from my session, couldn't reconnect, reset my internet, checked if the internet is working properly and tried to reconnect again numerous times and kept getting the same error. Gave up, tried starting a new session and it worked instantly. So annoying.
(There goes my stolen reaper 5 loot as a solo😐)",negative,negative,negative,negative
Steam,Fallout 76,"I had black screen cus game wont play unless I make my monitor work in 60Hz.
Also I could not make account.
So yeah I did not even play the game.",negative,neutral,negative,negative
Steam,Fallout 76,"I have no idea why GamersTM ruined this game's launch. Its literally identical at all the other first person Fallout games in terms of gameplay, just MMO style. 24 player limit per server, and the map is the size of 4 to 5 states, covering the entire midwest. You can also travel to Pittsburg and Atlantic City",negative,negative,negative,negative
Steam,Fallout 76,"i love getting beat up by green oozy nutsack monsters
",negative,negative,negative,negative
Steam,Fallout 76,"Quality of life on this game is poor. Unable to change keybinds from certain functions without changing 3 or more of them, or if you attempt to change one keybind it may instead randomly bind itself somewhere else. Character creation isn't as easy either, and required to ""Apply"" then to ""Accept"" all at once or you'll have to find and remake your character. This is not mouse and keyboard friendly what so ever. I was gifted this game and instantly got a headache 20 minutes from launch to fiddle with my settings... Don't Recommend at all.",negative,negative,negative,negative
Steam,Fallout 76,"It's fun until you hit the 1,200 weight stash capacity and there's nothing else you can do anymore in-game unless you pay for the subscription, mind you, for a game you already paid for. Shouldn't have expected anything else from bethesda given their same predatory tactics for carrying capacity in ESO online.",negative,negative,negative,negative
Steam,Fallout 76,this game used to run really well. but whatever they did do it is has fucked it up. 4070 super with 32 gb of ram and a i7processor only gets me 28 fps. like really ? 3 months ago it ran at 100 plus and the only thing thats changed is they updated the game do better.,negative,negative,negative,negative
Steam,Fallout 76,"Game has been on PC for 5 fucking years, and existed for even longer than that. There is absolutely no reason that this game should be as poorly optimized as it is, something simple as verifying the integrity of my files has now broken the game to where it either will freeze on launch or lose sound once I load into the game. This is absolutely fucking pathetic, even outright disgraceful.",negative,negative,negative,negative
Steam,Fallout 76,They introduce a new bug every update,negative,negative,negative,negative
Steam,Fallout 76,"Build system is terrible, being able to store your entire camp on accident, or when you move your camp it doesn't tell you that everything is being stored is BAD game design. 286hrs in this game, I'm uninstalling and not looking back because of this one design flaw. Spending an hour to build your setup only to accidentally store the main structure without a confirmation is beyond terrible.",negative,negative,negative,negative
Steam,Fallout 76,"Yeah rookie mistake buying this game, If you have played the other fallout games and enjoyed their story/gameplay don't buy this game. I loved fallout 4 even if the story was meh, but this story got me sleeping as its so boring, yes the lore is kinda interesting but if you have no choices its just better to watch lore videos on the internet about this game. Gameplay is also just fallout 4 copy and pasted but i like fallout 4 vats more so fallout 4 is way better. Also GOD THE AMOUNT OF ALMOST FORCED PAYING IS INSANE ;-;. I bought the game thinking that the fallout 1st was optional, yes it is but to store all your good equipment and loot you found you have to buy it or else you will always be throwing stuff out insanely messed up system, I would even rather prefer to buy 1,000 weight in my storage unit than pay an expensive montly subscription.",negative,negative,negative,negative
Steam,Fallout 76,"Fallout flavored cash grab, its only saving grace is being a singular coop 'fallout' experience",negative,negative,negative,negative
Steam,Fallout 76,very limited storage and ofcourse there's a monthly subscription that lets you have unlimited ammo and junk.,negative,negative,negative,negative
Steam,Fallout 76,"I really wish I could recommend this game I've had some fun but it's unbelievably greedy. I am a big fan of the Fallout series, this game has good music, a large map and some cool weapons and such; that's about all that's enjoyable about this game. 
If you really want this game you'd better factor in the cost of the subscription at least, an absurd amount of content is locked behind that, including things that would make the game actually enjoyable. A big problem is that your storage only has enough room for a few dozen weapons a minimal amount of scrap materials, consumables and ammunition(""1200 weight"" It will be full within a few hours of starting unless you're mindful).
Fallout 1st provides a scrapbox and ammo storage, because I don't like wasting money on overpriced crap I don't even know exactly what utility they provide.
You can setup camp; for a fee, thankfully for caps instead of the overpriced, undervalued 76 currency; Atoms. If you know how Fortnite operates it's like their V-bucks. Another similarity is the seasonal rewards which provide a method of acquiring Atoms but uh oh half of them require Fo 1st subscription to claim, along with at least half of all seasonal rewards, mostly cosmetic, some utility like specifically a water generator for your camp and weapons.
Things purchasable with Atoms include camp decorations, camp building pieces, recourse generators(from rare to exclusive items), basically everything that you may need or want which in any other game would be acquirable through playing the game. If that wasn't enough most everything costs >$5 worth of Atoms but yay a ""money saving"" bundle worth $20 gets you about 7 items which would be decorations like a lamp and a trash can, maybe a couple weapon paints, building pieces, if your lucky a resource generator for items you can't get from exploring, a cosmetic outfit, mostly stuff that again in a better game you'd be able to get from playing. 
If for whatever reason you're comfortable with such greedy business practices and want to suffer through, you should know this game is poorly optimized and full of bugs, from annoying glitches to missions being impossible to complete, it's just a frustrating experience. Expect to be on google a lot.
In short don't get this game unless you have too much money and like throwing it away.",negative,negative,negative,negative
Metacritic,Fallout 76,"I don't think I've ever had a game in the test that was so difficult to judge. It doesn't grip properly, but Fallout 76 makes me feel very contradictory. On the one hand, I really enjoy the game world, the exploration and all the stories told here. But I'm also someone who can get involved with this indirect way of telling stories. I can understand that for many this doesn't work without NPCs and dialogues. But I enjoy reading the different diary entries and listening to the holobands. On the other hand, the poor technical condition of the game really annoys me a lot. The poor performance despite average graphics quality is hard to understand. You can and must expect more from a modern game in 2018.",neutral,negative,negative,negative
Metacritic,Fallout 76,"The bottom line is that Fallout 76 was an experiment that was created on an outdated engine incapable of implementing the vision Bethesda has for it. This has led the game into a full blown identity crisis, as it doesn't really play well as a single-player game, sucks at PvP, with its only saving grace being its multiplayer experience, specifically with friends. Sometimes it's better to be great at one thing than good (or not so good) at many things. Promised updates in the future may eventually get the game where it needs to be, but as of today, it's not what fans wanted or expected.",neutral,negative,negative,negative
Metacritic,Fallout 76,"Fallout 76 is an underwhelming and disappointing mess, but may have the potential for greatness if Bethesda chooses to support it long-term.",negative,negative,negative,negative
Metacritic,Fallout 76,"Fallout 76’s premise may have made a lot of sense of paper, as many people love surviving with friends in a huge world, but in practice it has a lot of things that keep it from reaching greatness: From the sparse open world with too few players, to the non-engaging story, to actual clunky multiplayer, both cooperative and competitive.",negative,negative,negative,negative
Metacritic,Fallout 76,"The bare-bones plot and general lack of direction mean you must make your own fun. It's set in a largely static world that doesn't care about the choices you make, and the few times when you can impact the world may be lost to you or circumvented by others with a mere server hop. There's fun to be had if you enjoy the thought of poking around a Fallout wasteland with a friend. Otherwise, very little here feels new, and it feels like a lot of content is missing in comparison to previous games in the series.",negative,negative,negative,negative
Metacritic,Fallout 76,"Fallout 76 is a broken, unfinished and ""un-SPECIAL"" game that consists of many cut-down elements. Despite that, it can be enjoyable for players who love to explore the post-apocalyptic world and invent their own, private role-playing story. F76 looks so constrained that it should have been released as a paid DLC to Fallout 4. Shame.",negative,negative,negative,negative
Metacritic,Fallout 76,"Miracles do happen once in a while and No Man’s Sky proved that sometimes it is possible to get back on your feet even after a terrible failure. Right now though Fallout 76 is botched spectacularly on so many levels that even talking about this game is a waste of time. [01/2019, p.46]",negative,negative,negative,negative
Metacritic,Fallout 76,"Fallout 76 is a bold experiment with one of gaming’s biggest and most beloved franchises. Unfortunately the experiment seems like a failure so far. Bugs and glitches are everywhere, but worse is that the core principles of design just don’t function the way they seem like they should.",negative,negative,negative,negative
Metacritic,Fallout 76,"Fallout 76 isn’t to be compared with other Fallouts - it’s a spin-off that wants to be something new. Unfortunately, the multiplayer sandbox it tries to be is stagnant and intensely frustrating to play.",negative,negative,negative,negative
Metacritic,Fallout 76,"After the first few hours of Fallout 76, you can expect a lot of the same mission types over and over again. Playing with friends is ideal, but it cannot overcome the constant repetition. Base-building and undiscovered locations serve to be the best portions of this radioactive mess.",neutral,negative,negative,negative
Metacritic,Fallout 76,"Fallout 76 is a failed experiment. A game that, even with some good points, ultimately fails to deliver an entertaining experience due to its terrible combat system and some technical problems.",negative,negative,negative,negative
Metacritic,Fallout 76,"In an effort to do everything, Fallout 76 fails to do any of it well enough to form an identity. Its multiplayer mindset robs its quests of all the moral decisionmaking that makes the series great, and all that’s left is a buggy mess of systemic designs that never seems to work together and regularly contradicts itself.",negative,negative,negative,negative
Metacritic,Fallout 76,"Fallout 76 isn't particularly indicative of the best of the modern Fallout games, nor is it an amazing survival game given its competition. It's not the worst game in the world or anything, but it very much just exists. It merely says, ""I'm here too,"" instead of standing out. Fallout 76 in its current state is the game version of the Amphicar Model 770: it sometimes works, but it's still the worst of both worlds.",negative,negative,negative,negative
Reddit,Fallout 76,My problem is that I don't know what to replace OE with.,negative,neutral,negative,negative
Reddit,Fallout 76,"damn, did it really need a whole redownload though?",negative,negative,negative,negative
Reddit,Fallout 76,"I do not see any mention of the fixing of the paid atom shop ""Reapers Skin"" for the gatling laser. Not only has this skin been broken by the last patch as when it is applied the gatling laser defaults back to its regular skin, but the barrels also do not spin.

  
Please fix!",negative,negative,negative,negative
Reddit,Fallout 76,"Really wish they'd add some passive rad GENERATION mechanic to replace health Regen for ghouls. I doubt they would extend it to Vampires as well, but one can dream.",neutral,negative,negative,negative
Reddit,Fallout 76,"Bethesda on full damage control. Why not instead of releasing a buggy game you could have done more polishing, I understand there are deadlines that companies and managers have to meet but it gets to a point where it seems like a bunch of friends tried to make a fo multiplayer mod. ",negative,negative,negative,negative
Reddit,Fallout 76,"I’m so glad to hear someone else is having this problem. It doesn’t happen on my Xbox one with my tv, but happens all the time with my series X with my computer screen.",negative,neutral,negative,negative
Reddit,Fallout 76,"This is great and all but when will we be able to sprint while operating our auto melee weapons again? 

I understand the risks of running with chainsaws, it’s my risk to take! Why was my freedom of embracing danger taken away?",neutral,negative,negative,negative
Reddit,Fallout 76,It got boring soloing after many hours. Made me want to stop playing.,negative,negative,negative,negative
Reddit,Fallout 76,"Bug I keep encountering where it's randomly unequipping my perk cards on the PTS since this update. I can't tell what causes it, doesn't seem to happen while fast traveling or anything, just while wondering you'll get overencumbered to see that 3 points of cards are gone in most of the categories. It did seem to sync up with both the stats I have legendary special in, and ones where I have ghoul perks, tho it never unequipped the ghoul cards directly.  
  
Looking back [at footage](https://youtu.be/tWFrwbevAvk)(perk card loss happens at 0:58, you can tell when the overencumbered icon appears) it actually had a pretty weird effect where I kept concentrated fire's targeting ability, but lost the added accuracy per shot.",negative,neutral,negative,negative
Reddit,Fallout 76,Please please please add a brightness/contrast adjustment. The recent lighting changes have made it so terrible for me on xbox. I have to adjust the settings on my TV and then undo that when I quit fallout.,negative,negative,negative,negative
Reddit,Fallout 76,"why are the servers STILL under ""maintenance"" when yous have already released the update.... kinda dumb.",negative,negative,negative,negative
Reddit,Fallout 76,"Running a new char through the main nuke story line I was dismayed to find there's STILL a bug when trying to find a keycard in one of the mansions - where the indicator sends you to the ground level, then moves to the top level, you go up there, the indicator moves back to the ground level.  I don't know how new players are supposed to complete the game's original primary questline without resorting to Reddit for help on where to find that keycard.",negative,negative,negative,negative
Reddit,Fallout 76,"This was the one thing I was hoping they’d fix, I’m autistic and the lighting is driving me mad",negative,negative,negative,negative
Reddit,Fallout 76,"The scammer would just wait until you set your single item price to “0” caps and take it. The problem with the current trade menu is that there is no double confirmation like other games wit p2p trading, just the honor system. 

We both agree to trade “item x” for “item z” verbally, then Goni to the trade menu and wait for said items to be listed at zero. *somebody* has to “go first” so to speak. Scammer just waits for you, the honest person, to list it. They accept the item and *POOF* disappear",negative,negative,negative,negative
Reddit,Fallout 76,I want just more normal weapons not these gimmick weapons. No reason we haven’t gotten like a weapons “overall” lately,negative,negative,negative,negative
Steam,Total War: Rome 2,More civil disobedience in my cities than in Ferguson,negative,negative,negative,negative
Steam,Total War: Rome 2,"(Before you read)

The game runs well now. But my main issue with the game is the lack of immersion... the hurrendous dlc, the game engine itself.. the games horrid, its 3 step backwards from shogun etc, boring and streamlined, theres no depth.. . many features are still broken and irreparable, like the function of generals, or the use of siege equipment.... the fact that this game is available on Ipad is a joke in itself. 

Buy it if you're looking to see a few battles from the classical time period.. but dont expect any challenge from it, the games boring, unimmersive, broken, offensive and creative assembly are having a fuking laugh if they think making 40 quid worth of dlc for one of the most dissapointing games of all time.. is at all acceptable. They have moked not only the fans, but history itself.


I have been waiting for this game since I ever layed eyes on the first installment, back in 2004. A younger me would lay at night and dream about Rome 2 in all its glory... after my dream games announcment I quite literally jumped with joy! No words can express how excited and stimulated I was on the day of release.. I hadnt been this excited for a game since Skyrim.. unfortunatley I clicked play and instead, had an enormous peverted vanular fallas strike me between the eyes soo hard I thought not only my life had been extinguished, but the very reality we exist in, THIS GAME IS A BLOODY DISGRACE! AND THE ARSEHOLE TWO FACED MONEY GRABBING LIARS AT CA SHOULD BE ASHAMED!!!

Regardless of the initial bugs (CURRENTLY ON PATCH 7!!!), the game itself is a broken, shambolic, overpriced piece of rushed nonsense. The AI is awful, the worst its ever been, the ui has been destroyed and there is no immersion whatsoever... the campaign is dull and lifeless, with many broken features, such as pointless generals and a diplomacy system which leaves you in fits of frustration.. im not even going to start on the sea battles, lets just say I broke down and cried during one, at the fact that CA had the sheer fucking ordasity to reveal this to anyone other than children.... not to mention the fucking unbalanced and historically inaccurate depictions of just about every faction in the game.. I will for the first time ever seriously consider whether or not to buy the next installment in the series.

Sure they added a couple of nice features such as regional management and larger navies etc... But EVERYTHING ELSE is worse off...and the two things i've mentioned are buggy and in my opinion irreperable, they stripped hundreds of features from the previous games! WHY!??? where are the cutscenes? the immersion? the family trees? the music? the voice actors? the siege eqipment? AND FUCK OF TORCHES FOR EVERY UNIT!!?? RIDICULOUS! Pike units only reveal their pikes when in phalanx, units are unbalanced, slingers are too common and overpowered... the list is endless...

As for Multiplayer.... christ.. It might aswell not have it, barebones and immpossible to play coop due to loading times! In addition tactical vantage points such as hills and forested areas offer no benefit, removing almost all form of strategy from the game.. 

Ive patche it, ive modded and invested 100 hours and still havent been able to change my mind, IF YOUR READING THIS DONT BUY THE DLC !!! be content with what you have, ROME 1 is a far superior game!

FInally I HAVE HAD IT WITH THIS ENGINE! There is no unit collision! they all just awkwardly slide against one another, fucking mosh pit and then execute singular kill moves with added athletisism.. it just looks ridiculous and is totally unrealistic! Empire got away with it as it was mainly musket warfare! CREATIVE ASSEMBLY NEEDS TO START OVER!!! fighting in this period was all about fromations!! how do you think Alexander defeated Darius at Galgumea or The Romans againtss Budicca when they where outnumbered 10-1, FUCKING FORMATIONS!!!! NOT MOSH PITS!@@#@

It is blatantly clear that the folks up at CA just don't give a fuck anymore, and would much prefer screwing us all over for a quick buck, bastards.. :(

from a depressed and infuriated fan of total war since 2004... have a nice day :) DO NOT BUY THIS GAME!",negative,negative,negative,negative
Steam,Total War: Rome 2,Rome wasn't patched in a day.,negative,negative,negative,negative
Steam,Total War: Rome 2,"""mod them out or just not play"" 
- Ella",negative,negative,negative,negative
Steam,Total War: Rome 2,Not sure if I am ever buying another Total War Game after that Red Shell fiasco. Installing tracking software on your customers computers without their permission is pretty messed up. We pay your bills. You should at least have a small amount of respect for that.,negative,negative,negative,negative
Steam,Total War: Rome 2,"Highly dissapointed. Buggy, glitchy, and crashes all the time. Turn based elements are not nearly as good as original rome. As for the battles, while they do look good, they always end up in a mosh pit brawl with stratigic and tactical decisions having little weight. The sadest thing is I could write paragraph after paragraph about what is wrong with this game and only have a few good things to say. I would not reccomend buying this game in its current state.  

Edit: Yeah I have a lot of hours on record. I payed money for the game, so why would I not try to get some value out of it? Also, before the earlier patches end turn wait time lasted anywhere between 5-7 minutes on average. Lots of time was spent afk while the ai in game took its sweet time figuring out what exactly the worst possible decision it could make would be. So yeah im dissapointed, I had higher expectations for the product on release. Just because im dissapointed doesn't mean I am not gonna play a game I paid for. I stand by my reccomendation not buy this game at this time. In the future maybe, but not now.",negative,negative,negative,negative
Steam,Total War: Rome 2,"Straight to my vote: the game is ""somewhat"" playable after patch 7, not total garbage like on day 1, with some mods the score could reach a 6/6.5 (average), though some moments on campaign/battles can be rated easily as an 8: unfortunately these moments happen not so often and don't last very much.

But i'm downvoting it because the game has still SERIOUS BUGS, GAME DESIGN FLAWS, and the BEHAVIOR OF CA IS TOTALLY OFFENSIVE on its fans.

These especially make me totally pissed:


-Combat system is totally arcadish and not enjoyable: fastest battles of the franchise, magic abilities, BS flags, TORCHES, formations don't matter, blobbing, almost no ""gameplay"" unit diversity between factions.

-AI alternates moment of cleverness to totally stupid moments, especially on sieges, where sometimes the AI freezes, and, if you are the defender, you are forced to sally out, or wait the 60 minutes timer goes off (siege AI on Rome I and Med 2 was a lot better, and those AI were not the top: after 3 months from release is still not properly patched...).

-Boring and broken naval battles, alongside a horrific non-working political systems.

-Stripped down features from previous games (guard mode, family tree, fire at will for legionaries and so on).

-CA  keeps releasing BS panoramic screenshots or trailers, saying they are made with Rome II engine (they are not, they are trying to cheat more people with that BS!) instead of creating cutscenes especially designed for the game (a big lack on the game)!

-Instead of properly patching the game, they are keeping releasing DLCs over DLCs. Till now we have blood&gore, nomadic pack, greek states pack, caesar in gauls, and this doesn't stop. And that stuff needs patching too...

-Lies over lies on marketing pre release campaign; i'll mention only one aspect: performance. They said a lot of BS about how well Rome II would be considering this aspect. You can even read ""extremely scalabe experience"" here on Steam description (yeah, my ass!). They didn't release a DEMO prior to release for THE FISRT TIME IN THIS FRANCHISE: now i know precisly why the didn't make one.
 The game has seriously engine flaws: the worst are no proper multicore support, and the fact that CPU (and not GPU!) is used for some intesnsive gfx tasks, which brings to high CPU bottleneck-->low FPS, especially on melee.

-Lack of immersion elements: no connection  with generals, no family tree, almost no faction intro videos/cutscenes, boring and repetitive musics.

-Horrific UI: they have gone from the perfection of Shogun 2 to the actual crap!

And i can continue to go on, but let's stop here...


In the end: ALMOST NO CHALLENGE (sometimes the challenge turns out as frustration), NO IMMERSION, NO FUN LIKE ON PREVIOUS TITLES.

And this is really a SHAME, considering the HUGE AMOUNT OF BEAUTIFUL ASSETS made for this game, such as beautiful units and their huge variations of helms, shields armours and so on; along awesome landscapes and cities and huge number of factions.
Moreover this is double shame, considering that many aspects of the game where way way better on the old Rome I and on the previous Shogun 2. 

Why didn't they take the best parts of these 2 awesome games and combined to make a proper Rome II?",negative,negative,negative,negative
Steam,Total War: Rome 2,"Rome II has a few nice features the original Rome Total War lacked, like cavalry being able to dismount for assaults on cities ; and a battlefield AI which, after patching, is reasonably competent and doesn't throw it's generals in immediately to their deaths to try to run down a unit of skirmishers. Unfortunately it not only drops many of the most interesting, enjoyable and atmosphere enhancing features that were in the original Rome, but also implements many features in ways that destroy game-play, believability and historical accuracy. It also seems unfinished

The province system in which cities are grouped into provinces in which buildings in one city affect every city in the province held by the same faction is interesting, but the way buildings work is pretty annoying.

You can research technology, but the starting tech isn't even bronze age - you need a tech advance for battering rams and ladders.

The level of detail you can see in your settlements population, happiness/unhappiness, squalor etc is massively reduced as is info on where income and trade income comes from.

The political system and 1 year turns result in generals being recalled or dying as soon as they get any significant experience or skills. Agents don't last much longer.

The stylised icon interface is annoying and not intuitive.

The AI and pathfinding bugs in assaults on walled cities are pretty terrible even after 6 patches and one beta patch. The AI still can't pick up, put down and use ladders, rams or siege towers effectively the way it could in the original Rome Total War ten years ago or Medieval 2 Total War 7 years ago.

There are over 100 factions, but many are out of period or just made up, including client states like Carthage's two ; and they slow the AI turn down more and more as the game progresses.

Worst of all are the instant super transports. Any army can create transports to carry it by stepping off a beach, for free. They're capable of fighting in sea battles and beating any starting fleet whether in auto-calc or not by weight of numbers. 

Every faction from Scythian nomad horse archers to Spanish and African tribes goes for a sail in the Mediterranean, with nothing much to fear from enemy navies. Factions which lose all their cities also take to the sea. They then either float there till they slowly die, or hover off the coast forcing you to place armies in all your coastal cities for dozens of turns until they slowly die of attrition, or else they take cities by avoiding your land armies and acting as vikings. What? Build fleets to hunt them down you say? But you can't afford to - ships for fleets take time and money to build and require pay. Instant transports don't - and your own field armies are tied down on land preventing them from coming back by sea.

Bizarrely the game designers have decided that transports should be just a slightly inferior version of a large oared warship with the same hundreds of oarsmen and ram and sleek design as a warship. In reality in the Roman and Hellenistic period transports were usually commandeered merchant sailing ships, because they could carry enough troops, horses and food and water for them. Oared warships were good for ramming, boarding and raking the oars off of enemy ships - but all those oarsmen and the narrow hulls to make them maneuverable left them with no room to carry more than a few marines. They usually followed coastlines so they could land to get food and water for the oarsmen each day - and so they could land if there was bad weather as oared galleys were not very seaworthy. Yet  insta-super-transports somehow  fit hundreds of soldiers, horses and elephants.

Unlike in the original Rome you can fight out sea battles rather than just autocalc them. The ships and marines in sea battles look great, but the way sea battles work is pretty lamentable. Boarding is made very easy. No need to use grapples (iron hooks on ropes) to get close to an enemy ship to board it, let alone use a corvus (rotatable boarding ramp with a spike on the end to go through the enemy deck) - bumping into them is good enough. Even more ridiculously, once one ship is boarding another no other ship or marines can touch either of them.

Historically smaller galleys could outmanouvre and defeat larger ships - as at the battle of Actium. In Rome II small ships are incapable of doing much damage to larger ones, even where the large ship is a transport or some lightly built viking style ship. Historically a small oared galley with a metal plated ram could turn faster than larger ships and immobilise them by oar raking (shearing off enemy ship's oars using ram). Or they could sink them by ramming broadside and holing it below the waterline. 

Many major ancient cities such as Syracuse and Jerusalem, which the Romans had great difficulty taking by siege and assault due to their massive fortifications and inner and outer walls and citadels are in the game as unwalled villages and hamlets. This makes the game even more ridiculous and annoying for anyone who knows even the basics of the history – and makes no sense.
Total War games can’t include every settlement, so they usually include the most important, largest or most strategically significant ones. By conquering a settlement you conquered the province it was in in Rome Total War. In Rome II this is called the ‘region’ with two or more regions grouped into a province. How could the most important settlement in an entire region be a hamlet or a village? Even ignoring the pissing all over history, this makes no sense.

Giving three quarters of settlements no walls seems like it was another cheap, rush option to minimise costs and so maximise profits. Have working siege AI? Nah - just re-use the engine from Empire, Napoleon and Shogun Total War but take the walls off most cities.

Some attempt to justify this as reducing the number of ""boring"" sieges / assaults. In fact it reduces the frequency and size of field battles compared to Rome 1 or Medieval 2 Total War because in those games the player or AI required at least 1 turn and usually more to build enough siege equipment to take a town - and in that time the player or AI usually sent an army to try to break the siege - resulting in a battle with the relieving army on one side and the besieging army and garrison on the other.

In Rome II you get lots of incredibly dull and annoying assaults on the unwalled town square against some garrison militia units instead. Field battles or assaults on an actual walled town using siege equipment would be preferable.

The myriad bugs a requiring endless patching and missing features suggest it was rushed out incomplete and without even beta testing.

Rome II runs poorly and with poor graphics on many PCs and laptops unless the Graphical Enhancement Mod is used. Mistakes made in the ongoing patching process make the game currently not run with mods. Anyone thinking of buying should hold off for at least 6 months and maybe a year or two till patching is over and better mods finished",negative,negative,negative,negative
Steam,Total War: Rome 2,"You know I wouldn't have a problem with the recent ""more women generals"" patch (although its grossly historically inaccurate) if I could disable and enable this ""content"" patch at will. But you just really want to forcefeed historical revisionism to your customers. Very disrespectful and generally not a good business practice (look what happened to EA).
Not to mention that this game is still buggy and badly optimized after all these years. It seems that CA has stopped caring about making actually good games like Medieval 2 and Shogun, and now are only looking to pander to an audience that THEY ARE NEVER GOING TO ATTAIN BECAUSE THAT AUDIENCE DOESN'T CARE ABOUT HISTORICAL STRATEGY GAMES.
All this pandering comes at the cost of the established, core audience. Not to mention the whole Red Shell incident. So yeah, don't buy this game, or any CA games for that matter, until CA gets its act together and starts respecting its customers.",negative,negative,negative,negative
Steam,Total War: Rome 2,"While this game is definately playable (Though ideally when heavily modded), this is not the successor to the orginal Rome which Total War veterens wanted. It's more akin to Empire: Total War in its structure and yet more simplified. Its controversial released combined with the dumbed down approach to campaign management (the province system, general system and recruitment system) means that I would recommend any other Total War title (with the exception of possibly Empire) over this one. However the game has been patched to a level where a new player to the Total War franchise should at least consider it , however I would suggest you wait for a sale ($60 is not worth it for this game in my opinion).

On top of this, the game seems to have shed some of the aesthetic features which made the first Rome so immersive. The lack of a family (while not required) means that you feel little to no immersion to your generals. They're just ""spawn general and give him a random name"", a tool to be used worn out and thrown away. Emperor edition has not changed this other than the presence of a few historical generals in the Imperator Augustus campaign and the limited use of them as political tools to gain gravitas.

The same can be said for the politics system. While the concept is great, the exectuion leaves a player feeling likes its strapped on to the side, since there was no actual politcal positioning involved other than gathering Gravitas (The resource the game uses to increase politcal support percentage). [Edit] The Emperor edition patch has fixed this somewhat by adding a politics tab which you can use to determine your overall politcal standing in the same way the senate slider functioned in Rome 1 as well as guage the risk of a civil war. While there still isn't an organised map of senate positions (where you would be able to determine how high up your general is in the senate), it still places faction politics into a position where the player can see its benefits to the faction as well as its relevence to the game over all. In the original Rome, having a high ranking general in the senate (Consul or other high ranking positions) felt like it was of immense importance in terms of your standing with the senate. But you don't feel that connection to your generals. Its like theres supposed to be a connection to the senate but there is none to be seen apart from a rank which isn't really displayed.

The armies and recruitment system is also a step backwards. The number of armies you can field at one time has been hardcoded with a limit based on your faction's Imperium level. This severely restricts your capability to spread your forces, as they limited to working only within an army. You cannot detach a small force to bolster a garrison and you find your self forced to move an entire army in order to swap a few units between them. The recruiment is linked to these armies aswell, so you cannot have an army on the move and produce reserves at the same time. This all has a severely negative effective effect on your ability to field armies in a dynamic manner. The arguement for this change has been to stop random small ai forces jsut roaming your lands for no reason, however in my experience, the only difference is that these warbands now have a general at their head and a raiding stance icon above them.

Navies in this game are virtually useless due to uncanny strength of transport vessels. This is due to the fact that armies now automatically form a fleet of transports the moment they are ordered into the sea. Considering that a considerable portion of Roman conflict occurred around the Mediterean, this ability to magically make a transport navy appear out of thin air is a major oversight, as it renders navies pointless, as transports make equally effective fighting vessels. The ramming mechanic is messed up to the point that a light skirmisher bireme can sink a heavily loaded quintareme filled with marines in a few hits, rendering most expensive naval vessels useless.

The province system restricts your ability to build your cities by hard coding them into two presets, provincial villages and provincial capitals. Capitals can build practically any structure and have pre-built walls which cannot be improved in any manner. Villages by contrast can only build certain building types and cannot be fortified in any manner. This greatly diminshes the ability to customise your empire as it existed in the original Rome. In other Total War games, every settlement was the same preset, it could be built up, fortified and garrisioned as needed. You could created industrial or military cities where you wanted and when you wanted. This is something you simply cannot do in Rome 2. On top of this, the limited number of build slots which has haunted the last few Total War games also makes a return, limiting what you can do with the city's space.


[Edit] After 15 patches the vanilla balance of units atleast feels good enough to credit the combat in this game. Graphically stunning with only a few things to nit pick such as the inccorrect modeling of the hoplite phalanx.(use the argive grip please)[/Edit]

Rome 2 has finally become a playable experience similar in many aspects to Empire. For a new comer to the Total War series, this game would be worth a look though not at $60, however from the point of a veteren of the Total War series, this entry seems far more restrictive than previous titles and I cannot recommend this game over other Total War titles. Instead you should consider other Total War titles like Shogun 2 or the original Rome.

[Edit] After 15 patches the base game has reached a state somewhat similar to Empire. It is now a decent game and newcomers to the Total War series should have no problems with this game. Regardless because of the cost of the game (60$) combined with the misgivings I've provided above, I still will not recommend this game when the other Total War titles provide a better experience at a better price at the cost of only graphical quality.

To address the questions regarding my over 300 hours of game time, yes I've continued to play Rome 2 despite my concerns (And with several mods to boot) , however I feel that my concerns mentioned above are still legitimate.[/Edit]",negative,negative,negative,negative
Steam,Total War: Rome 2,"Sadly Creative Assembly has done it; they managed to outdo the mess that was the launch of Empire Total War. This game is flawed in so many ways that it would almost be funny if it were not so frustrating and sad. Even after seven (quite large) patches this game has gone from a total mess to a slightly smaller mess. That is the good news I guess? The A.I. is if I am honest is not up to par with that of the original Rome: Total War and that was released in 2004. There is still a massive issue with overall performance; specifically when it comes to frame rate drops on even extremely high end machines. The game itself feels as though it was made to appeal to a ""wider audience"" by this I mean it has been dumbed down extremely. The UI for example is very barren when it comes to information, the research screen is poor in choice, and the government screen is close to pointless. 

It just seems that the two steps forward Shogun 2 gave this franchise are gone and instead CA have not only taken three steps back, but have stumbled from those three steps down a massive canyon, into a river, floated miles away, and washed up in the middle of nowhere. 

The final thought from me is to just wait on this one. Wait not only for a price drop, but I would say at least a year or so till CA has managed to make this into a complete and working game.  

This was highly disappointing.
",negative,negative,negative,negative
Steam,Total War: Rome 2,"The pros and cons as I see it (compared to other TW games) based on the campaign (single and multiplayer)

EDIT: THIS REVIEW IS OF THE VANILLA GAME WITHOUT MODS. Please read the review before making critical comments, as I'm bored of having to repeat myself for people who couldn't be bothered.

Pros:
- campaign map environments are varied and atmospheric
- graphics especially in battles are beautiful
- small details such as rocks hitting walls then falling to the ground, & remaining lethal while in motion adds to the immersion
- army/navy military traditions and generals/agents traits create a satisfying long-term progression over the campaign
- The conversations and comments among soldiers during battles are amusing and add immersion

Cons:
- Naval combat and boat physics is abysmal, the worst yet by far.
- Naval AI is feeble.
- Autoresolve calculations are extremely bad, making small and uninteresting battles often compulsory to play to prevent ridiculously unrealistic outcomes.
- When autoresolving, siege equipment is invariably the heaviest casualty, even on a 98% victory I have had entire units of Heavy Onagers wiped out entirely. Cavalry often suffers disproportionaly high casualties as well.
- Diplomacy is still terrible, despite what they say about improving it: nations with 1 village demanding tens of thousands of gold for a non aggression pact when you control half the game world...
- Unable to specify amounts of money in diplomatic negotiations, instead having to select a percentage of your total treasury.
- Pikemen were the one unit which actually behaved realistically upon release, moving forward relentlessly into the enemy lines and encircling cornered enemies. That has since been ""fixed"" and they now stand gormlessly in a dead straight line, even when ""formation attack"" is unticked.
- Roman legionary units fight in the same style as barbarians, with single men constantly breaking formation to have a 1v1...
- ""Growth"" becomes worthless after about 50 turns, whereas in all previous games it continues to be beneficial.
- Desyncs in multiplayer campaigns are not uncommon, and often void the save.
- Barbarian units are far too disciplined and tightly regimented. Essentially just reskins of helenistic or roman unit columns.
- Barbarians have access to the same siege equipment as the Romans and Greeks (with the exception of the Polybolos, which barely counts as it is the most useless of all the siege units)
- Many available buildings, such as the slave trader or wine markets, are completely redundant and offer nothing that isn't easily bested by other buildings.


Overall this game has been a major let down, and I wasn't even one of the ones who was super hyped about a Rome 2! Add to all this the constant releasing of new DLC which - even if you do not buy it - downloads automatically, rendering all mods incompatible! (but remains unavailable until you pay for the handful of half-baked reskins of pre-existing units & new menu screen that it contains)


Its not all terrible. With enough modding it does become relatively enjoyable and worth investing some hours in. So as long as you are prepared to spend the time finding the right mods to address the multitudes of issues, and are willing to endure the frustration of having them periodically disabled by some new piece of unrequested DLC inviting itself into your install, then it is worth a look. Otherwise, its not a good call.


I would love to love this game, it has so much potential, but unfortunately I cannot recommend it to anyone, especially not fans of the series such as myself, as it has seriously damaged my faith in Total War.

-----------------------------------------------------------------------------------------------------

(Update 31/01/15):
Few more cons that I didn't mention first time around (the list is so long its hard to remember them all!)

- Campaign AI is idiotic regarding threats. An enemy army garrisons a town. I move an army into the region in preparation for attack. Next turn, the enemy army has gone and the town is completely undefended. Bad AI and an opportunity for a fun siege battle ruined.

- I have never seen campaign AI recruit the top tier units for Roman or Hellenistic factions. Even 250+ turns into the game I'm fighting against armies of militia hoplites + slingers.

- Amphibious battles: AI frequently leaves one or two ships out at sea, so after killing their land forces the only way to ""win"" is to sit there on fast forward for the next 20 minutes while the clock ticks down. 
(NB: If you have selected ""Unlimited"" battle time, this situation can not be won, you must quit battle and be given a defeat, or reload and autoresolve. Yup, one ship containing 10 levy freemen can defeat your force of 1000+ elite troops just by sitting at sea, doing nothing!)

- ""Fast forward"" in battles increases game speed by about 3%....

- Pathing for siege engines and siege-equipped ships is terrible. Instructions to shoot at targets within range often just results in the engine walking/sailing slowly towards the target, not shooting at it.

- ""Fire at will"" often results in many friendly casualties, as they will simply attack the nearest target regardless of its proximity to friendly units. Shogun 2 was intelligent about this and did not have this problem. Rome 2 seems to have gone backwards here...

- Cavalry frequently ignore orders to disengage from melee. Often the same order needs to be given 3-5 times before they actually attempt to escape the melee.

- Cavalry frequently ignore orders to attack. If the enemy unit begins to run from the fight, your units will make no attempt to pursue or re-engage them. This means MASSIVE micro-management of cavalry units when fighting against skirmisher or archer cavalry, as each individual unit needs to be re-instructed to attack several times throughout the battle. Failure to notice this results in your unit standing still whilst the enemy cavalry sit 20 feet away murdering them with javelins and arrows.

- Ship ramming animations look like something from a cartoon. They are truly terrible. Again, Shogun 2 did this MUCH better. Heck, even Empire had better collision effects, and that game didn't even have a ramming mechanic!

- Campaign map resources are.... a nice idea. However, one region of North Africa containing little more than sand and scrub supposedly supplies timber. Playing as Macedon, I found myself importing my timber from this North African region in order to build siege engines, despite occupying around a dozen heavily forested regions in Europe, none of which apparently had any access to timber... Nice idea, but ludicrously implemented.


Keep in mind, ALL of these issues are reported from the Emperor edition. This is all after the game has supposedly been ""fixed""..! Personally, Empire TW still beats this game, even now.",negative,negative,negative,negative
Steam,Total War: Rome 2,"CA told me to ""not play"" their games. So I will never buy another CA game in the future.",negative,negative,negative,negative
Steam,Total War: Rome 2,"My daughter asked me - ""Daddy, why there are no giraffes in this game? "", and what I am supposed to answer her CA? That during that period there were small to nothing battle giraffes? Are you nuts? I demand battle giraffes for my woke kid!",negative,negative,negative,negative
Steam,Total War: Rome 2,"huge step back for the total war saga. bad ai, optimization and a gameplay with a lot of new mechanics totally broken, while the ones that we loved from the previous titles have been removed. CA tried to change too much in little time, we obtained half game for full price",negative,negative,negative,negative
Steam,Total War: Rome 2,"The AI is abysmal.  I can defend a city with only 300 against 4000 all because the AI decides it wants to use a gate all the way across the city instead of climbing the walls or storming the gate in front of it.  The current political intrigue seems useless and I try to ignore it now.  Lastly the auto resolve feature, common to all Total War games, is incorrect in almost all regards.  You can have such a superior army and it still have you in the red.  Fight it out and you only lose a fraction of your units, 10 out of 10 times this occurs.",negative,negative,negative,negative
Steam,Total War: Rome 2,"Ever since high school, I have been obsessed with the Greek and Roman civilizations. Any of my friends IRL or the Internets can attest to this. If there is ever an occasion to indulge my passion for Greco-Roman history, I take it--be it the guilty pleasure of Starz Spartacus, watching HBO's Rome or Gladiator for the tenth time, or reinstalling Rome: Total War. 

Most assuredly, Rome II is not Rome: Total War. In fact, its creators (perhaps conscious of how diametric these two games are), renamed it Total War: Rome II, conceding that it is no Sequel to the game which stirred my imagination all those years ago. All that Rome II is--and can claim to be--is a Trojan horse: a transparent, misshapen, Classically themed ""gift"" that bears all the faults of the Empire: Total War engine, aka Warscape. 

Coupled with its technological limitations, Rome II is the victim of greed and cowardice: it was released in September, 2013, prematurely, to avoid competition with the Next-Gen consoles (showing how much faith the developers had in their product), and was gutted of content in the deluded pursuit of a perfect Metacritic score. What has been left in the wake of this Creative Idiocy is the skeleton of a game in desperate need of at least TWO YEARS of patching and the support of a dedicated modding community. 

My time is not meant for Rome II, and neither is yours.",negative,negative,negative,negative
Steam,Total War: Rome 2,"I don't understand how I bought the ""Definitive edition"" of a game and still have over £90 of DLC to buy",negative,negative,negative,negative
Steam,Total War: Rome 2,"If having male historically correct units upset girls that much they can mod them out or just not play...

I do not want a game with SJW crap in it. 
It should be illegal to alter a paid for game after such a long time after release since I have no chance to refund the altered product. 
I didn't pay for SJW politics.",negative,negative,negative,negative
Steam,Total War: Rome 2,"Rome 2 was a serious disappointment. Having loyally followed the franchise since Shogun 1, the expectations for this game were huge. The marketing campaign in advance of release appeared to promise all a fan could wish for and more. 

Yet once released it soon transpired that the game had many cut or truncated features (no family tree, nerfed political system), was dummed down to an arcade style tactical battle system (magic power buttons and battles over in record time), as well as many, many AI problems and design flaws (Transport Ships, Sieges).

Despite all the patching, the core issues have not been fixed. 

Mods help, but they cannot cure the fundamental flaws.

Paid DLC and generic content DLC just added insult to injury.

This game is a victory of presentation over substance and an abject lesson to never pre-order. Wait for the game, be patient, it will be worth it when you save some bucks, get a patched release and perhaps a DLC bundle 6 months down the line. 

Although for this game, even if it were reduced in price and came with a fat DLC bundle = stay away, this is a disappointment through and through.

Boot up Rome, MTW 2 and Shogun 2, add some of the excellent Mods and enjoy some great gaming.

Rome Total War 2 was a shameful display.",negative,negative,negative,negative
Steam,Final Fantasy 14,"Great MMO with a wonderful community. Strong recommend. Only, don't buy it on Steam that's just adding another layer of complexity where something can go wrong for basically no benefit. I'm constantly having to restart my whole Steam client because the FFXIV launcher can't ""connect"" to it. And it's not like for that hassle I get anything like auto login or achievements or updates.

And, once you bought on steam, you can't unhook from Steam.

Go to Square Enix's site and buy from the source.",negative,positive,negative,negative
Steam,Final Fantasy 14,"Don't buy this game on Steam!

Get it directly through Square Enix (which regularly has it on sale unlike Steam) or another site that does not lock in future purchases to only one vendor (Steam).  The game is registered as a Steam version on the Square Enix site, and only Steam-based expansions can be registered onto that account if you buy the base game here.

The game is great, but I don't recommend buying here for the sole basis of being locked in to a single system where you cannot buy expansions elsewhere if they are on sale.

Please buy elsewhere!

Addendum:
Another reason to not buy on Steam: if you need to change countries, Square will not accept payment from a Steam store from a different country.  You'll essentially be locked out of being able to pay for a subscription.",negative,positive,negative,negative
Steam,Final Fantasy 14,"Do NOT buy this before getting to level 60 with the demo, which is free. That's ~40-80 free hours of content, which can translate to ~3 months worth of subscription time depending on how often you play. It turns out that when you do buy it, you are locked out of that ""free until level 60"". People defend this by using the semantics of it being a ""free trial"" to get around the fact that it's a noob trap. The game is solid and otherwise not so predatory from what I've seen, but it's disappointing that it essentially punishes you for buying it too soon. I do not recommend purchasing it, at least not until you've played through the entire free trial (you may have to do some research to find it, as it seems to be intentionally hidden from this page).",negative,negative,negative,negative
Steam,Final Fantasy 14,"Less to do with the game and more the steam client for it. If you have an old account do NOT purchase anything through steam. Accounts are branded permanently either windows or steam and purchases do NOT cross over/codes cannot be redeemed for the other. You will also NOT be able to login the steam version with a windows account etc and all purchases are NOT refundable for this game on steam.

The game itself is solid but I felt a proper disclaimer should be out there.",negative,positive,negative,negative
Reddit,Final Fantasy 14,"**edit:** Since most of you will not (and clearly aren't) reading this and seem to think it's about ARR's story being concluded:

**TL;DR: The writing team seems far less interested in the deep branching, underlying lore foundation as of 7.0 onward. I'm not concerned that ARR's story has ended, but rather that Dawntrail's story is already shown to be** ***structured*** **fundamentally differently than to what made FFXIV's narrative so good.**

**-------------------------**

Call me paranoid, but this is a deep sinking feeling that has only gotten stronger after 7.1.

I've acquired all of the Encylopedia Eorzea books, but these days it doesn't feel as awesome having them anymore because it's obvious that the writing team is doing as much as they can to avoid referencing it for anything in the future.

I bought them in the first place because XIV has awesome lore, but also because it was clear that a *world* was built underneath the game itself, and the lore books existed to add to these stories that weren't really able to fit into the game. The cool thing about that though is that at some point, the story elements *WOULD* be referenced in RELEVANT story content going forward.

Endwalker on the other hand was the end of the 10-year Ascian conflict...**but for some reason they made the very odd choice to remove** ***all mysticism and long-running plot threads from XIV entirely***\*\*.\*\*

* **The Primal Threat is entirely is over.**
   * Not only is Tempering curable, but the general conflict between people and beast tribes seems to have ended.
   * Anima proves that there is literally no Primal threat that can contend with us
* **The Void has, miraculously, been solved. An entire planet. In like 3 patches.**
   * We've killed the strongest Voidsent ever, meaning there is no longer a Void threat
   * Golbez is now our BFF. Zero is also our BFF.
   * Golbez and Zero are the strongest voidsent now, meaning we literally do not need to worry about anything on the 13th anymore.
* **Garlemald has been completely destroyed**
   * Eorzea no longer has an empire threat
   * ....Eorzea no longer has *any* threat, really.
* **The Twelve were not only revealed, but** ***destroyed*** **within 3 sub-patches of post-MSQ content**
   * I cannot think of a single good reason for this to have been done, other than for XIV to justify never referencing them again.
   * This is particularly bad because the Twelve were the reigning religion of Eorzea. You as a player were even meant to choose one that your character followed.
   * I get it, but this was an unnecessary removal that honestly could have been referenced and kept vague in Elpis IMO.
* **Allag plot devices have peaked. And by extension, all previous civilizations.**
   * There is nothing interesting about them anymore.
   * They will inevitably return when we visit Merycidia but they are suspiciously absent on Tural.
* **Space** **has been solved**
   * Omicrons are now pacifists
   * The Endsinger has seemingly killed most life outside of the planet, we have to wait to see if this is true or not
   * It was a cool introduction but has unfortunately killed any requirement to logically power scale villains or even keep the ""Adventurer"" shtick going in any interesting way.
   * The WoL is now just 100% expected to win and everyone knows it *and he literally doesn't even need REAL friends to do it anymore.*
   * Azem's Crystal is literally just a Dynamis Battery and dynamis is NOT held to the same logical standard as Aether is.
   * Honestly, I wouldn't even have a problem with this IF it was just the Warrior of Light and Zenos who had this benefit. But giving it to Wuk Lamat just tells me that the writing team is now using it as a crutch more than anything.
   * That crystal really should be dead by now but it's still going for some reason. It's almost like they are making it canon that XIV is a single-player game now

Here are the big ones though, that really make me feel like Modern FFXIV is deliberately trying to pull away from FFXIV's previous lore and writing habits:

* **Tural is 100% removed from Eorzea but has no real conflict whatsoever, a farcry from XIV 1.0/ARR's starting point.**
   * Everyone is mostly peaceful
   * They use rubber bullets in the Wild West
   * We're supposed to be in the Americas and it's literally less dangerous in any singular Turali place than simply walking around the outskirts of Limsa, Ul'Dah, or Gridania.
   * *I haven't seen a single prostitute. WHERE ARE ALL THE PROSTITUTES.*
   * *You're seriously telling me a new Wild West pop-up town WITH GUNS is going to HALT ITS PROGRESS to not offend a group of nomadic COW HERDERS?*
   * *What is this Saturday Morning Cartoon shit?*
* **Politics is no longer a factor in the writing at all, nor is general realistic human behavior.**
   * The majority of Tural wanted Zoraal Ja to inherit the throne, some for ideological reasons. The *polar opposite* of Zoraal Ja was elected instead. *Nobody cares.*
   * Alexandria wages war on Tural. They're defeated, but CLEARLY still exist in a dome visible right outside city limits. *Nobody cares.*
   * *Why on earth is everyone so understanding all the sudden?*
   * *What is this Satuday Morning Cartoon shit?*
* **Ascians for SOME REASON just never thought to bother touching Tural despite the entire continent existing in a power struggle prior to us getting here. I imagine half the planet would be useful assisting with the Rejoining efforts???**
   * This just makes zero sense as it doesn't even take the attention of an Unsundered to do this.
   * The Mamool Ja would have been *especially* ripe for this and you cannot tell me an Ascian didn't peak into what they were doing and notice.
* **The Final Days didn't seem to affect this entire hemisphere of Etheryis.**
   * Nobody even really talks about it.
   * Like, i get the celestial currents or whatever, but....seriously?
   * *NOBODY was afraid of this?* No talks, paranoia? Conspiracy theories?
   * It just started raining fire and people allegedly turned into body horror monsters and *nobody cares?*
* **Unlike 1.0/ARR, there is no real grand history of wars, conflict, perished/failed nations, or anything in Tural that suggests a deeper world than what we've seen.**
   * Self explanatory -- the Yuk Hoy are kind of it.
   * Alexandria kind of takes that position understandably but....
* **Alexandria is** ***also*** **surprisingly devoid of real conflict. How very convenient that all its soldiers are automata and its citizens just aren't interested.**
   * That means Zoraal Ja and Sphene could be Villains of the Week and we can not worry about it anymore.
* **The Tural Auspices (Vidrral's) are kind of worthless.**
   * The fact we killed the strongest one on the continent as a subplot to the narrative is a bit disappointing.
   * No others were even hyped up in the lore either. So until some secret one lost to history is brought up, we have no more dangerous Vidrrals to bother with.
* **Wuk Lamat and Koana are also devoid of any conflict or pushback from the narrative at large.**
   * Koana literally tried to sacrifice himself for a Cow and nobody has anything to say about it.
   * Wuk Lamat's incredibly naive worldview is almost never actually challenged in the narrative either.
   * Meanwhile, Alphinaud was completely well-meaning and competent from the start of ARR and still almost got everyone killed because, SURPRISE, some people are actually just terrible and don't care.

I could keep going, but the general idea should be visible.

Pretty much every long-running story thread from 1.0 - 6.0 has been cut in a way that honestly kind of makes them irrelevant going forward. Which was likely intentional, but it's done in a way that, to me anyway, *assumes the new writing team isn't interested in building off of it anymore.*

Which isn't surprising, because as of Endwalker, it seems like the writing team doesn't want *anything* to run on very long past its climax. I imagine this was done because Dawntrail was supposed to be a new starting point, ***and going forward they probably want to encourage the ability to buy expansions without having to have played all of FFXIV.***

But the side effect is that the game world is starting to feel quite hollow. Unlike in earlier areas of XIV, I don't really run through areas that feel like they represent anything other than empty space between locations.

Seriously, simply running from Gridania past 2 or so maps in the Black Shroud, there are so many areas and locations and landmarks that are *lore relevant,* and thus MSQ relevant, and thus *gameplay* relevant, at least back when class/job quests cared about that sort of thing. There is a *reason* the Redbellies and Courelclaws are aggro mob groups there. There is a *reason* the Sylphs exist in that hostile area. There is a *reason* there are Garlemald fates that pop up near the border.

The events of Shadowbringers took place entirely on a different shard. It makes sense it was written that way. Endwalker was one massive wrap up to years of story threads. I can also forgive it being written the way it was.

But Dawntrail has *zero* excuse to be this way, which is why i'm starting to believe the worst of it *isn't really intentional.*

Just a feeling i've had.",negative,negative,negative,negative
Reddit,Final Fantasy 14,"As some others have pointed out, Endwalker has more content than Shadowbringers when we compare them directly. The issue is that this content is almost entirely focused on solo adventures that do not require involvement that goes beyond what a dungeon roulette might provide today.

This, the community has wished it for years. 

The release of Eureka and Bozja have been met with almost overwhelming negative reaction on XIV-focused subreddits and forums. Diadem to Eureka to Bozja was there to give a type of content that gives the MMO moniker to FFXIV. This content was made because they saw World of Warcraft and Guild Wars 2 and knew they needed open world content. This is the absolute basis of a MMO before they introduced instanced content. 

But the community has pushed back heavily against it. Any form of pain point, a staple of MMO as you need to work for something to get it, is shunned and seen as a negative that needs to be excised. The entire philosophy behind trusts and duty support exists around this community philosophy: ""do not force me to be involved with people if I don't want it."". And this ultimately ended up in our situation when you have very little to do if you're not a raider whereas we had Ishgardian Restoration and Bozja in ShB.

Bozja was replaced with Criterion and Islands and PVP, but even then these are things you either do solo or can run them like dungeons unless you attempt the savage version. You can literally pretend everyone is a NPC and your experience will be the same. You cannot even run PVP as a group in matchmaking. Bozja was 2 open world content, 3 alliance raids and lost actions that were designed to work in tandem with your group to optimize damage, healing and other stuff. They made this stuff for group content and you had to opt-in in order to get it done fast enough. This is gone in Endwalker.

I've seen messages about how it's because of FF16's development or the graphical update that it's this way, but it's honestly just a cope. The solution is not ""more conten""t, because they will keep making non-repeatable, solo content even if they had an army of coders because the design philosophy is flawed to begin with. They removed the MMO out of the MMO and were praised and lavished by the kind of people who ultimately do not play the game for any extended period of time. That's all there is.

This is what FFXIV is turning into. The perfect game for people who do not want to play the game. And the community that do want social and group interactions will be fragmented across discords to be able to team up.",negative,negative,negative,negative
Reddit,Final Fantasy 14,"Patch 7.1 has been out for just over three weeks and there is just so little worth logging in for. Honestly after week one this sentiment was already settling in and I can't mince words any longer - this patch is an embarrassment for such a large portion of the userbase that isn't doing the Ultimate content.

This isn't to say that some of the content we received is bad, the FFXI raid was fantastic. But alliance raids are not the longform content to get people to log in. Just because 7.1 is an ""in between"" patch for savage raid tiers does not mean it should have nothing going on.

The Pelupelu daily quests and daily quest design as a whole is downright awful. Three quests per day that take usually five whole minutes not to mention that this is the *battle* job focused quests and 90% of these are just talk to an NPC, carry a box, interact with a sparkling point and hardly involves you doing any combat at all. This is a team that is devoid of taking any risk, any possibility to create something fresh here and instead are just copy pasting the same daily quest formula that they have been doing for nearly a decade now. I understand that people don't want daily quests to feel like a slog and I'm right there with that sentiment but the state they are in now I'm hardly interacting with combat at all in these quests, I want to actually play the job I'm on outside of the roulettes in some capacity.

We're getting Chaotic later this month and I'm sure that will be fine as well, it's new and fresh but people who aren't stepping into Ultimate or Chaotic I have to seriously wonder what it is that this game offers at this moment for logging in each day.

It's been over five months since DT launched and by the time the field expedition is actually out and playable it will be well over half a year. I think this game has a serious issue with not getting its longer form content out way sooner and I hope enough people voice their concern on it in a way that actually gets heard by the development team.",negative,negative,negative,negative
Reddit,Final Fantasy 14,"So many instances where it felt like we shouldve taken action and instead chose to just stand around and stare was frustratingly high.

WoL runs up to weird guy injured by bird. Is this gonna be like Stormblood where the plot acknowledges the player is a healer? No? Just gonna stare and wanted a closer look at the gaping wound?

Zoraal attacked Tural and is threatening the leader? Should we all dogpile him and-- Nope. He wants to 1v1 him... He came back to life after clearly losing? Okay, hes clearly pulling some bullshit. Now do we attack? Were still just gonna stand here and watch? Oh, now Gulool is dead. Good plan. (Mind you this was all BEFORE Zoraal gave his ultimatum to Wuk. There was no reason to not jump in.)

Zoraal tried to kill the hostage he let go? Okay, NOW do we finally do something? NOPE GUESS NOT. LET HIM GET AWAY AGAIN.

Zoraal dropped some weird thing? We should probably grab that, huh? No? No one is even going to mention it even thought the camera zoomed in and focused our attention on it? Oh, Sphene is grabbing the thing and slowly floating away..... Uhhhh someone grab it?? No? Again were just gonna watch and things escalated further? Ok....",negative,negative,negative,negative
Reddit,Final Fantasy 14,"Can't link the threads due to sub rules but they are from the FFO board on 5ch. You can search for

【FF14】黄金のレガシー・ネタバレ可の感想スレ【嫌なら見るな】

So far there's two threads with over 1000+ replies. Most of the feedback seems to be either lukewarm or negative, although the board itself may have a bias so take it as you will. The discontent generally centers around Wuk Lamat, tedious cutscenes/pacing and boring fetch quests. Impressions become more positive in the last two zones and there is praise for the dungeon/trial design and music. Some replies:

>What happened to the Yoshida who immediately killed Moenbryda? Please kill Wuk Lamat I'm begging you

>This feels like a marriage of ARR's errand boy questing and Stormblood's preachy moralizing

>Can't believe they made the MSQ into one really long beast tribe quest

>Finally thought we could put down our heavy baggage and adventure to our heart's content but we're stuck babysitting this cat

>Emet Selch came to this no fun place. Is he an idiot?

>Feels like they just turned Lyse into a cat

>It's like they're hiding the lack of substance by dragging out the length of the cutscenes

>Wuk is seriously empty headed. Why are we forced to support someone this inexperienced with no concrete policies?

>Aren't there too many fetch quests? It's been 4 hours and no ID (instance dungeon), when can I start fighting

>I want to play the ""game part"" already but the cutscenes to get there are too long

>Yoshida's turtle shirt referred to this, huh?

>I want to leave this succession race to someone else and vacation in the southern isles.

>Estinien is the one who got to have an adventure.

>Even when I skip the cutscenes I can correctly guess the gist of what they said, there's seriously no point in watching them

>Even if it's the starting point for the next 10 year saga did they have to go as far as copying 2.0's slog?

>Wuk Lamat is a stereotypical idealized character it's hard to relate to her, like she's the protagonist of a manga aimed at elementary schoolers

>The dialogue is too template-like, there being no suspense about the next development is a fatal mistake

>Tired of seeing so many lizards

>From start to finish it's just problems caused by low IQ lizards, maybe slaughtering all the savages wasn't such a bad idea

>Unlike japan, even the foreigners who usually give positive reviews when they are somewhat unsatisfied have 40% disapproval on Steam, isn't this bad?

>The story skippers won so hard

>Sphene was introduced 3/5 into the story it's too late to warm up to her. But Wuk Lamat was there since the start and she never grew on me so maybe that's not the problem

>The terminal shutdown portion is such blatant playtime padding

>The reception seriously hinges on whether you like Wuk Lamat, because the actual story is on the level of a shounen anime airing at 6pm

>It would've been better to go on a vacation with the Scions all wearing swimsuits

>Stop forcing me to watch an unskippable cutscene where literally nothing happens, I'll kill you

>Even if the cutscenes were reduced by half it'd be too much, the plot is seriously so thin

>At least in the sidequests when talking to NPCs, the WoL still feels like a main character. In the MSQ he's just a tag along.

>Please bring back Ishikawa... \*dies\*

>When they said Ishikawa was supervising, I bet what they really did was dogeza in front of her asking to borrow her name to salvage what they made

>The overworld msq is on the level of sidequests. Honestly we should've let the Ascians kill everyone on this continent

>When they said vacation, did they mean including to other games",negative,negative,negative,negative
Reddit,Final Fantasy 14,"Over the past few days, the early tricklings of immediate reactions to the MSQ of Dawntrail have come out, scattered across a few different forums, and raising a few different, but fairly commonly shared, objections to the narrative and its contents. 

Given that these are, indeed, initial reactions, there isn't a ton of persuasive reasoning provided for why people seem to dislike what they dislike. People point to the existence of Wuk Lamat and her likeness to Lyse, the secondary role given to the Warrior of Light (""not being the main character""), the banal narrative structure of trials and keystones, the menial tasks given to us by townspeople and the thin-wearing functional delivery of FFXIV's quest system, the slow pacing, the lack of stakes, or myriad other nitpicks and complaints that build up over the course of ones playthrough and end up posted here, to reddit.

None of these are the problem with Dawntrail's MSQ. How could they be? As many have pointed out, every apparent flaw with Dawntrail is present in other expansions. Wuk Lamat, as mentioned, is easily comparable to Lyse, as well as ARR/Heavensward Alphinaud, being a naive, sheltered, and insecure leader that needs to come to gain a more holistic perspective on the world and its people to become a more wise, effective motivator and unifier. The Warrior of Light has taken the backseat plenty of times before, taking a supporting role at numerous points in Heavensward and Stormblood. The simple structure of go to place and get key object bears likeness to the similarly simple structure of Shadowbringers and its Lightwardens. And, of course, Dawntrail would hardly be the first FFXIV expansion to feature talking to nameless townspeople and clicking on sparkly ground. These surface level objections to Dawntrail are imprecise, hardly communicate what one might find distasteful about it, and are easily dismissed out of hand for the reasons alluded to above, making criticism of the expansion fairly easy for some to ignore. Most of these positions, both for and against Dawntrail, are predicated on the *contents* of the expansion, not on their *quality*. The *what*, not the *how*.

In an old video by a Youtuber named MrBTongue on the ending of Mass Effect 3, he says that in order to understand what said ending does wrong, we have to consider what Mass Effect does right. I'm this games #1 fan and cheerleader - I've bore over my friend groups to the point of obnoxiousness in attempts to desperately get them to experience this games MSQ, and the things people frequently complain about and groan at within the game, such as Lyse, Zenos, Stormblood in general, and G'raha Tia eating burgers are things I deeply love and defend to the death. I am not a doomer that disparages this game in bad faith. I want everyone I know to experience it. I think FFXIV does a ton of things *right*. Convincing and consistent worldbuilding, thrilling action, stunning set pieces, compelling politics, intriguing themes, and fascinating mysteries. But, above all else, I think Final Fantasy XIV is a master of *character.*

## Part 1 - The Importance of Character

Character is, I believe, the single most important component of storytelling. Unlike other features of narrative, which can vary from series to series and medium to medium, character is non-negotiable. I enjoy the thoughtful episodism of Star Trek, as much as I enjoy the absurd nonsense of Baki the Grappler, as much as I enjoy the heartwarming and compelling adventures of Dungeon Meshi, as much as I enjoy *everything* about Final Fantasy XIV. What these series have in common is a **core of excellent character writing** - the ability to get us invested in the stories of unique, individuated human beings with thoughts, feelings, desires, insecurities, and obstacles that get in their way.

""Character"" is, in some way, a reductive term for what is, essentially, the *humanity of the narrative.* Characters are the perspectives on the world and what happens in it; they are what we attach ourselves to, relate to, and empathize with. As we do so, we come to love them, hate them, root for their triumphs, cheer for their defeats, and watch the dynamics between them unfold. Every ilm of our engagement with a story is predicated on two factors:

1. Caring about the people in the narrative

2. Needing to pay attention to them in order to understand them

This is what makes stories both compelling and essentially human - their ability to engage our instincts as social animals. Our desire to empathize with those we share things in common with, our need to see those opposed to us fail, our intrigue at information we don't have, and our intuition to speculate on the subtext in what people choose to say - and not say.

To get to the point: What Final Fantasy XIV's strength has always been, what makes us care about it so much and has us recommend it to so many people, and what makes every single one of its expansions so excellent as narratives - is in not just *what* characters it features, but in *how* those characters are written. We love Emet Selch because of *how* he acts: what he hides from us, and what he bears to us in moments of vulnerability. How he interacts with one character, versus how he interacts with another. How his unique personality quirks inflect on his speech, and how his character contrasts with and forms such a fascinating dynamic with the Scions. We don't love Emet Selch because he's a cool, sexy, mysterious wizard - We love Emet Selch because of *how he embodies those traits and how he acts.*

## Part 2 - Wuk Lamat

Similarly, people don't hate Wuk Lamat because she's a naive idealist who sticks to her values and her commitment to understanding others and their culture. There are many ways in which this character can be well executed - and *has* been in FFXIV. People hate Wuk Lamat because, again, of *how* she's written. 

Wuk Lamat starts the narrative as a naive, easily fooled idealist, and ends the narrative as a naive, easily fooled idealist. She repeatedly makes mistakes, gets kidnapped, is deceived, overlooks the problems of people, and struggles to understand how to solve those problems. The problem is that Wuk Lamat is never punished for those mistakes - mistakes that are *directly caused by who she is as a character*. After being too naive and trusting with the Bandit in the pot village, and subsequently getting kidnapped and held hostage, she is, again, too naive and trusting with Sphene, never asking any questions about who Sphene is, how the society of Solution 9 operates, and repeatedly suggests to just run into things headlong regardless of whether or not they could be traps.

In previous parts of the story - Including ARR - these sorts of character flaws were repeatedly punished in significant, unavoidable ways. Alphinaud's naive formation of the Crystal Braves, and Nanamo's naive attempt to immediately and drastically change the Ul'Dah government (in a way that is, in some ways, far less drastic than Wuk Lamat's executive decisions) in ARR result in the near assassination of the latter and the total betrayal of the former. Lyse attempts to motivate those around her through simple idealism to lay their lives on the line in an apparently fruitless attempt for freedom, fails horribly, with Ala Mighans suffering under Garlemald cynical and reluctant to throw themselves into a suicidal and hopeless revolution, only to learn in Doma from Hien that leadership must be *demonstrated*. That people must have more to gain than they have to lose, and that victories must be fought for and earned to demonstrate that success is possible in the first place.

As a character that fails, Wuk Lamat is not a mary sue - but simply a character that is never challenged in any way for their failures, nor is ever stimulated to grow and develop. She is presented with very few problems that cannot be solved immediately by the mere suggestion of platitudes of peace and happiness (or, if the situation is really difficult, food), and any difficulties she faces are summarily eliminated by the Scions near uncritical support for her regardless of any legitimate concerns we may have about her capacity to lead a massive, diverse continent.

This makes every struggle Wuk Lamat has feel pointless, every victory she achieves feel unearned, and every mistake she makes feel frustrating. Despite the expansion's mantras of learning more about others in order to understand them, by the end of Dawntrail, we know absolutely nothing more about Wuk Lamat than we started the expansion knowing, and as such, we can hardly understand her character at all. The effect this creates is one of utter confusion when she forms a Ryne/Gaia-esque relationship with Sphene at the end of the expansion, despite no scenes that build their relationship, demonstrate any reason for their apparent affection, or indicate any reason for Wuk Lamat to still trust Sphene (after not indicating any reasons for her to trust Sphene in the first place).

## Part 3 - Everyone Else

Now, many people have reduced their grievances of this expansion to this one character, and may read my criticisms of said character as a similar fixation on that character. I want you to understand, then, that *Wuk Lamat is not the problem.* The reason for this is because *every single character has the problems of Wuk Lamat.* Every single character is a naive, clueless fortune cookie that does nothing but move from point A to point B periodically dispensing semantically identical catchphrases about the themes of the narrative. This is a problem that the 6.x patches had with Zero and the Scions, and it's a problem that's persisted into DT. 

Just like with Zero; In the proximity of Wuk Lamat, the scions become completely identical borg-like automatons who all talk exactly the same and say exactly the same things about peace, friendship, and happiness in order to prop up their companion. The analytical statesmanship of Alphinaud; the cynical, skeptical, sarcastic common-sense of Alisae; the hard-headed, aggressive approach of Thancred; the esoteric, erudite empathy of Urianger; the reckless, insatiable intellectualism of Y'Shtola; all of the unique personalities and dispositions of the incredibly colorful cast of the Scions, and the myriad ways in which these traits informed *how* they interacted with eachother and the world around them, have been completely flattened into a single character - the Scion. The scion is kind, calm, mildly inquisitive, and likes peace. That's it. These characters now only make mild comments on trying to figure out what's going on and give word-for-word identical advice to the character they're supporting. 

Why does Alphinaud, who is extremely interested in statebuilding, social welfare, and leadership display no interest in and is totally passive towards the completely unexplored and unclarified political systems and bureaucracy of Tuliyolal?
Why is Alisae, the voice of reason and street-smarts to Alphinaud's at times naive intellectualism, so completely uncritical and trusting of Sphene and of Solution 9?
Why is Y'Shtola, who has made it her lifes work to cross the barriers between realms at all costs, so completely unfascinated by and unopinionated about the emergence of Alexandria and the discovery of the key?

I could really go on and on with this, but suffice it to say - the main problem, here, is that the current writer of the MSQ is *unable to put himself in the minds of the characters and think about what they would think and what they would do in new situations and given new information.* 

In previous expansions, I would take my time to talk to *every single character*, not just the one with the quest marker over their head, in between objectives because they would always have unique, interesting things to say about what was happening that indicated what they thought about it. In Dawntrail, this practice is completely unnecessary, as all the characters do is muse trivially about what's literally happening or say ""I love Wuk Lamat."" 

The novel world of Tural and Solution 9 both provoke an *insane* number of questions about how things work that are *never asked by anyone.* In the rare event that a scion does ask a question of a character that is obviously suspicious, they'll just unsatisfyingly hand-wave it away by saying ""I can't say, you'll just have to trust me."" If we wouldn't accept this sort of thing when it came to places like Eulmore, why on earth would we accept it when in a place like Solution 9? 

Finally, characters do not speak with any Subtext *at all.* In an expansion like Shadowbringers, Ishikawa commanded a mastery over subtext, giving us insight into what the characters thought and how they felt about things not just by what they said literally, but what they implied, chose to hide, or said with a certain tone of voice. In Dawntrail (and 6.x), everyone just literally says what they mean all the time in a completely unnatural and uncanny way. 

Subtext falls under the category of *Show Dont Tell*, which is more complicated than just whether or not dialogue is used for the purpose of exposition. A lot can be ""shown"" through the use of dialogue, such as when Emet Selch speaks wistfully about the pain of losing those dear to you before revealing the history of the Ancients. How strongly the Crystal Exarch feels about us and our heroism is so gradually implied by how he acts and the words he chooses to carefully use until he finally has a cathartic, open heart-to-heart with us that feels *earned.* In the incredibly bizarrely placed bracelet subplot in Dawntrail, Namikka just says to us ""that bracelet is really important to me and I will be sad without it."" We are not *shown* that Namikka and Wuk Lamat have a deep, familial bond - Namikka just *tells* us that they do. Unlike seeing how much Venat cares about life and her people, and being shown how gutting and brutal her sacrifice of sundering was, we are merely *told* that Sphene was a good queen that loved her people and had to undergo great sacrifice to preserve them. 

Ask yourself a very simple question: if you were to remove the names from the dialogue of Dawntrail or 6.x, would you know who is saying what? You wouldn't, and you don't, because every single character is seeing the world through the same eyes, and is having the same thoughts, and is saying the same things. Every character speaks in the same words about ""the Dome"" when it appears, despite being from completely different places and not communicating with eachother about its sudden appearance until you ask about it, about peace and happiness every time Wuk Lamat wants to impress her beliefs on people who have no reason to immediately and uncritically accept them, about the natural order of life and death when musing on and shutting off the Endless. Most tediously of all, every single character doles out the same dry exposition in completely identical ways with no consideration for character voice. There is no character voice. Every character is fungible. 

Because characters - be they Wuk Lamat, Koana, the Scions, or anyone - do not react to the things happening around them, do not ask questions about anything, do not have any strong opinions whatsoever about anything, and speak straightforwardly with no subtext: I have no reason to care about any of them, cannot relate to any of them as people, and have nothing to engage with when they're onscreen. Every single character speaks in the same voice, says the same things, and has the same ideology. As such, there is no conflict, no interpersonality, no reason to even like one character more than another. Everyone is a Scion, or will be corrected into one. 

Strangely, there is one exception to this. At the very end of the expansion, when you share a gondola ride with G'raha in Living Memory, he muses thoughtfully and somberly about the nature of life and loss in a way that *only G'raha can.*

>""Tell me, friend. Have you ever wished to be reuinted with someone who has passed away?

>I have. I do. But I think... Above all else, I wish that they had lived. If only for one more day. One more day... A joyous one, if I could choose.

>I did all that I could to make it happen. I tried everything. Spared nothing. In that manner, I was able to keep some few souls out of harm's way. But so, so many were beyond my power to save.

>What would I have done then, had I this? And you-can you imagine yourself spending eternity here, knowing no loss?""

It's a scene rich with subtext, one that says so much about who G'raha is, what kind of life he's had, what life he's lived as the Exarch, as himself; it says so much about what he values, what he believes, what he lives for. It speaks to his humanism, to his love for people and his commitment to life and adventure, to his thoughtful and empathetic way of thinking about things and how he sees the world. And it's all said in G'Raha's voice, expressed in a way that only he can. It's a scene that Ishikawa would write - maybe even one she did write. It stands out from everything else so much that I cant help but wonder. 

To go back to what I said at the start, I think what makes FFXIV special is in how it treats its characters, but that's not entirely true. What makes FFXIV special is how *Natsuko Ishikawa* treats its characters. Consistently, everything that she's wrote, whether it be job quests, patch quests, or the MSQ has been characterized by a quality antithetical to everything I've described here. Ishikawa's greatest talent is her empathy, her ability to get into the hearts and minds of her characters, and as said, think carefully about how they would think, feel, and do about the situations that arise around them. In some way, Ishikawa *is* what we love about FFXIV and its narrative. And our love of FFXIV is what gets us to raid, what gets us to buy houses, what gets us to log in. And for me, I feel her absence, and feel a great concern for the game should it continue.",negative,negative,negative,negative
Metacritic,Final Fantasy 14,"Right now, playing FFXIV is like playing with a toy stuck in a plastic bag: it can be fun for a while and you can get the general idea, but you can't appreciate the full experience. Future updates will no doubt open the bag, but for now, it's sealed frustratingly tight.",negative,neutral,negative,negative
Metacritic,Final Fantasy 14,"A shallow, slow, grind-heavy MMO crippled by a horrible interface and nonsensical player limitations.",negative,negative,negative,negative
Metacritic,Final Fantasy 14,It's a travesty to release an already mediocre game before ironing out all the kinks in its broken interface and having enough content to keep it interesting. It honestly feels like the PC version is just the beta test for next year's PS3 version.,negative,negative,negative,negative
Metacritic,Final Fantasy 14,"I was really hoping that this would be the new mmo that i really could get into but the game fights you from the very **** felts like SE has been living in a cave for the last 10 **** one thing that is great is Graphics but that doesnt make a good game.There is no AH they use a bazaars system where people put up insanely high prices, you may have to click through hundreds of bazaars and spend hours looking through them, npc markets are not **** game is soloable to max level which i dont have a problem with but there is no endgame and you get only 10 quest per 48 hours.That alone make this a game very hard to **** can just level with out the quest but the respawn rate on monster seems to be off to when theres are so many people going for the same monsters.Every action you make in this game has a 3 sec delay before you do **** you played final fantasy 11 there were at least classic classes to be played,in this game you could max all the classes and pick what ever abilys from them you want so in the end everyone will be mosty the same class set up or your not going to be picked if and when thiers **** UI is the worst ive ever **** you want to open a bag or in this case your inventory you would think just hiting I would do that but no its **** seem they want you to make macros for everything and that is just insane in the modern times of MMOs.There was also very bad lag not on the first two days but on the 3rd and 4th i couldnt even start my quests and for some reason and i almost never see anyone chatting unless they wanted to sell or buy **** for crafting is takes why to long to gather and make stuff.Lets say you want to mine some ore it goes into a mini game and thats not the problem there are mini games for fishing mining gathering herb BTW, but the problems is its take like 5 sec or more per action you can spend two hours just mining 3 or 4 times,and why doesnt the game show you what you can make this option is even in the wrost of **** have to log out then go to a site and look up what you need to make something!! REALLY!I say log out because if you try any other way the game crashes most of the **** yeah another thing about crafting is you have to do them all because they all seem to rely on each other.I could go on and on about the many problems about this game it seems very rushed.They needed about a year or two **** races are the same as final fantasy 11 and alot of final fantasy 11 problems seem to of been port to FFXIV.When 11 came out i could look over most of them but in 2010 this isnt acceptable.Everything that made FF11 great like Notorious Monsters classic class isnt **** if you think its like a prettier looking Final fantasy 11 you are **** i bring up WoW and most fans of final fantasy will ream you for this,but the maker of this game wanted to target the WoW players saying that FFXIv will target a more casual friendly audience and i would say that this game seems only geared for the hardest of core fans.Just playing the game is hard.maybe in 2 years this game will be playable but for now dont buy this let Square enix know that if you make a bad game people wont just buy for thier name on the product. PS:Ive been a FF fan since the start in 85 so please dont get on me for misspells and grammer just because your upset at my review. thank you Sorry i forgot the score in my last review 2 out of 10",negative,negative,negative,negative
Metacritic,Final Fantasy 14,"The game is an insult to the Final Fantasy fanbase. It's an abomination. Poorly conceived, poorly designed and poorly executed. The fanboys are saying that the graphics are cutting edge, and the game is challenging, that it doesn't hold your hand. Aion's graphics are superior, and the game is impossible and it won't hold anyone's interest . . . for long. Check the reaction of the Japanese gamers on ****. This could be Square-Enix's swansong. It's a Titanic fail.",negative,negative,negative,negative
Metacritic,Final Fantasy 14,"Despite the huge post launch patches, Final Fantasy XIV still lacks content and shows many flaws in game design basics. It comes as a great disappointment, which you should stick to only if you're an absolute fan of the saga.",negative,negative,negative,negative
Steam,Total War: Rome 2,"Total War: Rome II (Or just RTW2) is a game of two halves. One half is filled with potential, graphical accomplishments and a sense of community through the additions in the Workshop.

The other half is a mess of bugs, poor balance and a total lack of attachment to a campaign. Bugs on release and balance issues have been part of Total War since the days of RTW1, but not after 20 patches and certainly not with the level of game-breaking effects present even nearly a year later after I pre-ordered it.

The attachment is where it really hurts for me as a long time fan. Shogun Total War II made you feel attached to every member of your clan, they each gained skills and traits that made them feel genuinely unique. Rome Total War 1 was arguably the epitome of this though, with sprawling family trees and a real sense that you were taking a Roman family (or an enemy of Rome) through one of the greatest eras of history. Now most turns feel like a slog, destroying factions is commonplace thanks to the huge number of seperate areas, and characters all end up with similar traits (If everyone in my faction likes Romans then it's not really a very unique feeling to each person).

Siege bugs are the worst I've seen in an RTS game, missile units sometimes don't fire and melee battles sometimes just look like two blobs fighting eachother. Naval Battles, while initially absolutely awful, have been improved but still feel totally void of character or any real sense of strategy. Mods solve some of these issues, but the game appears to irrepairable without the right combination of mods that match the the patch your at. 

In short, I cannot recommend it. It's easily the worst Total War game ever made and has essentially killed any chance of me pre-ordering a Creative Assembly game again

EDIT: There have been several complaints on this review about my amount of playtime and how I should change my opinion based on it. I didn't spent £40 on a game to abandon it and just leave it with a bad review. I came back patch after patch, including the most recent Emperor Edition, not because I would tell someone to buy it but because I want to be ABLE to. Creative Assembly are a company I support, still support, but unless reviewers like myself make it very clear that this game was not an acceptable release and still isn't mistakes will be repeated in newer titles.

Complaints about my playtime will be deleted from the review.",negative,negative,negative,negative
Steam,Total War: Rome 2,Why is this game still $60 in 2022?,negative,negative,negative,negative
Reddit,Total War: Rome 2,Rome 2 launch had many many things wrong with it,negative,negative,negative,negative
Reddit,Total War: Rome 2,"Rome 2 also has a broken autoresolve, where you can bring along a doomstack of trash units and win by autoresolving everything.",negative,negative,negative,negative
Reddit,Total War: Rome 2,"Here are the Total War games I rank as better than Rome: Total War:

Medieval 1

Medieval 2

Shogun 2

Rome 2,

Attila

Age of Charlemagne

Warhammer (1, 2, and 3)

Three Kingdoms

Troy",negative,positive,negative,negative
Reddit,Total War: Rome 2,"Eh, Rome 2 is middle tier at best - and it took it 17+ patches just to get to that level",negative,negative,negative,negative
Reddit,Total War: Rome 2,"I only just started playing rome 2 a few months ago. I still prefer alot of the original game mechanics. I don't like how cities work witg buildings. Kinda stupid. Honestly other then better graphics, rome 1 is the better game.",negative,negative,negative,negative
Reddit,Total War: Rome 2,"Since Warhammer 1? Gates are broken in Rome 2 and Attila too. It originated with Rome 2 which came out 12 years ago.

This became a problem ever since that invisible wall was added to the gates that prevented attackers from entering them even while open. In Medieval 2 and Rome 1, if the gates were open then the attacker could run through, no invisible wall, no nothing, so opening the gates to stop a ram was risky. In the Rome 2-Warhammer 3 games you can use 1 defending unit to bug the gate out so that it stays open and the attacker can no longer attack it. Even artillery usually aims for the doors, so opening them means only the fraction of shots that miss and hit the gatehouse will damage it.

Imo the invisible gate wall is what caused this ongoing problem. Just remove it. Punish the defender for opening the gates by letting the attacker freely move in when they are open, as it should be. Currently the invisible wall prevents the attacker from choosing to move in when the gates are open, but the wall is buggy and units attacking the closed gate can still phase through it and get stuck inside at which point they are trapped. All the jank is connected to that invisible wall.",negative,negative,negative,negative
Reddit,Total War: Rome 2,Nobody else remembers Rome 2 and the siege of Carthage video where CA straight up lied about it being AI and not scripted?,negative,negative,negative,negative
Metacritic,Total War: Rome 2,Creative Assembly has created a game that could be the pinnacle of their great strategy franchise. Unfortunately Rome II is marred by a number of technical flaws that ruin the experience. Hopefully the game can be redeemed by future patches.,negative,negative,negative,negative
Metacritic,Total War: Rome 2,"Rome II is somewhat of a disappointment. The great battles the series
is known for are still here, but they are far too easy to master. The
series AI has always been a problem and that still remains. Instead
it’s the game outside of the battles that draws you in with the
politics and diplomacy of the Roman empire.",negative,negative,negative,negative
Metacritic,Total War: Rome 2,"A bloated, unwieldy mess. A game whose lofty ambitions are only matched by the gravity of its failures. Well, at least it is pretty. [Nov 2013, p.64]",negative,negative,negative,negative
Metacritic,Total War: Rome 2,"This reckless, half-cocked release is not just insulting to the thousands of gamers who’ll pay full price to receive an inferior product that others will buy cut-price a few months down the line when it’s finally been chopped and changed into a playable state, but detrimental and damaging to a team of developers who clearly have a real passion and love for the games they create.",negative,negative,negative,negative
Metacritic,Total War: Rome 2,"In six months time Rome 2 could be a decent game. At present, it’s in desperate need of a lengthy patching schedule to shore up the walls against a barbarian horde of troubles.",negative,negative,negative,negative
Metacritic,Total War: Rome 2,"In time, it may well become a great strategy game to stand alongside the franchise’s true classics. But for now, it’s a bloated mess, and it’s unfair for the developers and publishers to take everyone’s money and then give them a game that has so many obvious problems. Maybe Creative Assembly and SEGA will learn a lesson. Maybe Total War fans will. Unfortunately, I’m not optimistic.",negative,negative,negative,negative
Metacritic,Total War: Rome 2,"The series stays put and to add insult to injury, this installment is half-baked. Looks beautiful, plays like a chore. [Issue#234]",negative,negative,negative,negative
Metacritic,Total War: Rome 2,"If you will play literally anything featuring Total War and Rome in the same title and don't value your time, this is for you. [Nov 2013, p.80]",negative,negative,negative,negative
Metacritic,Total War: Rome 2,"I am astonished at the state of this game. Did they think that I wouldn’t notice the clumsy interface, the wretched documentation, the absolutely untenable naval combat, the weird bugs, the lock-ups, the game-killing glitches? Did they think I wouldn’t notice the AI? Did they really think this was an acceptable AI for a single-player game? A single player game with disappointing multiplayer compared to the clever multiplayer in their last release?",negative,negative,negative,negative
Metacritic,Total War: Rome 2,"Creative Assembly always finds a way to bugger up a game. In this case you cannot trade/gift regions and you cannot stop a war between an ally and a vassal. After a while, you lose interest in the game and give up.",negative,negative,negative,negative
Metacritic,Total War: Rome 2,"Absolutely disgusting release. They've fixed most of the bugs and **** later, but still, the taste of the crap on a release date is fresh as hell",negative,negative,negative,negative
Metacritic,Total War: Rome 2,"The difference in scores between users and the critics probably give it away, but this game did not deliver on its promise. instead it insulted many Total War fans.

Right from launch problems arose when the game wouldn't run, crash, be littered with bugs and glitches. And if you got passed that, you'd discover that game has nothing to offer but a broken experience. Features that had been present in Total War games like the family tree was gone, the AI was so broken that it was nearly impossible to lose.

As for graphics, it looked good in pre-released footage, but not in the actual game. Even beasty PC's didn't get the beautiful graphics that were shown, and instead had to sit and watch The Creative Assembly sell The Greek States DLC for additional money. Insulting to say the least. And, the mutiplayer is broken, because it constantly desynches or crashes.

So what's actually good about the game? Well, it does some interesting things with city building options, and gives some new naval combat that wasn't in the series on this level before. There are many factions, though probably too many to even function.

This game single handedly made sure i will never pre-order a game again, let alone try a new Total War game. It is broken till this day, and it is a bad show all together. i give this game a 4/10.",negative,negative,negative,negative
Metacritic,Total War: Rome 2,"Uninspiring installment. Total war has barely evolved over the years and the game concepts show their age, even when all the bugs are fixed.",negative,negative,negative,negative
Metacritic,Total War: Rome 2,"Невероятно разочаровывающая часть игры после которой я поставил крест на серии.. я буквально не мог узнать свою любимую серию игр. Тут само собой напрашивается ""Look how they massacred my boy""",negative,negative,negative,negative
Metacritic,Total War: Rome 2,I played medieval total war 2 and I loved it. Played it through. But this is just a joke. I really tried to understand that game. Nothing makes sence. the symbols far too small nothing is self explained. what a joke honestly. Won't buy any game of that serie anymore. Just isn't worth the time,negative,negative,negative,negative
Metacritic,Total War: Rome 2,this game is depressing compared to the first one some reasons for this include but are not limited to requiring a general to for troops now capping the number of legions you can get the controls **** I order my cavalry to run away and they decide to start walking the camera doesn't zoom out enough and it also doesn't have a tactical map and armies won't flank because they don't want to get out of formation and has done all the things that makes every total war game a grindy **** fest the remaster doesn't work for me anymore which is sad but this game is even sadder,negative,negative,negative,negative
Metacritic,Total War: Rome 2,"Worst installment of the series ever.
Worst installment of the series ever.
Worst installment of the series ever.
Worst installment of the series ever.
Worst installment of the series ever.
Worst installment of the series ever.",negative,negative,negative,negative
Metacritic,Total War: Rome 2,"Pre-ordered this game in hopes I could play it with my bro-sef come launch in some co-op fun.
We knew it would kind of **** at first, but a day-of patch would probably smooth it out.

The patch never came. Long story short the lan-party ended in hostility and misery.

This is a game that has caused so many gamers grief both emotionally and physically and deserves every gamer with a conceince and self-respect to deny these greedy f'''n publishers anymore of your money.

For shame Casual Assembly, for shame. Another hero of the gaming gods fades from its former glory into an EA abyss of bargin-bin titles that gamers scoff' at.",negative,negative,negative,negative
Metacritic,Warhammer 40k: Darktide,One should expect more from the extremely rich Warhammer 40k lore. Darktide has some good ideas but commits the ultimate sin for a game: it becomes boring due to its extreme repetitiveness.,negative,negative,negative,negative
Metacritic,Warhammer 40k: Darktide,"Game progress that is too slow, little co-op mechanics and a lack of incentives to grind are sobering.",negative,negative,negative,negative
Metacritic,Warhammer 40k: Darktide,"I just uninstalled. I got to level 28 vet and level 14 zealot. 
This game shouldn't even be allowed on the marketplace in this condition. 
  It's a simple fundamental core gameplay loop, wrapped around addiction forming timers and currencies and all the other gambling mechanics majority shareholder parent company Tencent mandated they shove into the game. 
  This game is a glorified gacha slot machine, and other than gunplay and 40k imagery and lore, it has absolutely nothing to offer fans of the series.  This is an extremely surface level experience meant to attack your fear of missing out and waste your time. 

 The devs are on vacation? Yeah. They are. All 150+ of them are spending their vacation with the bonuses they got from tricking people into buying a crap product they refuse to update, acknowledge or fix. 

Fatsharks website hasn't even had an update in 2 years, the Twitter is stagnated much the same, there is only like 5000 concurrent players online. 
   What a terrible game, and a terrible joke. 
 I really hope it was worth the money to take your own hard work and ruin it for the sake of the Almighty fast cash.
 All people wanted was an action based 40k game, and what we got was a **** machine. 
 This is why the games market is crashing, and I will not apologize for the devs of fatshark studios for being untalented.
 If this is the quality of work they provide, they may as well just shutter the doors, because the work(lack of) speaks for itself.. 
Don't waste your time unless it's given offline single player.
  I'm guessing they have no plans of future proofing, and will shut down the servers the moment the money dries up, so say goodbye to all the stuff you spent time unlocking when that happens, which it will.
 Pumped then dumped. 

TL:DR this game is a scam don't play it.",negative,negative,negative,negative
Metacritic,Warhammer 40k: Darktide,"Live service garbage with less updates than any other ""live service"" title ever. Last year added a total of 3! rehashed ""maps"" (they call running an old map where you walk in the reverse direciton a new map - IM NOT JOKING! THATS ACTUALLY HOW IT WORKS LMAO!) and a boss fight that literally reuses old enemy models with some poison on the floor. Thats it. Thats all the updates. 
FOMO cash shop.

Extremely buggy.

Gear progression is literally checking the ingame store every hour to see if it has anything good. Like lootboxes but with a shop paintjob over it.",negative,negative,negative,negative
Metacritic,Warhammer 40k: Darktide,one of the worst games of my life. everything is bad. It's insane ! Only frustration,negative,negative,negative,negative
Reddit,Warhammer 40k: Darktide,"When will this content drought end?
Still going strong but we need something.
Give us something FS.",negative,negative,negative,negative
Reddit,Warhammer 40k: Darktide,"Stimms are sadly one of the few elements where the game's godawful UX, which is normally reserved for the Mourningstar, makes it into the core gameplay.


It is so incredibly easy to have someone walk in front of a stim, or for the target to walk slightly out of range at the wrong moment, or for the initial targeting to be so fucky it just won't work, that I've taken to basically walking right up to a target and making it a point to aim directly at them and follow them around for 3 full seconds until I know for sure the stim has successfully applied. 


I have straight up taken melee hits on higher difficulties doing this, so really, I should just not be injecting other people as it isn't worth the effort. 


Which is insane to think about. It's something that really should be intuitive, clean, and quick. It's impressive how bad the functionality is. Imagine if you were playing a game like Overwatch but Zarya's ultimate was so hard to hit you needed 3 seconds of aiming to definitively get it where you wanted it to go instead of the projectile always clipping some random terrain prop hitbox. The hero would just suck entirely and see no play. 


If it can't be instant and Fatshark really wants an animation as part of the skill to use it, then at least let it lock on and not randomly cancel, and add a progress bar like with levers and objectives. ",negative,negative,negative,negative
Reddit,Warhammer 40k: Darktide,"I was at 8 out of 10 Auric missions completed in a row without dying for the Untouchable Operative penance. Joined a match in progress. Didn't even spawn in, went straight from the loading screen to the mission failed screen because the team died before I ever spawned in. That counted as a death and wiped my progress in the penance. Go fuck yourself.

I'm just mad, ignore this. Or delete it if it's against any of the rules.

  
Update: I never use Reddit, but apparently when you get comments on your post the notifications on mobile are just labeled with the title of the post, so I kept getting notifications just saying ""Fuck off"" and not understanding why. So at least that's one fun thing to have come out of this shit",negative,negative,negative,negative
Steam,Warhammer 40k: Darktide,"Fire your CEO and most of your executives because this is just insane. You are KILLING something with huge potential, which is 100% on the leadership. The gameplay is excellent, the ambiance is great, the scenery is incredible, and they get the setting right. But it just begins to feel like the same thing over and over and over and over and over again. They've focused more on making sure the in-game cosmetic purchases work 100 percent at a high price than fixing bugs and expanding the game. It's goofy, you need to build a product like this with longevity in mind, and it seems like that was their least concern.",negative,negative,negative,negative
Steam,Warhammer 40k: Darktide,"Rewriting this partially as of 07.10.2023, decided to return and check what changed in a year.

If you are here to consider buying it, I would say it's worth it for the base price and with low expectations. The gameplay slaps, but most of the systems around it are flawed in one way or another.

A lot of things that weres bad on release have changed, but the games still pretty far from ideal, plus FS decided to double dip into MTX shop, selling skins costing roughly $12+ for ONE character. And don't forget, it's been a year since release, so the game finally reached the ""mostly release-ready"" state in 11 months of work. *slow claps*


Let me get this straight - Fatshark as a company are lying on a regular basis.
Fatshark straight up lied at advertising. A lot of promo material weapons or cosmetics are unobtainable in game at launch, ability to obtain premium currency through gameplay was removed (and they were sneaky enough to edit this out of the discord post right before release), the crafting system that was supposed to be ready on release was added several months later. The promised story, but just used Dan Abnett big name as a promotion and in fact story does not exist at all, aside from couple of cutscenes. Weapon modifications system is scrapped , so you can't just attach flashlight/bayonet to a gun or get a better scope, despite it apparently being in the works not so long ago (but modders were able to restore it, so maybe FS will go through with it eventually).


Release of the game that happened 30.11.2022 in not an actual release, it misses key features, and game stability was absolutely awful. You probably should already realise that from 54% all time reviews. Atm a year later it's relatively smooth sailing, but again - releasing the game in that state was an awful idea.

A year later crafting notably improved, but new player will be met with a wall of grind to get the proper rolled weapon, find good blessings for the library and all that.
The game still have Division 2 levels of loot stats distribution, making all weapons with bad base stats garbage even if properties and perks are amazing. This is still not addressed, so the game still wants you to check shop once per hour.

Amount of content is still questionable, but much less so. Game currently features only 4 classes with 3 subclasses, making it 12 (opposed to 15 free classes V2 had on release) and amost every map in the game have a reused fragments of another map in that same location. 
Essentially, Weaves from V2 (same maps, but run backwards). Also, there is much more copypasted sequences (like defending while hacking servo skulls or killing small daemo-grown tentacles, these two appear on a lot of maps), which is mostly not the case for V2 where most of the events are unique and tied to a map. Plus, almost all weapons for 3/4 characters are literally the same weapons, every class have access to couple of unique items, but all generic rifles/axes/swords are the same for each class, diluting loot pool. Only Ogryn gets a full set of unique weapons, but then he have very limited options. Sadly, im not rewriting this, as FS added almost nothing new in weapon department in a year of work, and most described problems still apply. At least they reworked some weapons to stop being so bad. 

The game still reeks of ""effective management"", ""players engagement"" and ""retention"" a year later. Also, in game shop exploiting FOMO and does not allow you to buy items directly, instead forcing you to buy aquilas in packs and then spending aquilas on cosmetics. This is still true a year later, and it's becoming worse with introduction of ""premium skins"" that are just the most popular regiment like Steel . Do not support this BS, vote with your wallet. No skin in a game worth $10+. Also, just to give you insight, when initial backlash to MTX was addressed, they promised to add the 100 aquilas bundle, that would solve some problems with the shop.It was added, but it is hidden from the shop, and only shows when you try to purchase the item you missing 100 or less aquilas. Isn't that convenient, eh?

The ingame mictrotransactions shop is taken directly from Fortnite or similar games, displaying only one set of cosmetics for each character at the time which got swapped each ~7-10 days. It initially had timers, which were removed after community backlash, but this is still exploiting FOMO, don't be fooled. Also, they added a ""convenient"" bundle to buy the most expensive skin sets with a direct price of ~10,5$ per skin (this is dinda funny, after initial negativiy the head of the studio said in the interview that they SIMPLY FORGOT to release this pack, of course, we totally believe this). For anything less than the most luxury pack you still need to sit in the shop with a calculator and try to figure out how much you want to spend and how much unused aquilas will be sitting in your inventory after you finished. And just to clarify - yes, the game is released in poor tech state, missing features, a lot of maps reuse assets (literally same parts of the levels but you move through them backwards), core mechanics didnt finished, but MTX shop is ready to use and spew 2 sets of skins and 2 hats for each class every week. Kinda ironic. Aldo adding, latest datamine showed around 150 entries with cash shop interface, including full sets, weapon skins and some separate pieces, so don't worry, Fatshark loaded this shop for the very long run. TLDR - shop is using predatory anticonsumer mechanics, don't support this, dont give them your money.

And yes, people really just need to admit that after Tencent got their hands in the shares, FS just changed to worse. If you google it, chairman of the board is now chinese, same goes for non-executive, and whole bunch of staff from Level Infinite studio is listed in the credits for Darktide. In case you don't know, Level Infinite is studio that helps to design monetisation for Tencent owned projects if original studio can't make it itself. I am not putting all blame on them ofc, because this amount of incompetence and seling out should be okayed by the studio head honchos. I guess we should say thanks to them for appearance and implementation of MTX in Vermintide 2 and Darktide.

The only thing that isn't broken is core gameplay. Combat is as fun as Vermintide 2 with added gunplay, but everything else surrounding the core gameplay smells bad, from progression systems to monetisation, from craft to in game challenges (these are clearly desinged with premades in mind, good luck doing them with randoms or solo), just put your finger on it - and find it broken in some way. Even a lot of basic QoL feaatures are gone. Most of the combad bugs are fixed too, so it's much smoother than it was on launch.

Still, the last paragraph applies mostly unchanged:
The game is manifest of what is wrong with the gaming industry nowadays - barely playable unfinished releases, already loaded with microtranscations, all mechanics are tailored to make people stay in game more (I have 200 hrs in the game, and have roughly 2 pieces of gear per class that are actually good, everything else is a pile of blue garbage), not have more fun or agency in terms of equipment. Current loot and progression somehow STILL much worse than both V1 and V2, and have no respect for player time. Maybe they need another year to address the remaning problems.",negative,negative,negative,negative
Steam,Warhammer 40k: Darktide,"I can no longer in good faith wait for the game to be improved.
Crafting update delayed for 1.5 years and counting.
Promised Solo mode update never.
New classes each quarter was a lie.
Where are new maps for a live service game?
Cosmetic cash shop updated regularly though.
Incredible disappointment from an incredibly promising game.",negative,negative,negative,negative
Steam,Warhammer 40k: Darktide,"Edit on Class Overhaul Patch October 4th:
""The game has improved quite a bit with the past big update. Every class now has a good amount of variety in how you want to build around your character and playstyle. The addition of more difficult missions via Auric/Maelstrom is also appreciated. Balanced changes are mostly good too.

However, all of this should have been in the game from the very start. Not marking this game as an early access title is a clear indicator of Fatshark's greed for money. Crafting is still heavily reliant on RNG and its a slog to get a weapon you actually want. They increased the pricing on cosmetics along with ""screwing"" over the PC playerbase by providing way more Aquillas to Xbox players, while the community gets ""insulted"" by a CM for so called ""pearl clutching"".

All in all, the game has made more steps forward than back. This is one of the best horde shooter, set in the Warhammer 40k universe. So if you are into that, you might consider a buy. BUT I WON'T be changing it to a positive review because of all the lies and false pretenses FS brought to light. I just can't bring myself to support this kind of marketing. Even after all the hours i sunk into this game.""

They deemed a fully operational cash shop, which works like a charm and updates without any issues, a necessity. Here is a list of things they thought weren't needed:

>It doesn't need mission select
>It doesn't need a campaign
>It doesn't need a story when they hired a 40k writer
>It doesn't need weapons they've shown in gameplay trailers
>It doesn't need the 70+(PLUS) weapons promised
>It doesn't need a 5th class like vermintide on launch
>It doesn't need 2nd and 3rd careers like vermintide on launch
>It doesn't need crafting like vermintide on launch
>It doesn't need the promo outfits
>It doesn't need enemies shown in trailers
>It doesn't need to run at >30 fps even on 30 series cards
>It doesn't need their PR to post outside of their discord
>It doesn't need to be finished on ""launch""
>It doesn't need basic mob patrols
>It doesn't need better spawning
>It doesn't need a scoreboard
>It doesn't need penances not to require griefing entire team
>It doesn't need shared inventory with all characters
>It doesn't need shared set of weeklies for all characters
>It doesn't need unified currency
>It doesn't need crossplay with Game Pass users
>It doesn't need Launch stabilisation
>It doesn't need an option to disable RTX
>It doesn't need to prioritise core features over a virtual store
>It doesn't need options to unlock store cosmetics with in-game earned currency
>It doesn't need to fix crashes of the game before crashes of the store
>It doesn't need a positive review score

The lead designer of FS thinks that the armoury shop, map rotation and crafting system are all fine. Even though people except improvements regarding these issues. Communication is nonexistent.",negative,negative,negative,negative
Steam,Warhammer 40k: Darktide,"✗ day 1 optimisation
✗ day 1 promised features
✗ day 1 mostly bug free
🗸 day 1 full featured 100% bug free cash shop",negative,negative,negative,negative
Steam,Warhammer 40k: Darktide,"+++Update, as of Dev Blog: Into the Maelstrom (4th of August, 2023)+++ 
The long-awaited communication from the developer has clearly revealed that the game will continue it's unfortunate direction. After plentiful feedback in the past months, some major pain-points have been acknowledged, but the announced plans to address them leave much to be desired, or seem outright disrespectful to the dwindling remaining player base. 
The statements in the original review are still painfully true. While QoL is being added, the updates are few and terribly slow. Poor RNG design decisions are still predominant. New content is still not being presented and there's still no roadmap of any kind. 

My recommendation stands. Look to purchase it with a discount if interested, and treat it as an investment, for when the developers finally catch-up to it's potential some years down the line. 


+++Original Review and Recommendations+++
I've held off on a review for 6 months after release. I participated in the beta, actively engage in Discord and the forums, clocked in nearly 550 hours, got all achievements and easily play the hardest content currently available. I find the actual gameplay to be unique and personally enjoy it greatly. 

With that, I don't recommend spending money on this game in its current state. To make it neat and somewhat short: 
- The game launched in a poor technical state. While a lot of the optimization issues have been addressed there are many more still being reported on the forums. You might be one of the unlucky few. 
- The advertisements for the game amounted to little truth. What content it did launch with is repetitive and artificially bloated. New content is coming painfully slow and fails to satisfy or impress. 
- Key selling points to the Live Service model aren't being upheld. The game does get regular updates, the majority of which are fixes and balances, however. New classes haven't been spoken of since launch, a new map was released shortly after launch, with two more coming up, one of which is gated behind a community event. There have been a total of 2 new weapons in 6 months. The rest have been variants of existing items. 
- The game's design philosophy is heavily dedicated to RNG, with multiple (up to 7-8 in some cases) layers in certain game mechanics. There are extensive threads on the forums about this, if one is interested. 
- The QoL and respect for the player's time are minimal, if at all present. Mission selection is completely out of the player's hands. QoL improvements are worked on, but there's a lot left to be done. 
- Community engagement is very poor. FatShark have failed to acknowledge the majority of otherwise often fed back issues. This is in no way due to faults in the community managers, but rather a seemingly anti-consumer corporate policy. 
- No roadmap has been presented. Initial content planning was quickly reverted after the first backlashes to the game and has not been updated or even spoken of since. 
- A paid cosmetics shop was launched literally days after release and prior to any immediate patches or gameplay updates. While the cosmetics themselves are hit and miss, they do cost real money to obtain and cannot be obtained via in-game currency. There are cosmetics that can be (and more will be added with the latest Rejects Unite content release), but they are obviously re-skins and of lower quality to the premium store. 

To sum up my recommendation: Wait. 

If you have interest in 40K and horde shooters, the game has a wonderful core gameplay loop, but suffers immensely from poor design decisions, lack of content and a dwindling player base. This is historically accurate for FatShark releases, with their previous titles having similar lifespans. As it is now, the game doesn't stand up to scrutiny and doesn't deserve to be purchased at anywhere near full price, let alone further supported with cosmetics purchases.",negative,negative,negative,negative
Steam,Warhammer 40k: Darktide,"updates once in two years maybe
fixes come always late
feels like an unfinished game every moment you play 
still runs like shit
you will need mods 
coop games are few so this can be fun
",negative,negative,negative,negative
Steam,Warhammer 40k: Darktide,"After all the delays and all the betas, still came out as a complete unplayable piece of sh*t. 
Ater 2 week preorder we all saw how bad the performance is and how often the game crashes, but no fuc*s given the game comes out without a single crash or performance fix, instead they add a comsetic shop so you can spend your real money. More than 2 weeks after release still crashing every second game, just like in the beta, constantly droping FPS from 120 to 40-50, getting dcd from the server, no crafting no content, only 2 missions with boss and its the same guy, nothing epic, you just repeat every 5-7 missions all day long while laging and crashing. 
I think this game will be dead in 1-2 months.

Update: After 3 months and new pc with 13600k and 4070 ti, it is still crashing like trash.
1 mission and 2 crashes.",negative,negative,negative,negative
Metacritic,Warhammer 40k: Darktide,"This is a weak 3 at best. Game is pretty barebones compared to what the game set out to be. Most of the functions promised aren't in the game, and the ones that are aren't well implemented. If you like the genre then Vermintide 2 is a better game from the ground up. This game could only be enjoyed with friends, and no one is going to trick three other people into buying this game, and if they do then those friends should re-think that friendship.",negative,negative,negative,negative
Metacritic,Battlefield 2042,"Battlefield 2042 absolutely should have been pushed back by EA and DICE to some point in 2022. Instead, the version of this game that is currently available has been virtually unplayable for me at times since first releasing. Even beyond this, though, some of the key design changes that DICE has made in Battlefield 2042 don't feel for the better. Rather than improving on the core Battlefield experience that fans loved with Battlefield 3, 4, or Bad Company 2, 2042 is a bloated husk of its former self that is trying to recapture some semblance of its previous glory. As a fan that has been playing this series for well over a decade, Battlefield 2042 is a massive disappointment that I struggle to think is even worth saving.",negative,negative,negative,negative
Metacritic,Battlefield 2042,"Destruction is still cool, and in the end I have to give the creators credit for the fact that the much marketing-washed akedo has its moments. Everything else that made a good Battlefield is completely missing, and that chase for record-breaking size or player count is really a poor substitute for well-designed maps, rich content in the form of game modes, and certainly no substitute for the original class system that the gameplay has always relied on in the first place. [Issue#317]",negative,negative,negative,negative
Metacritic,Battlefield 2042,"If you’re looking to enjoy the next Battlefield title, turn back now. With the next patch not slated to arrive for another month, and the next content update to release some time after that, it’s going to be a while before 2042 can earn the right to be called a true Battlefield game. It’s best to wait until the smoke clears and DICE fixes any major bugs (maybe even wait for it to go on discount) before spending $70 on this game.",negative,negative,negative,negative
Metacritic,Battlefield 2042,"All the devs involved in the making of this atrocity should be fired and NEVER be allowed anywhere near game development again.

Words can not describe what a truly abysmal game this is.",negative,negative,negative,negative
Metacritic,Battlefield 2042,"It really is a bad as everyone says. It’s not just because of glitches that can be fixed. This game makes you play as a “specialist” hero. To be honest I got the game for 25$ and it’s not even worth that. Unless they completely do away with specialists,add back classes, add team death match, breakthrough, and rush. Add scoreboards, and hardcore mode. Remove weapon bloom entirely. Remove the invisible walls that litter the map . And give out all future dlc free this game will never recover. I genuinely feel bad for people that bought it for $70 on Ps5. The maps are complete garbage as well. Mostly flat like everyone says. They really shouldn’t have even finished this game. This game should have been scrapped before launch and remade completely. Dice has completely ruined Battlefield and Battlefront inside of 4 years. Our expectations were not “Brutal” as the whiny devs say. They were realistic. You could’ve literally given us   Battlefield 4 Remake with more maps with the graphics of 2042 and new weapons, and everyone woulda been happy. That’s how low the bar is. And how far below the bar the developers actually fell. They tried to make a game for everyone who plays battle royal AND battlefield fans. That will never work.
They are 2 different types of demographics who want different things. People buy battlefield to play battlefield, it’s not that freaking hard to understand this. Trying to combine both of those wants into the ONLY 2 FREAKING GAME MODES in the main game is really terrible project management. I don’t even count Hazard zone because Dice, from internal reports, has already given up on it on account of no one playing anymore after trying it for 1 match.

You really can see traces of 2 different games that have nothing to do with each other here. One trying to be cool and edgy and hip, and the other actual Battlefield. Sadly it suffocates real battlefield and no one is happy. Everyone only liking and giving kudos to portal mode proves my point they could have just remade battlefield 4 with better graphics and more maps and weapons to the adulation of fans. 0/10

Pros- Cool graphics and effects Portal

Cons-
Literally everything else

Verdict-
Complete waste of money and time. Play anything else but this. If I wanted to play with dumb dumb specialists I would play literally any of the hundreds of lame battle royals games flooding the market. This is NOT Battlefield.",negative,negative,negative,negative
Reddit,Battlefield 2042,"Edit: Thanks to the efforts of u/007Silvertoe, we have a [community survey](https://www.reddit.com/r/battlefield2042/comments/qxo7wd/the_feedback_they_need_but_never_requested_poll/?utm_medium=android_app&utm_source=share) based on this list! Please find time to go take it and give the post an upvote so dice sees it!

I'm seeing some people genuinely enjoying that game, and that's great! I want 2042 to be the best game it can be, but the sheer amount of shit that's either missing or just downright worse is astounding so here we go:


(For clarity I'm talking about only the base game content, not portal, although much of this list applies to both)

# Core Features

* No single-player story/campaign mode
* No standard server browser
* Fewer standardized game modes (Can't even play TDM or smaller scale modes without relying on community servers. Really?)
* No standard hardcore mode
* No conventional scoreboard
* No persistent lobbies (seriously why do I have to matchmake after EVERY round?)
* No class system
* Less character customization options (than BF5)
* No profile progress/stats page in the menu
* No battle log/stats tracker for other players
* No global leader boards
* No dog tags (they still sort of exist I guess?)
* No custom emblems
* No cross-game profile screen (BF 4, HL, 1, and V were all linked by a menu if you owned them digitally, was a neat feature.)
* No spectator mode
* No permanent community servers (would be useful for clans and events)
* No test range (this one is sort of compensated for with single payer servers vs bots)

# Infantry Gameplay

* Fewer guns (even including all the portal guns, BF4 **still** had more at launch)
* Fewer infantry gadgets
* No manual leaning
* No diving while swimming
* No moving during prone ADS
* No high wall vaulting
* No crouch sprinting
* No backwards prone
* No explosion knockback
* No rolling after falling from heights
* No ""you are spotted"" indication.
* No ammo or health pickup off teammates
* No scope zeroing
* No tiered reloads/paused reloads
* No thermal optics
* No indirect fire gadgets
* Less anti-tank launchers (Come on man only one?)
* No lock-on launchers (The M5 works with the SOFLAM but that requires 2 people)
* No AP mines/claymores
* No suppression mechanic (This one I don't mind but I'm including everything)
* No first person takedown animations (whether this is a downgrade is up for debate, but I think it is)

# Vehicles

* Fewer vehicle types (and separate vehicle progression per faction even though they are functionally identical... why???)
* No naval vehicles
* Cannot spawn in a passenger seat in transports at round start.
* No vehicle gunner direction indicator
* No lock on direction indicator
* No unoccupied seat indicator on friendly vehicles
* No vehicle enter/exit animations
* Less vehicle driver/pilot customization options
* No tank zoom customization options
* No heli gunner secondary weapons
* No separate heli/fixed-wing controls
* No rocket impact reticle for helictopters
* No option to toggle tank turret decoupling 
* No control input while looking behind/free looking in aircraft (BF1 and V pilots, this one is gonna absolutely suck for you guys)
* No joystick/non-generic gamepad support
* General consensus seems to be that the helicopter and fixed wing flight models are both a step down from BF4.

# Scoring System

* No squad wipe scoring
* No player damage points
* No vehicle damage points
* No vehicle kill assist points
* No laser designation kill assist points
* No headshot bonus
* No long-range kill/ marksman bonus
* No assist counts as kill bonus
* No multi-kill bonus
* No killstreak stopped bonus
* No comeback bonus
* No squad objective play bonus
* Oversimplified teamplay scoring (i.e. healing a teammate always gives you a flat +5xp rather than being based on how much you heal them)

# Squad and Teamwork

* No commander
* No special squad call-in abilities
* No squad field upgrades
* No in-game VOIP (coming soon^(TM))
* Fewer factions (with almost nothing to give the 2 factions any distinction)
* No cross-team chat
* No team changing
* No ""create new squad"" option
* No option to switch squads
* No self promote to squad lead using ""request order""
* No clans/platoons coming soon^(TM)
* No view of squadmates while in the spawn screen
* Smaller squad size
* ~~No ""Medic incoming"" indicator in downed state~~ Added!
* No rank names/icons, just a number.

# Maps

* Lack of persistent servers leads to poor map rotation
* Fewer base game maps (not including portal maps)
* No static weapon emplacements 
* Fewer destructible buildings
* Very poor balance between vehicle and infantry gameplay
* No infantry focused maps
* No game changing levolution
* Absolutely zero cover between capture zones
* Poor spawn points (Constantly spawning in the open/visible to enemies)
* No fortification building (given how open all the maps are, this could have been super useful)
* Fewer urban areas
* No naval maps

# UI and Quality of Life

* Less control customization options
* Less UI customization options
* No HUD/icon opacity customization
* No HUD scaling customization options
* No mini-map zoom scale
* No elevation difference indication for enemies on mini map
* No gunsight reticle customization options
* No network performance graph
* No individual player scoreboard
* No ability to zoom in on the spawn map
* Less ultrawide monitor support (hud ratio is locked in at 16:9)
* Very poor friend joining system (Lack of server browser makes playing with more than 4 friends completely impossible) coming soon ^tm
* ~~Poor console aim assist (big fat fuck you to console players there, dice. Hopefully this will come with the D1 patch)~~ Fixed!
* ~~No in game crossplay toggle option (you have to change your global console settings)~~ Fixed!

#Audio

* General consensus seems to be the audio design is bad, especially compared to both BF3 and BF1.
* 3D soundscape is almost non-exsistent
* Less impactful soundtrack (menu music is very dull and repetitive)
* End of round music is dull and uninteresting (compared to BF1 and V this is a big downgrade)
* End of round voicelines are just so tone-deaf and awful. I can't describe how much I hate them. (Tried to keep the rest of the list objective, but I had to add this. You guys understand)

Special thanks to u/mikelowreyatl for [his post](https://www.reddit.com/r/battlefield2042/comments/qt7sez/list_of_current_grievances/?utm_medium=android_app&utm_source=share) as well.

Also check out u/GreenyMyMan 's [video](https://www.reddit.com/r/battlefield2042/comments/q4lamb/features_from_older_bf_games_that_were_removed/?utm_medium=android_app&utm_source=share) with good visualization of lots of these things.

# Disclaimer

Not all of these points necessarily belong in the game, some of them have arguably been removed for **good reason**, but I just wanna make it clear that 2042 could have been so much better, in both QOL and gameplay.


This game really feels like it was hastily slapped together without any attempt to improve or innovate on past ideas. Almost like many of the core features were an afterthought, and the big selling points like tornadoes and 128 player servers were so important that they forgot to flesh out the smaller details.

Portal really is the saving grace but it's a shame we have to rely so heavily on user-created servers to fill in so many of the gaps missing from the base game, and portal isn't going going hold that status forever.

Edit: if I'm wrong on any of these or if you guys think of anything else, post it in the comments and I'll edit them in

Edit 2: Reorganized the list to be more legible and coherent.

Edit 3: Some of y'all have given me an idea, I'm going to set a reminder to repost this list in 6 months' time and we'll compare how the game holds up, and how much has been fixed. I'd love for you guys to follow along!

Edit 4: guys stop it with the awards! I'm at 69!

Edit 5: Added an audio category

Edit 6: Added maps category",negative,negative,negative,negative
Reddit,Battlefield 2042,"I went from ""why is everyone complaining"" to ""holy shit I can't even play this game anymore"" in a matter of days. I have been playing BF since battlefield 1942 first came out and stopped with BF4 as my last one until 2042. I played 1942, Vietnam, 2142, BC, BC2, BF2, BF3, and BF4. I had very little interest in BF1 because it just wasn't my thing. I went with 2042 hoping for a reinvention of 2142 and I saw a lot of comments about BF1 during this whole ordeal and how immersive it is and decided to give BF1 a shot since I already owned it for free. I didn't understand what people meant when they said 2042 felt soulless, but after 2hrs in BF1 I get it. 


Tonight I played BF1 and it's truly hard to believe that BF2042 is a game that came after BF1. It's clearly a cash grab and the whole ""so many studios worked on it"" says a lot. Why would so many studios need to work on a game? Especially one that doesn't even have a single player campaign unless it was falling apart. It's unbelievable how poorly they executed this release. If there was ever a cash grab it was this game. Such a disappointment. Between this, New World, and Cyberpunk I don't think I'll ever buy a game until it has been out for at least 6mo again. Can't believe I paid $90 to alpha test this game.


Edit: I know I know don't preorder games. I saw this as a different scenario because I'd get to play what was supposed to be a finished product immediately opposed to ordering and waiting. I bought it when I first woke up on release day so I didn't order it ahead of time from when I'd get to play it. [My receipt. It was 6:22am on early ""release day""](https://i.imgur.com/dsY0TKR.png)",negative,negative,negative,negative
Reddit,Battlefield 2042,"I always rack around 300-400 hours of playtime per Battlefield. BFV being the one I played the most. Wasn't as immersive as BF1, didn't have all the features it should have had but overall it was a pretty solid entry and felt complete.  


BF2042 feels like a chinese knockoff of the franchise.",negative,negative,negative,negative
Steam,Battlefield 2042,Uninstalling it had no problems,negative,negative,negative,negative
Steam,Battlefield 2042,Supports ALT + F4,negative,negative,negative,negative
Steam,Battlefield 2042,"fix the game i will fix the review. i wanna love the game but it's so hard . blue screen of death, restarting PC and drivers crashing is unacceptable",negative,negative,negative,negative
Steam,Battlefield 2042,"headshot damage is reduced to 3 to 4 shots to kill 
game randomly resets weapon unlock progress
it seems like everyone just knows where you are at all times 
it just seems empty like nothing is in the maps 
i bought it on sale for like 98% off so i only paid 2.49 or something like that for it but i just cant get into it i really tried but the second weapon reset just did it for me",negative,negative,negative,negative
Steam,Battlefield 2042,"I have seen enough. Don't waste your time and and money on this turd unless...

1. You enjoy playing weather simulators.

2. You don't care about jets.

3. You are not offended by all the WOKE b.s

4. You like the idea of opening multiple game launchers to play your games.

And most importantly,

5. You have cheat software with speed, wall, and aim hacks.",negative,negative,negative,negative
Metacritic,Warhammer 40k: Darktide,"Basically unplayable, i spent over 5h in this game (bought on release) just trying to solve errors. I couldn't even run one mission because i can't even connect to lobby. After starting the game i'm getting disconnected or the game crashes. Waste of time, waste of money.",negative,negative,negative,negative
Steam,Battlefield 2042,Perfect game for practicing an uninstall speedrun!,negative,negative,negative,negative
Metacritic,Battlefield 2042,"Battlefield 2042 is technically an unfinished game that just has dozens of problems on both visual and technical levels. It poses some questionable gameplay changes, some good, some bad, but it still presents itself as a dash of fresh air with great modes like Portal and Hazard Zone. Sadly, it has so many problems on mentioned levels, with really disappointing “bloom” during shooting, that it poses itself as a pretty bad experience overall and it is really hard to recommend to anyone until it gets patched or gets additional content in the future.",negative,negative,negative,negative
Metacritic,Battlefield 2042,"Shame to dice, this game belong to trash, i tried it twice, once in open beta obviously 0/10, now it is on ps plus ""free"" game and nothing changed! 0/10, there is nothing good about this game",negative,negative,negative,negative
Metacritic,Total War: Rome 2,"Rome 2 is one of the biggest strategy games ever made, but right now it’s not worth your money or time. Software bugs, the worst AI in the Total War series, dubious game design elements, crippled multiplayer… The inevitable string of updates will fix some of these problems, and there will be user mods to take care of the rest. Unfortunately, all of this will take months, so, if you are not in a hurry, wait until at least next spring.",negative,negative,negative,negative
Metacritic,Total War: Rome 2,"I own all the TW games and love this, however -
""If you don't like it, don't play it."" - CA dev
OK.
Also Modern Politics and Political Correctness in games is a pure t and please stop with this :/",negative,negative,neutral,negative
Steam,Wasteland 3,"I had such fun in Wasteland 2 and I really wanted to love this game... but it feels like it needed another year of refinement before it was released, to balance the gunplay, improve the combat arenas, fix numerous gameplay and UI issues, and so forth.

Let's start with the good though - the story is definately interesting, sending the Rangers to Colorado on a mission to aid a local dictator in return for much-needed food...  a directive you can choose to follow or ignore. There's some really good original songs, and the graphics are improved from Wasteland 2 without losing their old-school charm.

As for the bad - combat. The guns have no stopping power. That, combined with all the enemies having multitudes more health than your team (at least on 'hard' difficulty, which is what I played), means there's nothing you can do to prevent enemies running past your lines, tanking your entire squad's ambush attacks, and melee-ing your soldiers to death. And unless your own attacks crit (my tip: put attribute points into luck!), killing enemies feels like chopping down a tree with a dessert spoon.  

To add to this, the combat arenas are poorly designed, often with few pieces of cover close enough to shoot the enemy, forcing you to choose between standing in the open and getting shot dead, or having half your squad sit out the fight. 
 And weirdly, line of sight is broken by doorways - this means that if you set your soldiers in cover at the side of an open door, they can't shoot the enemy unless you have another soldier already in that room.

And while the main story is good, so many of the different factions are sadistic psychopaths that it becomes difficult to take them seriously, especially once you get past capturing the first of the Patriarch's three kids.  A bit more variety would  have made a big difference. (And I don't mean variety in what costumes the psychopaths wear.)",negative,negative,negative,negative
Steam,Wasteland 3,I really wanted to be a wasteland psycho and then the game gives me a town to take care of. Didn't we learn not to do this from Fallout 4?,negative,negative,negative,negative
Steam,Wasteland 3,"i played through this game twice, i did a co op goody two shoes run and a solo play as a monster run.

Just with the sheer amount of bugs i wouldn't recommend this game if it was in any other way perfect.

The multiplayer is near unplayable due to them, we got soft locked multiple times cause dialogues wouldn't que or quest triggers would just not trigger. Outside of the game-breaking bugs, sound bugs and graphical bugs litter the game as well. 

The second biggest issue is that the game is just unfinished, there is an insane amount of cut content which i was not aware of, but found out because of how many interactions just felt really shallow or suddenly the writing would dip in quality that i just had to look up wtf was going on with it. 

However even in the finished parts, a big issue i find with the righting is that the game does not take itself seriously enough. While it sounds stupid to say this and i myself like my comedy sprinkled in, there were a lot of moments where the humor just did not fit the situation at all and did a disservice to the events taking place in the game. Where the humor made sense or subsided and wasn't an unfinished part of the game tho, the righting was phenomenal ( why i enjoyed the most the second dlc ).

Regarding the last point while i do like the righting and i do genuinely believe the drop in quality was in the unfinished parts, i cant help but ask, was referencing zoophilia so many times really necessary? It was uncomfortable at best. And even tho i am a nerd and recognized a lot of the references the sheer amount of them alongside how shallowly they were included ( with the exception of a specific one) actually made them really grading.

This is my first wasteland game and i have to absolutely give props to the devs, they got me up to knowledge with the world really quickly and without info dumps, i did not feel like i had to look up lore from the previous games to play this one. 

However where the lore was fantastic, i don't know if this is something specific to the wasteland series as a whole or specifically this game but i felt like consequences and decisions were not properly communicated. 

In co-op i had a quest-line that would reward us with really powerful armor, it showed that armor in a cutsceen and it was protected by a lot of skill requirements to take it, we assumed that the idea was either do the quest line and get the armor or steal it/kill everyone, we decided to go with the second option and when we did the armor was un-lootable.
I did that questline in my solo play through, and what would you know the armor that we coudnt pick up suddenly became gradable. 

This was a lighter annoying side one, the one tho that made me quit the game had to do with the main story line. I will try to explain it without spoilers but i will put them just in case. 

[spoiler]Because i was playing an evil character i had taken all the evil companions. There is a character (character A) that asks you to align with them or another (character B), now both those character are kinda on the good side so i wanted to betray them both, so i shot Character A never taking any side and focused on doing a quest line against Character B. The game took this as i sided with Character B, so my whole party abandoned me, and that play-through was entirely lost as that decision was days prior.[/spoiler]

I think the companions on Co-op are bugged we had them near never talk during our play time, but even when i played solo it was just a tiny drop better. There was only 1 character that has stuck in my mind due to interactions and that character is not one most people will be recruiting first play-through. 

Since im talking about companions, i think its fucking stupid to be forced to have 2 custom characters in your party in solo, its just a waste of a companion slot that could allow you to hear a bit more of the ever rare dialogue bits.




The most frustrating part of these flaws is that i genuinely liked this game.

I think whenever the righting is good its exceptionally good, i found myself trying to figure out what was moral to do and would result best for the people. 

While i am not a fun of turn based games i enjoyed my time in this one for most of the game ( Steel towns combat gimmick can go die in a ditch ). I found myself trying to think on builds and create synergy's constantly.

The music is phenomena ( except when the mic picked in a specific song ) fucking happy go lucky ear worm song.

But because of all the issues i mentioned i found myself uninstalling this game cause i coudnt bear to deal with its bullshit anymore.",negative,negative,negative,negative
Steam,Wasteland 3,"Something happens, when you want to make a game, that runs both on console and PC. And for PC it is rarely a good thing.

This is by far the worst Wasteland game! Encounters are sorted in 'classes', and it seems like you always encounter a team of riflemen, knifers, heavy gunners, flamers, etc. It grows boring and meaningless in no time. Combat in this game is BORING (besides sluggish and slow).

Graphics are decent, soundtrack nice (especially slow country during combat and roadtrips), story is fine, but not really engaging. And the NPCs and enemy factions ... non interesting. Wonder if anyone from inXile played the original game? But all in all, from a guy that has played all versions of Wasteland, this version kinda suck.

There are better games out there!

",negative,negative,negative,negative
Metacritic,Wasteland 3,"There's an enjoyable and often downright hilarious story here, that's strengthened by deep gameplay. However, most of the time you'll find yourself staring at loading times, becoming frustrated with the game's unstable framerate, or feeling baffled because of the amount of input lag on display.",negative,negative,negative,negative
Metacritic,Wasteland 3,"Wasteland 3 is treading creatively irradiated ground. The nuclear post-apocalypse has been explored to exhaustion, in video games and elsewhere, and no amount of weird factions or sex jokes can prevent it from feeling like an aged rock band on a comeback tour: the tunes are still decent, but there’s no youthful vigour.",negative,negative,negative,negative
Metacritic,Wasteland 3,Graphics looked like it released in 2012. Gameplay's OK; story isn't as engaging as Wasteland 2. But the biggest issue is the uninspiring visual style & dated textures.,neutral,negative,negative,negative
Metacritic,Wasteland 3,"Wasteland 3 is a tragic affair.

Let me ask you a question first: What is the most important aspect ****? Being able to play it of course.

But hey, credit is when it is due, so let's talk about this game's strong points. In terms of rpg experience Wasteland 3 is simply brilliant. Rpg elements, skill checks etc are seamlessly combined with a very fun combat system. With many different weapons, items, special abilities, and a non-linear gameplay, Wasteland 3 will offer you many, many different ways to have fun.

...if you can ACTUALLY PLAY IT.

From a technical standpoint, Wasteland 3 is an utter and complete disaster. Just like PS4 version of previous game, Wasteland 3 will continuously test your patience as you slog through the game's numerous glitches, bugs and of course, crashes. Your initial enjoyment from this game will turn into first, frustration later hair pulling anger and finally nail-biting terror. You will struggle to not to throw the controller to floor as you wonder why the your ai controlled companions disappear without warning. Your curses will be heard from the space as you try to move your character who simply refuses to budge or shot at the enemy despite being in range and having a fully loaded weapon. Your pulse will rise as you wait in horror, wondering when the game will crash and cost you your hard earned victory, which you just spent 10 minutes to win.

Oh, did i mention crashes? Oh yes. This game crashes ALL THE TIME. In every 30 or 40 minutes game crashes during the area transitions, forcing you to restart your game.

As of the time of this review, Wasteland 3 is six months old and they couldn't fix this. In fact, they couldn't fix anything at all. Every time developers release a patch, they fix something but end up breaking something else. It appears that developers, despite the criticism of Wasteland 2's terrible launch and subsequent technical problems, especially on PS4, have learned nothing. Was it too much to hire programmers that are actually competent and program games that are, you know, actually playable?

At this state, i cannot recommend Wasteland 3 which is in a broken state despite being 6 months old. It is no exaggeration to say that this is the most unstable game i have ever played on my PS4. ...well, besides Wasteland 2 of course.

You simply cannot release a broken, faulty product. You have responsibility to your costumers and long-term fans to do an at least, a game that doesn't break down every half an hour.

If your game is less stable than Alpha Protocol, it is time to consider a career change.",negative,negative,negative,negative
Reddit,Wasteland 3,They should be patching this game weekly. So many bugs.,negative,negative,negative,negative
Reddit,Wasteland 3,"It's not performance issues I am annoyed about. Even on my laptop the game rarely crashes. There are some issues though.

Fast travel is broken. Travel to waypoint? Not likely. You can call a tow truck, but that only returns you to base. Oddly enough, this feature was working in beta. Not so much now. 

They need to fix the game first.",negative,negative,negative,negative
Reddit,Wasteland 3,Ah yes a game that is definitely gonna be fixed,negative,negative,negative,negative
Reddit,Wasteland 3,"So we got DLC, but are you going to fix the crash issues? That seems a little more important",negative,negative,negative,negative
Reddit,Wasteland 3,Very buggy. Even a year after release.,negative,negative,negative,negative
Metacritic,Cyberpunk 2077,"Writing this review after the game has crashed for the 1,000th time. You know you've got a real problem when a ""good gaming session"" is when you only get 3 crashes an hour. This game has such an interesting world and story that's absolutely ruined by the technical mess that is everything else. Cars drive horribly, AI acts horribly, random bugs everywhere, and then of course god help you if you don't want to spend twice as long on the game because you have to replay so much of it due to crashing.",negative,negative,negative,negative
Metacritic,Cyberpunk 2077,"Buggy, for every hour I spent playing the game, I spent 10 minutes googling bug fixes.",negative,negative,negative,negative
Metacritic,Cyberpunk 2077,"This game is one of the biggest waste of time in my life, tried it after the hype on internet that ''it is finally playable and actually fun '' but I found out after 20 hours trying to have fun that although it has almost no serious technical problems anymore the game is boring as hell and  not promising anything so far and not gonna change until the end, the game is actually a hundred hours long movie that you get bored to death with people talking about things you don't care and you  keep skipping to the part where you finally play which lasts 5 minutes  to find out its nothing more than driving through lifeless streets and shoot at stupid  enemies, then comes the dialogues again , most of the time you follow, talk , get in and out their cars while more needles talks goes on and you beg like come oon game let me try the new gun I found please nooo , no more dialogues , then you give up the story and want to fool around the city but nooo it is too silent ! you can't have fun ! some characters you met during the game phones and texts you and chokes you with needles information about things you have zero interest, its so clear the most interesting parts of the game was clipped because of technical or other issues and what is left is an empty shell , nothing but good graphics and hype, I can't play this game anymore",negative,negative,negative,negative
Metacritic,Cyberpunk 2077,"Boring, Bad History, Bad rol game adaptation and broken in 2023 .",negative,negative,negative,negative
Metacritic,Cyberpunk 2077,"One of the worse games ever made!

CDPR are hacks and Adam Kicinski should be fired for this abomination ****.",negative,negative,negative,negative
Metacritic,Cyberpunk 2077,"I've been playing for about 24 hours, and for a few hours now I've been experiencing image distortions, blurring and vertical stripes on the screen, an effect similar to the blurring of Johnny Silverhand's character. The Mini Map is also falling apart. This is accompanied by a terribly annoying sound effect. F*#!, the game came out 3 years ago! and there's a bug that makes it impossible to play! Is this CDP Red serious?",negative,negative,negative,negative
Metacritic,Cyberpunk 2077,"Still one of the worst RPG ever released.  The 2.0 update finally added DLSS support but unless you have top end state of the art 4000 card... it will send your FPS plummiting by over 30 FPS from earlier version.  And yes... I did update the Nvidida driver on my 3080ti and is playing most optimal settings according to NVIDIA.

Plenty of bugs all over the map -NPCs falling through elevators, still horrible car mechanics,  gunplay still bland and just boring - and while some find it pretty... it's still a boxy mess of stuff that simply doesn't make for a good game. 

The RPG changes in 2.0 make the game WORSE in many ways. Half the npcs shooting at you no longer even have guns dropping.  Gameplay is simply lacking and maybe... just maybe... I will bother to do a full playthrough of the game in 2077 - when modders have fixed the rest of this **** ****.",negative,negative,negative,negative
Metacritic,Cyberpunk 2077,"Another overhype. Played the game 2-3 months ago liked it and moved on. But this mfers hyped the game again bro theres no change. Games ultra easy, items are overpowered and broken. Why do we fanboying this game? Overpromised pile of garbage",negative,negative,negative,negative
Metacritic,Cyberpunk 2077,"Vulgar, stupid, linear and bugged. The Witcher 3 was far far better",negative,negative,negative,negative
Metacritic,Cyberpunk 2077,This game is still bugged. Sound problems (popping) very often  and graphics glitches.,negative,negative,negative,negative
Metacritic,Cyberpunk 2077,"Basically no choices in main plot. :( Which ends in my case idiotic way and is not allowing you to continue game AFTER main plot ending, you can only use save from just before ""point of no return"". :( I was focused on main plot (because this is what it is suggesting - you have to hurry) most of the time and ended it in SEVEN hours... I'm very dissapointed after all Witchers plots that were brilliant and all this marketing, hype etc :( And because of that lack of choice I started to see all those glitches and bugs in game (tons of those) and sometimes they affect feeling of the game drastically. :(",negative,negative,negative,negative
Metacritic,Cyberpunk 2077,One of the most disappointing games ever made. Bug filled nightmare helped hide the mediocre story hidden beneath. Pathetic.,negative,negative,negative,negative
Steam,Cyberpunk 2077,"Real life's graphics suck,
 This is where it's at, choom.",negative,negative,negative,negative
Steam,Cyberpunk 2077,"dumb game, having bugs since game released until now wth. i pre ordered for this crap and it not some small bugs but cannot continue. i can load save but it waste of time and very upset to do some big part again, i waited until game fix bugs for 4-5 years and bought phantom liberty for another try. all of that.... for this piece of sht ??? suck hard",negative,negative,negative,negative
Steam,Cyberpunk 2077,David didn't come back to life 0/10 worst game I've ever played,negative,negative,negative,negative
Steam,Cyberpunk 2077,Pretty big let-down. Was excited to play but UI is off-putting and the setting is not what I expected.,negative,negative,negative,negative
Steam,Cyberpunk 2077,NO DO NOT BUY THIS GAME IT IS ABSOLUTLEY TERRIBLE. THE GAME IS JUST CUTSCENES 6.2 HOURS FOR WHAT AGHAGHGHHHHHHHHHHHHHHHHHHHHHHH,negative,negative,negative,negative
Steam,Cyberpunk 2077,short incoherent story 0/10 gameplay 5/10 side missions are boring campaign too short. Expected more tbh. not worth the hype.,negative,negative,negative,negative
Steam,Cyberpunk 2077,just to much recoil,negative,negative,negative,negative
Steam,Cyberpunk 2077,a really good waste of time fer sure,negative,negative,negative,negative
Steam,Cyberpunk 2077,"""This review is not for new players!!!
I actually liked that game and I gathered a decent stack of weapons and stuff just to find out that it`s all gone after some update I wasn`t at all looking for. This sucks tremendeously. Why on earth did they do this? There`s no logical reason. 
Anyhow ... this review  eventually is for new players as well... THERE IS A POSSIBILITY THAT YOUR STUFF GETS TAKEN AWAY after quite some progress within the game. 
BTW: on the net they recommend starting the game over which is for me no option at all. I rather scrap it.""",negative,negative,negative,negative
Steam,Cyberpunk 2077,game is cursed. don't buy. don't play.,negative,negative,negative,negative
Steam,Cyberpunk 2077,cyberpeak made me cybercry,negative,negative,negative,negative
Steam,Cyberpunk 2077,Game has bugs sometimes but thats fine.,negative,negative,negative,negative
Steam,Cyberpunk 2077,it still feels unfinished and janky...,negative,negative,negative,negative
Reddit,Cyberpunk 2077,It’s so floaty! It handles horribly on PC.,negative,negative,negative,negative
Reddit,Cyberpunk 2077,"A blood black bugginess began to suck.


Began to suck. 


Let's move on to crashes. 


Crashes.


Feel that in your body. 


Blue screen of death. 


What does it feel like to be fall for the hype? 


Let down.


Is there anything in your body that wants to play the released game? 


Not in this state. 

Do you get pleasure out of having standards? 


Not lately. 


Have they created you to be a part of the system?


Uninstalled after two days.",negative,negative,negative,negative
Reddit,Cyberpunk 2077,"I think I've had one crash in 60 hours in PC and the bugs are no worse than your average Witcher 3, GTA, or TES game on launch. I downed it to 1920x1080 but I play with full field of view, HDR, everything on high, and locked at 60 frames. Never get so much as a dip.

If this is what the game actually looks like on PS4 I'm horrified though. Artistic liberties, or does it actually look that bad?",negative,negative,negative,negative
Reddit,Cyberpunk 2077,"I am level 40, and I have reached the max (50) in street cred. I can beat pretty much any enemy I come up against. And yet I still feel like I'm missing something. Like I'm playing the game all wrong.

For one thing, I have something like 500,000 eddies. I feel like if I was playing the game right, there's no way I would have that much money. Now granted I loot everything (and I mean everything) but I break everything down - I think I've only ever sold stuff like twice. Also, when I go to gun shops they neve have anything better than what I already have in pickups; when I go to ripperdocs, they never seem to have anything that's much of an improvement over what I already have (and I don't feel like what I have is anything special); in short there doesn't seem to be anything to spend my money on.

Then there's my armor: it's at 429/1135. I'm not finding any armor cyberware that brings my actual armor rating (429) anywhere close to it's capacity (1135). What am I missing? Why do I have such a humungous armor capacity that I can't find any way to use?

And finally there's carrying capacity. It says I can carry up to 409 kilos, but I'm actually carrying like 95. (Again I break down (scrap? whatever it's called) everything I pickup that I don't need (that isn't better than what I'm already carrying). And remember I loot everything. Why do I have such a huge carrying capacity? What am I missing? What should I be carrying that I'm not? Does this have something to do with armor rating?

Again, at level 40 and max street cred, I feel like I should have a better grip on this game, but I'm just feeling like I'm missing out on so much.

What am I missing out on?

PS - I rarely use any of my cyberware unless it's called for on a mission. I'm not sure I really get how it all works, when the game's not walking you step-by-step through a mission, either.",negative,negative,neutral,negative
Reddit,Cyberpunk 2077,The game is poorly optimized for last gen consoles and will have more bugs and issues.,negative,negative,negative,negative
Reddit,Cyberpunk 2077,The entire world is so lifeless in this game,negative,negative,negative,negative
Reddit,Cyberpunk 2077,Lol no. gamers are stupid and will happily preorder the next game .,negative,negative,negative,negative
Reddit,Cyberpunk 2077,"Right? The bugs get all the focus and everyone acts like they are the only problem with the game. The quality of nearly every system, mechanic, or feature of this game is lower than handfuls of examples of games which did the same thing, even with worse technology. The fact that C77 is still a hit rather than a serious inflection point speaks to the ""too big to fail"" quality that huge media tends to take on. This is why they spend more on the marketing than the game, it's a great way to hedge your bets and still make money on a bad product. It also helps grow a grassroots (seemingly) fanbase to do all the dissent-clobbering for you. They don't need to deliver statements or explain themselves when conspiracy theories, suppression, and bad faith arguments are muddying the waters and providing cover.",negative,negative,negative,negative
Reddit,Cyberpunk 2077,"I would say that design choices precede mechanics, but that would be a nitpick haha. I definitely see those features as issues, but my criticisms are mostly not so much about stuff the game feels like it should have, or should have better versions of, and more about the underlying reason why things like the police system work they way they do. The weird way that a commonplace feature in various games gets mangled to shit is more interesting to me than having that system ever was. Personally, I'd be happy if they cut it out of the game and made the NCPD just another gang-like faction which it's clear, at some point, this is exactly how they designed them. 

C77 will always be a mediocre game with a better than average narrative and better than average writing. There are also a lot of small touches that I appreciate but it doesn't at all surprise me that most players completely miss them. The last time I played a game where the mechanics and narrative were in this much contention with each other, it was Mass Effect: Andromeda and no one learned fucking anything from that one either.

They'll rehabilitate this pig and it'll be a fun pig with many positive qualities. But it's still gonna be a pig.",negative,negative,negative,negative
Reddit,Cyberpunk 2077,"To me Cyberpunk 2077 feels like upper-management forgot they had to actually make this into a working product and as time came closer and closer they all had a full on panic without a unifying voice taking charge and telling people their tasks.

Instead we got a released game with the mentality of ""We made Witcher 3, it will be fine -- Gamers love us""

It's like ""BioWare magic"" all over again, investors/higher up management so high on their own fumes they can't see daylight anymore, so heart breaking.
This game was mismanaged from start to end by the higher ups I do not blame the development team's in anyway shape or form they did wonder's with what they were given.",negative,negative,negative,negative
Reddit,Cyberpunk 2077,Cyberpunk is cybershit.,negative,negative,negative,negative
Reddit,Cyberpunk 2077,"Even after months, this release genuinely makes me sad",negative,negative,negative,negative
Reddit,Cyberpunk 2077,"Tbh, if they want a cash-cow online they're probably gonna have to fix the game. That might be the only reason they salvage Cyberpunk.",negative,negative,negative,negative
Reddit,Cyberpunk 2077,I'm going to say it...this cyberpunk fiasco is actually worse than the NMS fiasco!,negative,negative,negative,negative
Reddit,Cyberpunk 2077,"I've been saying this a lot, I know, but the bugs ain't the problem. They'll be fixed relatively easily. 

What can't be fixed easily is the mediocre gameplay and systems.

In fact, the bugs are a blessing for this game because it's deflecting attention away from the gameplay.",negative,negative,negative,negative
Reddit,Cyberpunk 2077,"I was so hyped for this I want to play it right away but I may just wait for things to get better.  Disappointed to hear cyberware isn’t implemented well, I was really looking forward to that.",negative,negative,negative,negative
Reddit,Cyberpunk 2077,"I was in the lead and the game spawned two cars far in front of me, 10 seconds before reaching the finish line. Ended up being third without anyone passing me by since the start. Frustrating.",negative,negative,negative,negative
Reddit,Cyberpunk 2077,Farts and bathroom mirrors is what you are describing. This game is the toilet,negative,negative,negative,negative
Reddit,Cyberpunk 2077,"Pretty sure most PC players over there only like it because they finally have a game that's more optimized on PC for once and are using it a chance to shit on consoles.

I'm on PC, the only thing ""good performance"" has done for me is throw light on how empty the game is.",negative,negative,negative,negative
Metacritic,Days Gone,"This sordid state of affairs leads me to believe that Days Gone was either rushed out by Sony to fill a gap in releases and buy time for the likes of The Last of Us Part 2 or that Bend Studio, a veteran of PSP and PS Vita titles, simply cannot develop for a bona fide console.",negative,negative,negative,negative
Metacritic,Days Gone,"Days Gone seems to have taken many cues from The Last of Us and Uncharted, but fails to match their standards. Thrilling chance battles with Freakers are punctuated with meandering and dull flashback chats with your wife, bookended with abrupt loading screens, with one mission even forcing us to pick flowers.",negative,negative,negative,negative
Metacritic,Days Gone,One of the worst games ever released so far. Play sudoku instead of this such miserable existence.,negative,negative,negative,negative
Metacritic,Days Gone,Technical worst game ever in ps5 20 second cutscene loading glitchs and more,negative,negative,negative,negative
Metacritic,Days Gone,"Not a video game. Another in a long tedious trend of interactive stories that waste time for people whose time is worthless. You may think you've purchased a zombie game, but all becomes clear after skipping numerous cutscenes about people that you have no reason to care about so you can play a crappy motorcycle chase that leads you to a zone where you have to use your witcher sense or whatever the **** we are calling it to detect clues. Doing this allows you to find the person you're looking for triggering yet another cutscene. There may indeed be zombies and gamplay in this zombie game, but I wouldn't know because my time is valuable to me and I find it immensely frustrating to have it wasted after purchasing a supposed video game and expecting game. If you wanted to make movies you should have gone to film school ****.",negative,negative,negative,negative
Metacritic,Days Gone,"An ordinary zombie game without any unique style and design, without interesting characters and plot with very mediocre gameplay. This game did not cause me any emotions and desire to continue playing it further. Deleted after 3 hours.
If you want to play a really addictive and unique zombie game with an incredible atmosphere, addictive gameplay, good storyline and great soundtrack, play Dying Light 1 instead.",negative,negative,negative,negative
Metacritic,Days Gone,I've played all the games ever made just to confirm that this one has the worst writing any game has to offer.,negative,negative,negative,negative
Metacritic,Days Gone,"This game is a mess, dialogues are comically bad and the gameplay is boring.",negative,negative,negative,negative
Metacritic,Days Gone,"Really dont understand what people see in 5his game that i dont:
Story is boring
Protagonist is boring
Side characters are boring
Open world is bland and there is nothing to explore",negative,negative,negative,negative
Metacritic,Days Gone,"The game was just a terrible unimaginative rehash of other survival games. Lots of frustrating bugs, repetitive game play, uninteresting characters and storyline. I think the game needed at least another year of work before it was released.",negative,negative,negative,negative
Steam,Days Gone,"Another game I fully enjoyed from ps4 comes to PC and its right time to purchase and play in 4k.... Well guess what.
Refunded due to the very intrusive data collection and DRM the game forces you to accept. There is no way to not accept it,  and you are forced into playing with a key logger attached that is active regardless if the game is active or not THIS INCLUDES VISITED WEBSITES. This is the same thing that made me refund Horizon Zero Dawn

These are just part of the terms you have to accept. And this is just from their ""limited"" option. (I have also taken screenshots of theses terms to show just how blatant they are, but I have no clue how to attach them to a review.)

Network Data: Information about your device's network connections (such as mobile, Ethernet, Wi-Fi and Bluetooth) including IP address and the number, requirements and speed of the connections.

Configuration Data: Information about your device's configuration, such as the manufacturer, model, number of processors, display size and resolution, date, region, language, locale and capabilities.

Security Data: Information necessary to detect and investigate malicious, unauthorized or fraudulent activities.

Legal Data: Information required by applicable law and to demonstrate compliance.

Again this is stated to squash bugs.. You have a crash log for that and I should be albe to opt in or out of sharing that info.

Im seeing a pattern with the Sony games and these are the most intrusive, albeit not hidden in a wall of text, things I have ever seen. AGAIN I would reconsider buying it if you could disable all data collection but until then I will reallocate my funds to yet again a different game.

I believe (will confirm later) this game was also ported by Chinese developers (Virtuos) so if you know the stigma surrounding these (Chinese) companies such as Tencent you know it is all about selling data, that should tell you all you need to know.",negative,negative,negative,negative
Steam,Days Gone,"How to not be invaded by Sony's data stealing/tracking antics guide.

Windows 10/11
Press Windows Key to open the search bar.
Type ""Windows Defender Firewall"" and press Enter.
Navigate to Outbound Rules.
In the Windows Defender Firewall window, click on the ""Advanced settings"" option.
Select ""Outbound Rules"".
Select ""New Rule"" on the right side of the panel.
Keep ""Program"" selected, hit next.
Find ""Days Gone"" file path and copy and paste it into the ""This program with"" box, Exp: D:\Steam\steamapps\common\Days Gone. Hit ""Next"".
Select the ""Block the Connection"" option
Then Select all options of ""Domain"", ""Private"" and ""Public"". Hit ""Next"".
Name your rule ""Sony can eat a fat D**k"" then press ""Finish"".

And there you have it. Sony can no longer track or ""steal"" your data. Cheers.",negative,negative,negative,negative
Steam,Days Gone,"I had noted that others had mentioned the privacy policy being extreme in terms of the data sent from my machine, so I watched to see how much data was sent or received and noticed a large spike of data being sent upon closing the process that isn't consistent with ""game logs"" or system spec information under the ""Limited Data"" option. I don't like the lack of transparency so I refunded the game.",negative,negative,negative,negative
Steam,Days Gone,"Collecting my data while the game is running to ""prevent hacks in a single-player game""? I don't think so Tim.",negative,negative,negative,negative
Steam,Days Gone,"You have no control over your data transmitted while you ""use"" these files. POA & connection information is visible wherever you go; nothing new. 

Days Gone requires you to submit to their data collection in limited capacity or full. 

That is NOT ok.

Most of these rebuttal comments are inherently flawed (going nowhere, no real argument). Consoles have the exact same components (each have their own MAC address which then is issue a network address to talk to other computers). The data being collected are hours played, time spent in menus, personal information, spending habits, category, genre, and so much more but you don't realize it because you just plug it in and play the game. 

The problem is with the hybrid class (millenial) we are not quite boomers but definitely not zoomers so we're in a position where we can fly a 1776 flag and defend our freedom (I.E. here) or resort to just vegging out for a weekend playing games. 

Now, we forward to here. You are being profiled and you don't even know it. I don't have to give you my resume or prove myself to anyone for anything.

Most people who are fighting or arguing literally have no idea what they're talking about. They justify it by ""oh you're already doing this and that"". 99% of their retort is complete misdirection. Just browse some of the reviews and you'll see flat out racism, rudeness, and literal toxicity for no reason. Because someone told you the truth. 

The POINT is what and why. Do you honestly think, in your brain, that they are collecting tremendous amounts of data just to improve 1 game? Wrong.

Any IT professional knows exactly what they're doing with your data.

The average internet user and/or video gamer has 0 clue. That's the point. Just put your CC in and play what I told you to play. And shut up, too!

It's not hyperbole. 

Turn your brains on, get off the drugs, and spend your money wisely with studios who protect your data. Data transmission is ok; it's normal. Forced collection & unclear what, how, when, or why is not. Read the privacy policy (if you get through legal terminology and redundancy) and you'll see exactly what they CAN and MAY collect. 

It's more than that. 

The issue is not collection. The issue is clear choice of outcome and specifics involved with WHAT is being collected.

Hope this helps (if you actually read this).",negative,negative,negative,negative
Steam,Days Gone,"The ONLY reason if give this a BIG NO in terms of recommendation:
The absurd and intrusive data collection that can only be stopped by blocking it with a firewall.
THIS is a big no-no.",negative,negative,negative,negative
Steam,Wildfrost,"Up front, I like this game. It has its fun moments. The major problem with it, and the reason I can't recommend it in its current state is that as others have mentioned; the game is massively overtuned.

I love a good roguelite deckbuilder. I made it a few levels into the ascensions in StS before I decided that they weren't fun for me. I made it to the mid covenants in Monster Train (9 i think?) and maxed every race. Overall I would say I'm a reasonably skilled player in the genre. For this one though, I just can't figure it out. To lay out my issues with the game as of now (Apr 12, 2023):

[list]
    [*] The areas are far too short. You'll be able to add maybe 2 or 3 normal cards to your deck, possibly get a charm or two, and probably add 2 companions before you face off against the first boss. This gives you very little time/opportunity to modify it in a meaningful way and makes it easy for RNG to really wreck a run.
    [*] Even normal monsters are a bit overtuned and far too unforgiving early in the run. A single small mistake on the second enemy can wipe you out
    [*] While I can get past the first area fairly reliably, the second area completely takes me apart. I find the most reliable way to get through the first section is using high health companions with a steady, defensive play style (swapping companions in and out and just dealing consistent damage behind a couple of tanks). The second area punishes you for playing this style. As far as I've seen you can get one of two biomes for your second area; poison or fire (or their equivalents, rather). Poison is simply overpowered against you. If your hero gets hit with a couple stacks of it, you're basically dead since healing is relatively difficult without being able to pull them back into the deck. In the fire area, it seems you need to be able to deal consistently high damage to specific targets. Failing to do so will cause their side to grow out of control. This area also causes a powerful ability (barrage) to become a huge liability.
[/list]

Devs, I really want to love this game. The mechanics are a lot of fun, the visuals are great, and the abilities usually feel really good. But the sheer difficulty and what feels like unfairness in the game just leaves a sour taste in my mouth.",negative,negative,negative,negative
Steam,Wildfrost,"This one's tough, I don't say that about many games. I love this game, I play tons of deckbuilders and this one is exceptional. Its such a hard thing to pull the trigger on but I just don't think this game is very rewarding after a certain point, along with some rather glaring flaws that I think hold it back from being more fun to play. 

THE GOOD:
- Charming adorable art style, absolutely in love with it. I'd pay for real charms to put on my phone/bag
- Soundtrack is cute and never gets old imo. I whistle the main menu theme all the time. 
- Easy to play, tough to master. VERY good snowballing. When a run works it fucking WORKS. Nothing more satisfying than getting a perfectly overpowered run. 
- Good strategy mechanics. I LOVE LOVE LOVE the managing of the 2 different lanes and moving units around to optimize turns. Very well done. 

THE BAD: 
- No way to say no to ANYTHING. Deck bloat becomes mandatory on some runs and you have to miss out on map rewards to get rid of 2 of a possible MANY cards you need/want to get rid of. I've had dozens of runs end because I couldn't draw what I needed due to a bloated deck that I couldn't avoid. 
- No rewards after battles. This one could be a nitpick. I admit that the amount of cards and charms you get from the map and from shops all at once is a good amount, but even tough as nails games like slay the spire give you a card or SOMETHING after you beat a fight. And some of the fights in this game are fucking HARD. Barely eking out a win feels so bittersweet when you see that there's nothing on the map after it that will help you, or you get useless cards/charms from the RNG. 
- No sense of progression after comparatively little time. Look, getting gilded frames and the true ending for beating the final boss with the bad bells is cool and all. But you're telling me I only unlocked 3 map events, 3 decks, and a handfull of companions and pets (which arent hard to get AT ALL) and then all progression just, ends? There's nothing but grinding out the true ending of the game after everything in town is unlocked. ""But what about the charms?"" I dont super count the things that you could barely see once across 10 different runs very rewarding either. After a while it just feels like the game is beating your ass for trying to play it. 

Between ridiculously hard encounters (some of which just amount to flat DPS checks that if your deck isn't up to snuff on will just end your run with no way to puzzle them out.), unrewarding long haul gameplay, and way more lack of control than I usually feel in a deckbuilder like this, I just kinda think Wildfrost is a hard sell. Its difficulty needs some major tuning before I personally think it can stand next to the big ones like Slay the spire and Monster Train. But that's one humble woman's opinion. The game IS fun, and the game IS good, and I encourage you to at least try it on sale. But get your money back if you don't like it.

Edit: Coming back to say that the final boss mechanic is novel until you create an unbeatable monster. Being punished on subsequent runs for doing well on a previous one feels very bad after a while. 
",negative,negative,negative,negative
Steam,Wildfrost,"Rating positive because I've enjoyed my time with the game and am appreciative of the continued work the devs have provided to this game but I have numerous complaints as someone with 1000+ hrs in the deckbuilding roguelike genre that I need to just write out for my own sanity: (From Most to least important)

1. Turn visibility to the player in this game is abhorrent compared to others in the genre.
In Slay if I am facing down a 40 damage attack but Ironclad is at 50 health I know I survive. If I reduced the attack of the enemy am intangible etc. Whatever damage is above the monsters head is what I'm taking. So it's not hard to do the mental math turn-per-turn.

In Monster train there is an active damage preview showing the player which units will die and take x damage before the player clicks the end turn button.

WAYY too many runs in this game I feel like I lose because an error in mental calculations. Juggling order of operations between potentially 12 units, effects, if x unit dies who'll they hit instead or after, etc. Since Ink removes the Wild keyword from the boar fight does it cancel out their multistrike since they only got that through that keyword to begin with? Only one way to find out and no it doesn't...and I'm dead.

Whereas in Slay you have characters with say like 40+ hp so there is some room for experimentation of game mechanics mid-run without it being outright potentially run-ruining. ""Oh didn't think that worked like that, oh well I took 4 extra damage then I needed to"". Here you are often juggling units in this game with very small single digit HP. Many times literally 1 HP.

You are constantly teetering on the smallest of screws up or misinterpretation of game mechanics or order of operations mistakes to flush a 30+ minute run at any moment and its mentally draining. It's the driving reason behind so many negative reviews and why so many casual players who are captivated by the approachable art-style bounce off this game so quickly. 

If I lose I want it to be because I put myself in a bad position, I should have taken x card, should have gotten more crowns to get my units in play faster, should have taken more munchers to thin out my desk to make it more consistent to protect against bad draws etc.

Game needs a preview turn button or a once per run redo on a turn, idk something. And you can then turn it off via a skull or something if you want the OG experience similar to the injured companions changes.

2. Lack of individual run variability / special events. Slay the spire & monster train between the encounters have some random event rooms that help spruce up the run. These serve an important role of throwing a curveball at the player.
If I'm building towards a deck with x synergies but an event room offers me a special card or item that I don't know when I'll be offered it again, that is engaging to the player. In Slay there are certain artifacts/events I may encounter once every hundred runs and those are the runs I remember.

But at a certain point in this you just end up going through the motions. I think lack of any sort of random events between encounters is a major drawback. Encounters always have a goblin for money, I win, choose a path of 3 rewards and rinse repeat.

Not saying the core gameplay loop isn't fun because it absolutely is, but there needs to be more variability. This could take many shapes, maybe there is a 3rd path sometimes between encounters but its clouded so its a gamble of what you'll get. Random events as I mentioned above, maybe some paths between encounters offer miniboss encounters that offer unique rewards but any unit loss is permanently gone etc. etc. Just something to separate one run from the next besides inherit deck synergy building which is implied as part of the genre itself.

3. More postgame incentive to continue playing, I enjoy runs in this game for their intrinsic value but I think there needs to be something else besides card frames.

4. Charms are too random and variable in usefulness. Straight up. Getting durian / balance charm / multihit can turn a losing run into a booming success. Getting Yank / bread feels like I legitimately got robbed of any reward whatsoever.

I think this game needs internal tiering of charms common, uncommon, rare. And then either have common, uncommon, rare gacha machines. Or you can put x extra money to guarantee a certain level, or have the % chance of common, uncommon, rare show on hover over the machine. I don't know something, hell even an option to sell charms you don't want at the shop. Stop giving me Yank charms.

Obviously all charms can't be winners it would make the game too easy but getting a bad charm early on feels crippling.

5. There needs to be a dialog box that pops up informing the player of unequipped charms prior to entering an encounter. I've lost multiple runs to picking up a charm, holding off on equipping it to see what units I get offered in case I want to put it on a new unit and then forgetting it to put it on prior to the encounter. 

6. There needs to be a way for the player to see what charms can go on which of your cards prior to purchase from the charm merchant. Moko charm (+1 frenzy, -1 attack, -1 HP) can't go on Snoffel presumably since it has no attack but there is no way for me to verify this prior to purchase.

7. The fact that Greed attack bonus isn't actively tracked on attack stat for both yourself and enemy units that have greed is straight up dumb as hell.

That all said Art-style is great, vibrant and captivating. Playing the game at its core is enjoyable, sound effects, visuals, and deck building fun is all here and present.
I know people always complain about balance in roguelike deckbuilders but considering its 3 different clans all with their unique synergies against so many bosses. I think its not bad. I never felt like an outright lost an encounter because I didn't have a way around x, I've definitely gone into some fights knowing I had a bad match-up or turn 1 draw but never felt like I outright lost on preview.

I just hope the game is improved more over time and maybe another clan is added.",negative,negative,negative,negative
Steam,Wildfrost,"So I've uninstalled at this point, and I'm going to own a thing right up front:

I probably play this too fast. I know this.

The thing is: this game will kill you a lot, and it will almost always be ""I could have survived if I'd noticed that one icon on a card somewhere.""

This is the problem: the game demands perfect perception of you all the time, and punishes you by ending runs if you miss any small detail, even ones you have not previously encountered or foreseen.  Unfortunately, it also makes that perception super difficult in a lot of ways - a lot of card effects are obfuscated as icons on cards that are easy to overlook (looking at you, fog).  A lot of effects that have common (or at least, common enough) name types in other games are named other things here (looking at you, teeth, shroom, etc) - it stacks up to be a game that demands much of the player. 

More than I had to give and still find the fun in it.

Perhaps you'll be different, but I can't recommend it.",negative,negative,negative,negative
Steam,Wildfrost,"I really, REALLY wanted to like this game as it looks very charming and is clearly very well-polished, but after having forced myself to engage and give it a fair shot, I just find it far too frustrating to play to recommend it to other people.

Here is my experience with Wildfrost: after a couple of runs working out the mechanics, I was able to get three wins in a row with incredibly broken decks that made the game feel easy... and then no more wins after that, despite trying maybe 20 or so times. I can't have gotten WORSE at the game after playing it longer, can I? ...Can I?

This forced me to confront some of the design decisions the devs have made with this game that I simply do not agree with. I will not say that skill does not matter in this game - it absolutely does, and if you pay attention to the mechanics you may get out of some sticky situations that you otherwise wouldn't have - but after my experiences with Wildfrost I feel any skill expression is FAR overshadowed by the main problem that this game has, which is badly balanced RNG. Throwing RNG at the player does not make a game 'difficult' because RNG does not reward skill, only persistence to even out the odds in a larger sample size - giving the player ways to offset or control that RNG *does* reward skillful decision-making, so Wildfrost's lack of such controls ultimately makes it far more frustrating than fun.

To explain: remember when I said I had a far easier time winning in my earlier runs? That was because I'd unlocked fewer things in the metaprogression, and therefore there were fewer cards in the pool. The synergies in this game require very strict deck building and management to use to the level needed to win a run, so ironically unlocking more things makes you LESS powerful because the RNGods are more likely to offer you cards that in no way synergise with your current setup, thereby losing you the run even if you play well. Seriously, if your first 3 Followers have no synergy with each other or your deck, just throw the run and start over because you're wasting your time otherwise. For a game which pushes you so hard into the 'one more run' mentality, I found it hard to believe that there's no run reset button in the pause menu.

I play a fair few roguelike games, so pondering on Wildfrost's RNG problem has made me think about metaprogression mechanics that other roguelikes - or roguelites, if you prefer - use to offset the problem of an expanding RNG pool:

1. Stat boosts: As you complete runs you gain incremental increases to your stats that make you objectively more powerful than you were in previous runs, so even if you get a no-synergy build you might still be able to struggle through regardless. This has the problem of making randomness obsolete at lower difficulties, but that shouldn't be a problem with sufficient difficulty customisation (like the curse bells). This rewards you for your time investment in the game by giving you straight-up power in exchange.
2. RNG control: Roguelikes may give you the ability to reroll or mulligan a randomly-generated choice, which still preserves the random spirit of roguelikes but helps even out particularly trash RNG. You can even make rerolls a more involved mechanic by rewarding players with the ability to gain more rolls for skillful play, like letting them buy rerolls with the in-game money (better play = more money = more rerolls, if you want them). This rewards you for skill expression as choosing when to use a limited resource necessarily results in meaningful decisions, plus the incentive to get more rerolls is a nice carrot to dangle in front of the player.
3. Risk management: When roguelikes give you the option to make a run harder (which Wildfrost does), they will often also give you some kind of bonus in exchange for the harder run, usually metaprogression currency (which Wildfrost doesn't). This rewards you for trying harder difficulties therefore incentivising you to get better at a rate that you have control over, and ultimately even if you lose the run you'll probably still get more metaprogression goodies than you would've if you hadn't dared so greatly, so even failing feels good.

And that is ultimately my biggest issue with Wildfrost: its metaprogression feels weak and does nothing to offset its core RNG problems. There are exactly THREE fixed options you can make in each run: which Pet you take with you, which deck you start with and which curse bells (difficulty modifiers) you add to the run. EEEVERYTHING else is RNG, meaning that once you understand what all the synergies are, the only incentive to keep playing is hoping against hope that each time you start a new run the stars will align and Wildfrost's RNGesus will finally see fit to let you pick the cards you need to have an actually good deck.

I'm fine with games that are about grind, but only when that grind respects my time and investment by 1. giving me meaningful progression, 2. allows me to properly express the skills I've learned while playing and 3. gives me the confidence to play at higher difficulties even when I fail. Wildfrost only sometimes delivers on 2 and completely fails at 1 and 3 for me. It kept me entertained for a while, but I just don't see myself coming back to this game like I do some of my other beloved roguelikes. While putting new twists on genre formulae is by all means one of the reasons I love indie games, I feel that in this particular case the lack of features that are standard to metaprogression roguelikes like those I've listed above are very much to Wildfrost's detriment - which is a shame, given how pretty and professionally made the game obviously is.",negative,negative,negative,negative
Reddit,Wildfrost,I hate this makoko fucker good for him. I wish i had 10 of this card on my deck. Fuck u makoko i hate u,negative,negative,negative,negative
Reddit,Wildfrost,"Fuck Makokos!

Why do they have to attack so damn fast.",negative,negative,neutral,negative
Reddit,Wildfrost,This is me everytime this ugly fucker rears his stupid head. I’ll be enjoying the game and having a good time. But then start seeing red when he pops up. Fuck you Makoko I hate you too,negative,negative,neutral,negative
Reddit,Wildfrost,"I feel this hate. My runs when he appears are either 'lol, lmao' or 'ffffffffffuuuuuuuuuuuuuuuuuuuu'

There is no middle ground",negative,negative,negative,negative
Reddit,Wildfrost,"It's a $20 game though. I listed other reasons besides the price. I don't want all of that junk. I also said I was disappointed and said no thank you, how does that sound mad?",negative,negative,negative,negative
Reddit,Wildfrost,"Here's a tip I just found out, you can actually scope out the heroes from all 3 tribes so I check through all 9 choices before I make my choice. I always get at least 1 good choice. 

As for the RNG aspect, the charms are the most frustrating part. Some are so beyond broken that if you get them you insta win the run and others are so bad I don't even use them. There doesn't seem to be any real way to guarantee access to certain charms except the charm merchant giving you an actual choice. 

As much as I like wildfrost, the RNG aspect makes it hard to like it more then some other deck builders. Usually you have RNG from cards and building your deck as the only RNG but with the addition of charms it's just a bit much as far as RNG goes. 

All that being said, I'm only at 7 storm bells ATM so it's not as if I know everything about the game. Maybe others will know of ways to impact RNG in some way. 

Also, as a side note, a lot of the charms aren't even worth unlocking imo. I felt like I just added more bad options to the pool after unlocking them and that's not a great feeling tbh so I wish the unlocked charms were all good.",negative,negative,negative,negative
Reddit,Wildfrost,"why do I suck so bad in this game? lmaoooo.



I beat it one time and it's been a good 40 runs since then. sick build op, never seen that card that duped the novas.",negative,negative,neutral,negative
Metacritic,Wildfrost,"No chances to course correct in this game. Extremely unforgiving, to it's detriment.",negative,negative,negative,negative
Steam,Final Fantasy 14,Registration is a bloody nightmare,negative,negative,negative,negative
Steam,Final Fantasy 14,"The MMO was okay, I am strictly not recommending that you purchase it through Steam since it complicates a lot of account-related stuff (like if you wanted to play in another platform). I recommend buying it on another platform, like the website directly.",negative,negative,negative,negative
Steam,Final Fantasy 14,"Absolutely unacceptable service support. I am trying to link the correct square enix account to steam and have waited more than 4 days for support to respond, only for the ticket to be closed WITHOUT RESOLUTION. I paid money for the subscription and can't even login because of not having the right square enix account linked to steam. Terrible system and cannot recommend this to anyone.",negative,negative,negative,negative
Steam,Final Fantasy 14,"There are no words for how much I wanted to play and enjoy this game. Again and again I have tried to get into this only to be frustrated over and over by one of the worst login and authentication systems ever created. On multiple occasions I have come back to play only to find that my account suspended or locked out, citing the ""potential"" risk of the account being compromised by the suspicious activity of not logging in.  And still if there were some simple way to reactivate your account (as there is for basically every other game) it would only be an inconvenience. But because their stupid system is broken any attempt to reactivate your account just redirects you to the same login page and the same stupid message about the account being suspended and an email sent with instructions on how to reactivate; an email that only includes a link back to the same login screen. 

Now I am apparently expected to call and spend my time trying to get them to fix this problem over the phone or buy the game again and lose all my progress. Personally I would rather invest my time and money in a game that gives a shit about the player's experience and there are plenty of other options out there.",negative,negative,negative,negative
Steam,Final Fantasy 14,Trying to login into this game is like being the first wave of Americans storming Normandy.,negative,negative,negative,negative
Steam,Final Fantasy 14,"For anyone who's seriously into mmorpgs or final fantasy, this is the game for you. If you're like me, however, and only play games casually, this isnt that game for you. Despite being a fantastic game and there being tons of fun to be had, I can't get behind the pricing model, which is buying the game, and its DLCs, often at full price and then still having to pay for a subscription to access the content you paid for.

Definitely a great game for a lot of people, just not me.",negative,negative,negative,negative
Steam,Final Fantasy 14,"Lost interest after seeing how slow and boring to play the main story is. The story itself might be good overall (although overrated), but 90% of it was just running back and forward between people and loading screens just to read a ton of boring dialogue. Not to mention all the fetch quests. The absolute worst story gameplay and pacing I have ever experienced. It may as well be a visual novel.

The MMO aspects are great however, but because so much of it is locked behind such a long and boring story (it will probably take you at LEAST 400 hours to complete the story if you are doing NOTHING but the story (good luck staying awake if you do that). For me, I only got halfway through the third expansion before realizing the story is more or less the same throughout and is just not worth it. I ended up switching to Guild Wars 2 and enjoy it more.",negative,negative,negative,negative
Steam,Final Fantasy 14,It's mostly idle time.,negative,negative,negative,negative
Metacritic,Final Fantasy 14,MMORPG with great potential is sunken by fatal bugs and errors – first comes a catastrophic interface followed by the absence of player-to-player communication. [Issue#199],negative,negative,negative,negative
Metacritic,Final Fantasy 14,"It's not possible to see anything different than the will to use a famous brand, like Final Fantasy is, in this new Square Enix production: behind the cool art direction, tons of weird gameplay decision and a lack of contents make It, at the moment, surely inadvisable.",negative,negative,negative,negative
Metacritic,Final Fantasy 14,"It lacks character; bare-bones quests and audiovisual repetition fail to instill a sense of fantasy wonder. It lacks cohesion; communication failures, economic oddities, and stringent limitations leave you constantly directionless. And it lacks joy; the abysmal interface and boring monsters make it a struggle to stay invested.",negative,negative,negative,negative
Metacritic,Final Fantasy 14,"Final Fantasy XIV is in no way, shape, or form ready for commercial release. We suppose there is potential down the line for the experience to improve with patches and tweaks, but that doesn't justify why the game is in such shambles at launch.",negative,negative,negative,negative
Metacritic,Final Fantasy 14,"Empty. Souless. Unfinished.

Stay far far away from this disaster.

Worst UI in MMO history, massive empty world filled with nothing except cut-and-pasted terrain. Utterly boring quest system, hilariously broken economy (no ah and no way to search retainers).. I could go on and on....

Be very clear if you buy the PC version of FFXIV - you are paying Square-Enix for the 'privelige' of beta testing their PS3 release.",negative,negative,negative,negative
Metacritic,Final Fantasy 14,"Final Fantasy chapters should not be online, and if it is done, at least that is brilliant. It is not the case. The worst Final fantasy with a ton of really annoying bugs, restricting chat system and many wrong ideas. What demons is happen with Final Fantasy?",negative,negative,negative,negative
Reddit,Final Fantasy 14,And the terribad English voice acting,negative,negative,negative,negative
Reddit,Final Fantasy 14,"If you assume a the continuity and lore errors post-7.0 are because none of the new writers actually play the game or studied the game's story prior to writing for it, things make a lot more sense. Unfortunately, Square Enix won't own up to it and stated that the Scions are in this banner just for ""promotional"" purposes.",negative,negative,negative,negative
Reddit,Final Fantasy 14,"Yeah, sadly, they're gone. Same for Hades and Themis...",negative,negative,negative,negative
Reddit,Final Fantasy 14,"They've ""considered"" a lot of things in the past that ended up being nothing, like a massive expansion to GC ranks, weapon displays in housing, etc.",negative,negative,negative,negative
Reddit,Final Fantasy 14,"As someone who had to pvp the entire season every day back in s11 to get the hellhound helm I really hate that a lot of the pvp rewards are associated with cheaters and bad actors due to how prevalent they are in the community. 


Same with the final conflict titles, and this all stems from SE's horrible moderation of the ranking systems which they refuse to acknowledge.


But hey it doesn't affect their bottom line so they could care less, I suppose.",negative,negative,negative,negative
Metacritic,Battlefield 2042,a huge fraud from ea. i paid 100€ and now im supposed to buy a battlepass for 10€ when they released barely anything in nearly 2 years. disgusting service.,negative ,negative,negative,negative
Metacritic,Battlefield 2042,"2042 is the biggest disappointment for me personally since i play video games. It was advertised as ""ahead of schedule"". It was broken at launch, 6 months after release there is NO new content. It tries to be a call of duty with hero shooter elements although the battlefield gameplay was completly fine on its own.

The false advertising and bad managment from EA has reached an unforgivable low.",negative ,negative,negative,negative
Metacritic,Battlefield 2042,Horrible map design. Bad game play. Should've have launched in the state that it was in. And yet another time dice doesn't know their player base and just simply not caring.,negative ,negative,negative,negative
Metacritic,Battlefield 2042,"Worst battlefield ever made. And its not about its futuristic bias.

1) Map design is just TERRIBLE. A 128p lobby and the map is still a big empty world.

2) Specialists is one of the worst idea of all series. It becomes a game more about the soldiers special powers and less about tactics decisions and choosing gunfights. Sentinel ruins the game, they're everywhere. The traditional classes (assault, suport, engineer, scout) have NO purpose in the game

3) TOO MANY BUGS! You can search online and see it for yourself. Hitbox is just terrible, you cant revive friends whenever they die near walls, etc

4) wacky controllers on the console. Aim assist is just terrible, wich makes a clear unfair fight against PC players. You need to press 2 buttons to throw a grenade, 2 buttons to throw a medkit, etc. PS5 version released without haptic feedback support

5) NO VOIP. Wtf? How do you release a tactical shooter WITHOUT VOIP??

6) NO SCOREBOARD!!

7) Few maps and variety of weapons. How can a shooter like battlefield be released with ONLY 20 guns?

8) no infantry based mode. We know that BF series is famous for its all out warfare gamestyle. But we always had infantry based modes(TDM, domination..).

I am a huge fan of the franchise and i am so disappointed to be here criticizing the game, but its just impossible to have fun with it",negative ,negative,negative,negative
Metacritic,Battlefield 2042,"Battlefield 2042 isn't just a lackluster Battlefield game, it's a bad FPS in general. It's an overcorrect after Battlefield 5's marketing was criticized for its ""out-there"" CGI trailers. It isn't clear what Battlefield 2042 is, or even what it wants to be, beyond a bland step back. One can hope for meaningful content updates later down the line, but the ship is sinking before even leaving port.",negative,negative,negative,negative
Metacritic,Battlefield 2042,"Battlefield 2042 is nothing short of a rip-off, and screams of EA trying to see what they can get away with this generation. Overpriced, yet devoid of the content to justify its next-gen premium, it will leave franchise fans feeling insulted. Make no mistake, anyone looking to get into Battlefield should look elsewhere, or risk letting a lacklustre first impression sour their perception of what is otherwise one of the most premiere first-person shooters in the genre - which frankly just makes 2042's lack of content, lack of a campaign, and lack of polish all the more frustrating. Battlefield's legacy deserves better than EA squandering DICE's potential by launching a major title in a clearly unfinished state. Battlefield 2042 is a beta masquerading as a AAA release.",negative,negative,negative,negative
Metacritic,Warhammer 40k: Darktide,"Darktide’s pulse-pounding action will win it a lot of fans, but it feels like in the rush to get this out the door, developers Fatshark didn’t include enough content. Darktide could be the best horde shooter out there, but it needs more to do and progression needs to feel a little more meaningful.",negative,negative,negative,negative
Metacritic,Warhammer 40k: Darktide,"With all due respect Fatshark needs to be relocated to a country where developers actually have to work. What the fresh hell have you guys been doing for 4 years??? This is a mess!

You copied systems design, fundamental enemy decisioning, enemy types, etc. from your last game, and while I understand enough about game development to know that this doesn't mean you were free of work on the backend, it does put you further ahead than almost any other company releasing a game - sequel or not. The number and type of things transposed from Vermintide seems unparalleled in the industry. And yet, somehow, you did not spend the extra time this gave you in the above-average development time you had for this game on optimization or content. You have fewer classes than VT2, the game only looks better because of RTX lighting in dark environments, it runs on my 12700K/3080/nvme SSD at sub-60 FPS in 4K even with medium RTX, your ""70"" weapons are mere variations on theme, your ""story"" is an intro cutscene that leads into a style of campaign that even F2P pseudo-MMOs like Warframe and Global Agenda before it have executed better, and your shop UI/UX simply screams that you intend to fleece your community further post-launch. Maybe some of the monetization model could've waited until the game, you know, actually functioned with a comparable amount of content to your last release.

At the point where you have to frontrun a beta release with multiple press statements ""setting expectations"" for your product, it's time to sit down and have a conversation about why you're not ready to go to market. I sincerely hope Darktide doesn't get a pass simply for being in a genre that's been going the way of the RTS for the last ten years. If it doesn't, and the game is treated fairly by fans and the media, this release will be incredibly damaging to your brand.

But I guess you don't need to care about any of that: Once the Tencent acquisition retention bonuses are paid out, you'll probably lose more than half your talent anyway, just keep working with your fantastic cash grab partner. Great job, Fatshark.",negative,negative,negative,negative
Metacritic,Warhammer 40k: Darktide,"Overall game is fun, which is heavily pulled up by the universe it takes place in. Theory crafting builds for the four mercs is also fun.
However Fatshark has a fun tendency to break something, every time they put out a patch to ""fix"" a problem.
All the good looking cosmetics in the game, are locked behind a microtransaction paywall, with no exceptions. And the only cosmetics you can buy, are the re-colours of the achievement armours.
Console players got a fat stack of microtransaction currency (Aquillas), as an apology for server issues while PC users got some fugly looking armours.
As it is now, steer clear of this . Get Helldivers 2, that allows you to earn the microtransaction credits, by playing the game. As it should be.game",negative,negative,negative,negative
Steam,Battlefield 2042,"I realy wish Fatshark would replicate their great models, maps and gameplay in a different engine. I still sometimes play Darktide but it is 100% DESPITE the effing garbage engine that they use. I cant get a stable framerate at even the lowest settings, hit registration issues are even more evident given the amount of ranged weapons compared to vermintide. There has been 1 new Map sinsce release which honestly i realy like a lot. But still the awful bugs, performance issues and also weird rendering of smoke and sometimes light are ruining the experience for me. Just make the same thing in something like Unreal and might even purchase something from the stupid cosmetics store.",negative,negative,negative,negative
Steam,Battlefield 2042,"After a while the magic wears off and you start noticing all the infuriating bugs, specials killing you through textures, materializing out of thin air or weapons not firing at a whim. I really regret buying this game and wouldnt recommend it to anyone at this stage, It is clearly focusing mainly on selling you the ingame currency rather than the actual game. And they are doing really bad job of hiding what their focus really is.",negative,negative,negative,negative
Steam,Battlefield 2042,"This game was such a train wreck it made me majorly cut down on gaming and improve myself. I actually got homework done, started going to the gym and made fond irl memories with my friends!  Thanks DICE!",negative,negative,negative,negative
Steam,Battlefield 2042,This game made me realize my relationships were not actually all that broken,negative,negative,negative,negative
Steam,Battlefield 2042,legit cant play the game without it either crashing or completely rebooting my pc,negative,negative,negative,negative
Steam,Battlefield 2042,very mad i wasted money on this,negative,negative,negative,negative
Steam,Battlefield 2042,The Roblox Natural Disaster Survival game has more destructive tornados.,negative,negative,negative,negative
Reddit,Battlefield 2042,"The sound is so fucking awful. In portal, battle chatter is twice as loud as someone shooting a gun next to you. There is absolutely zero grand scale feeling of war or a shooter with how this sound design was implemented.",negative,negative,negative,negative
Reddit,Battlefield 2042,"Its kinda sad that 100x better is still worse than BF3/4, sound design is one of the details you don't notice until they fuck it up  


Post Scriptum/SQUAD have some of the best sound designs I've seem in games, both indie shooters...",negative,negative,negative,negative
Reddit,Battlefield 2042,I'm happy for the people who like it but I already uninstalled tbh. I really wanted to like it but I just don't,negative,negative,negative,negative
Reddit,Battlefield 2042,Same I’ve fully lost faith in DICE,negative,negative,negative,negative
Reddit,Battlefield 2042,I don't want to even think how next BF will be. It feels like it's a game done by some random company that only does F2P madness from reused assets.,negative,negative,negative,negative
Reddit,Battlefield 2042,"I’m both sad and angry. I’m fucking furious and crying at the same time. 

How the fuck is stuff like this allowed? How the fuck can DICE release this game in it’s current state. 


FUCK.",negative,negative,negative,negative
Reddit,Battlefield 2042,"Fuck i hope someone from DICE reads this list, and realize just how much they missed the goal..

Ill admit i had fun for 10ish hours.. but these things became more and more obvious, and the fun just dwindled rapidly.",negative,negative,negative,negative
Reddit,Battlefield 2042,"Seriously, it feels like they started development like last year",negative,negative,negative,negative
Metacritic,Warhammer 40k: Darktide,"Lazy game design oriented around catharsis rather than challenge. Wasn't made with the intention of creating a good video game but from profiting from a loving fanbase. Cynical, lazy, boring, don't waste your money on this sorry excuse for a video game.",negative,negative,negative,negative
Metacritic,Warhammer 40k: Darktide,"No scoreboards, boring weapons, lack of fun build routes, all while a lot of is a copy-paste of Vermintide 2 content with less refinement and depth. Gameplay just plain feels bad, and have fun with 0 movement mechanics because the new sprint mechanic bulldozed all the map design.",negative,negative,negative,negative
Steam,Warhammer 40k: Darktide,"In September of 2024, the Unlocked & Loaded patch dropped for Darktide. This patch brought with it the long [i]long[/i] awaited itemization and crafting rework. It included features such as a mastery system to unlock weapon blessings and the removal of locks when crafting weapons. All of which, were fantastic additions to the game.

Having pre-ordered Darktide over 2 years ago in November of 2022, I have had the opportunity to experience how far the game has come. Unfortunately, this comes with the nagging realization of ""Why did it take 2 years of development to get the game to a place that's worthwhile?""

Many of the features that have since been added over the years, have been incessantly clamoured for by the community. Sometimes, modders would take matters into their own hands and create those very same quality of life features that are now a part of the core game. For instance, the now obsolete Contracts Overlay mod, released on 2023-04-27, would allow you to pull up your contract progress mid-mission. It only took Fatshark an entire year to include a similar functionality with the Path of Redemption update (2024-04-16).

Something as simple as wanting to track the live progress of a grind during a mission, seems like a functionality that should have been included on release. In what scenario, would someone [b]not[/b] want to know that they've performed enough Scab melee kills and can now focus on Dreg ranged kills? Perhaps there's someone out there who enjoys inefficiently exceeding targets for no additional rewards /s.

Ultimately, there's a theme of basic quality of life features, that should've existed on release, being incorporated years later. Although some features, like NumericUI, are still awaiting an official Fatshark implementation (maybe in another 2 years?). It's all very disappointing and if it wasn't for modders, I would say that the gameplay experience would have been far worse off.

If someone were to ask me, whether I would recommend vanilla Darktide. I would say ""No."" for most of the game's lifespan. Only now with the Unlocked & Loaded update and the recent closing of the [url=https://old.reddit.com/r/DarkTide/comments/1gjq0v5/the_book_of_grudges_is_closed/]Book of Grudges[/url], do I feel like the game is worth recommending. But I can't lie, it's both a reluctant recommendation and a cautionary tale of the classic Fatshark development curse (it looks like the Vermintide veterans were right all along).",neutral,negative,negative,negative
Steam,Warhammer 40k: Darktide,"I love this game, I really do. I'm a huge 40k nerd and love the setting, hell I even played VT2 and loved that. But there is no excuse for the game to be in the state its in, and you should wait for it to go on sale or avoid it entirely for 6 months - a year. Even at 40$ it's not worth the money, and here's why:

Terrible optimization
- Many players are incapable of running this game at acceptable frames if they're able to at all. It's not uncommon to see complaints of rigs capable of running much more graphically intensive games at well over a hundred FPS struggle to maintain 60 after decreasing resolutions and lowering settings. This isn't even mentioning how inconsistent it can be on lower end machines, from running better than several thousand dollar rigs, to locking up one's system entirely. Memory leaks, random client-side crashes, and inconsistent at best servers which have a nasty habit of disconnecting people at random times in matches or preventing people from even logging into the game to attempt to play. While its better than it was in the beta, it's still common enough to be a reoccurring complaint.

Missing Content and Micro-transactions
- While the game has released in a half finished state, not even having a fully functional crafting system which was a selling point of the game, one which has been walked back and clumsily so by the CM's from what was promised in marketing and hype vs what is being delivered (over the course of December if the updates are to be believed), the game has a fully functioning Micro transaction store which is several steps back from vermintide's system of buying cosmetics direct for cash. This one uses a premium currency, and had until very recently employed FOMO tactics by placing the MTX store on a weekly timer (the timer is no longer in the MTX store, though the stock has failed to refresh for some reason). I personally don't mind a MTX store, or premium currency, though I preferred VT's implementation. But having one implemented in the ""Full Release"" before the crafting system, full arsenal of promised weapons (some of which are in promotional trailers and on the box art and aren't in the game) and supposedly the other 3/4 of the game is a slap in the face.

Anti-Player Tactics:
- While many are split on the implementation of the Coherency mechanic present in Darktide, many of the ""achievements"" (penances) for character progression are designed in such a way that it encourages players to either completely subvert or nearly actively troll matches to accomplish them. Some can't be completed without a full stack of coordinated players, and while there should be rewards for difficult things, they should be for all those who participate in a difficult challenge, not a moderately interesting T-Shirt for one team member. There are many more balance, design, and account issues which contribute to this beyond in game achievements, and I suggest you peruse the forums for a more varied series of accounts on this like the lack of either any or commensurate reward for completing challenges, beating optional bosses, or completing secondary objectives and the absurdly designed loot/shop systems with completely RNG weapon selection and weapon stat/blessing rolls.

Balance and Jank
- The game's servers have severe issues with hit-reg, spawns are janky and inconsistent, dodges don't dodge they temporarily break tracking so even if you're far enough away from an enemy to watch them whiff their strike you'll take damage, dodging with a ranged weapon doesn't break tracking so you'll get hit regardless, key combat components don't function consistently (suppression, melee challenging shooters, dodging disablers, the ""you're about to be hit from behind so you need to turn around/spidey sense"" noise not triggering consistently, etc), the game will spawn enemies directly behind you after clearing areas allowing enemies to get free hits, weapons are under powered across the board which makes the few properly tuned weapons stand out like they're op juggernauts, many talents (perks/skills) are broken/worded poorly/don't function at all/ or are severely underwhelming, the Veteran class dominates the game as it is one of the most optimally tuned classes with a solid answer to everything despite being marketed as a back line ""sharp shooter"", Zealot and Psyker have been significantly nerfed since the Closed Beta Test, stagger from incoming toughness damage often puts players in a death spiral on higher difficulties due to it staggering your movement and preventing you from getting out of fire, **as of 12/15/20 zealot's ultimate has been fixed**, every class in the game barring ogryn can nuke elite enemies faster than the dedicated elite hunter (psyker), blessings and perks on weapons can be counter intuitive and useless (like a reload speed bonus on weapons that don't use ammo), and many many many more issues. I again suggest looking on the forums for a more complete understanding.

Zero Endgame or Story
- One of the game's marketing tactics was to advertise that Dan Abnett, writer of the critically acclaimed Gaunt's Ghost's and Eisenhorn 40k Book Series wrote the story for this game. Much like the rest of the game, most of the story is missing as well. While I won't spoil the little that is provided, it's fair to say that the development team got confused between implementing the story and implementing the story board, as (and I say this without hyperbole) have read sparknotes with more detail and complexity. If Dan Abnett wrote this, they must've stolen the basic outline he wrote on a coffee shop napkin and ran with it. Additionally, there is no reason to max level your character other than to unlock the whole talent tree. You get no higher drop chance for better weapons, there are no incentives other than money (which is plentiful) to complete more difficult missions, you get no special missions or new modifiers. The best you get are decorative cosmetics and some changed voicelines among ambient NPCs in the HUB area. Everything is designed around artificial player retention, and a level 30 player with 30 hours on a character, due to the RNG, may have the same gameplay benefits as a level 30 player with 300 hours, personal skill not withstanding. There are 5 difficulties and 13 maps (supposedly), many are thematically identical, and while 40k is supposed to be grim dark, the series has a wealth of environments to choose from, even in a hive city which could've been implemented to introduce meaningful variety.

The End
- I could keep writing reasons why you shouldn't buy this game, but I will not as many have done so before me already. The core gameplay loop is amazing, despite its flaws, and here in a year or so i'm sure it will polish out. But you shouldn't buy this game. Fat Shark already made two tide games, the second entry in the series being a prime example of a phenomenal change from bad to good as the team polished the game up significantly over the years. But all of that progress is gone, all of the strides they'd made with QOL and gameplay, balance, combat, communication, transparency, etc have all been washed away. Somehow being the third Tide title, they've taken 2 steps backwards and none forwards. The entire community is very confused as to how the game has turned out as it has, and the fumbling of the Community Managers with regard to responding to these questions and criticisms has done nothing but evaporate goodwill and seed doubt. Despite what Hedge (a prominent community manager) will tell you, this game is in Early Access, and if you've played it you know it, regardless of how fun and enjoyable it may be. The game is not finished, and even with it being as fun as it is, it's not worth 40$ by any stretch of the imagination. Buy it if you like fun early access games or being a beta tester, but if you want a polished product you'll be left wanting. I suggest checking back in a year.",negative,negative,negative,negative
Steam,Warhammer 40k: Darktide,"In the Emperor’s name, Darktide beckoned us with promises of purging heretics in the darkest depths. The gameplay is fierce, the graphics are a grim delight, and the soundscapes echo with the Emperor’s wrath.

Yet, Fatshark has forsaken us. Compared to the relentless support for Vermintide 2, Darktide's updates are meager, leaving us wanting. Instead of delivering new content, Fatshark floods the cash shop with ludicrously priced cosmetics, a grievous insult to loyal servants of the Imperium.

Fatshark, heed this call: The Emperor demands more. Until then, We cannot recommend this game.",negative,negative,negative,negative
Steam,Warhammer 40k: Darktide,"Hi, this is my 100 hour review.

Good: Devs
Bad: Executives
Explanation: Visuals audio and gameplay are top notch. They nailed the 40k atmosphere, gunplay and melee are visceral and satisfying. The mission types are fun, there needs to be more of them however. 

The problems are things that happen outside of an actual match.

The crafting scheme is a huge middle finger from Fatshark/Tencent C-suite straight to the playerbase. The timegating, the arbitrary locks, the system of gaining blessings etc...all of this is aimed at artificially inflating play time, a ploy aimed at hiding Darktide's lack of mission content. This synergizes with a cosmetic shop that only rotates one page twice a month. So they keep a player stuck on a convoluted upgrade/crafting scheme so they can drip-feed overpriced cosmetics to them for as long as they can get away with.  Why else would the cosmetic shop rotate so slowly if not for weaponizing FOMO against you? For contrast, Vermintide 2 has all cosmetics available all of the time in the shop. You will also pay far less for a new class+cosmetics in V2 than you would for simply a cosmetic in Darktide. 

It almost seems as if Fatshark has forgotten all of the lessons they learned from Vermintide 2, unless of course, they are simply focused on squeezing their loyal fans for all they are worth. 

We are their lifeblood, perhaps we have all forgotten this?

The game gets a negative review for me. Darktide is an amazingly fun game that has been hamstrung by greedy Tencent overlords. If/when the crafting/shop/greed situation is addressed, this review will flip to positive in an instant.",negative,negative,negative,negative
Steam,Warhammer 40k: Darktide,"I used RNG to determine whether my review of this game with RNG crafting, RNG upgrading system,  RNG weapon shop offers, RNG mission selection, RNG mission modifier selection and RNG mission completion reward would be negative or positive.",negative,negative,negative,negative
Reddit,Warhammer 40k: Darktide,"I have a 3060ti and the crashes towards the end of beta were insane.  Most of the time it was the same behavior, load into the game fine, start a mission, crash, load back in, reconnect, good.  When I was leaving a mission, it was a smaller chance of crash, maybe 25%, but joining a mission?  100% of the time, crash. 

Towards the end of beta, it was load the game, crash, load again, get past character select, choose mission, crash, reload, reconnect, crash again, reload, maybe reconnect is still there, maybe not.

It wasn’t until the last day of the beta that I was able to get in and play 3 games back to back.  

The game is fun, but the crashing was insane for me.  

Beyond that, the progression doesn’t feel very rewarding at all.  I played as a zealot and by level 10 had gotten one cosmetic drop, and neither of my feats felt even noticeable in game play.

The core play is great, super satisfying combat, but there was a lot working against it.",negative,negative,negative,negative
Reddit,Warhammer 40k: Darktide,"^ this is literally my stance on this as well, I always hate that anytime a situation like this arises in a fandom it gives rise to a group who take the valid criticism as a personal attack and begin vehemently defending or downplaying all its flaws. I love the game but it really does need some work and its rather disappointing to me that with all the time and investment they put into this game it’s been released like this.",negative,negative,negative,negative
Reddit,Warhammer 40k: Darktide,"I just got the game, I was super excited to play it, I was having fun, and then it crashed. And crashed. And crashed. 

Seriously I've played 5 hours total, and it's crashed at least 10 times. It's just not playable for me. And it's unfortunate, because the times I was able to get some uninterrupted game time in it was fun. I'm on an R9 5900x and 3080, latest Nvidia drivers. It should be able to deal with this game.",negative,negative,negative,negative
Reddit,Warhammer 40k: Darktide,"Fatshark is a little bit incompetent but that's because they're understaffed for the size of the project.

But y'know what, I don't really care because Fatshark are also passionate about their game and they're trying to make it better.

They respond to community feedback and do there best to stay on top of game breaking issues.

Do you know how many other developers, with bigger teams and budgets in the high millions just shit out broken garbage and intentionally make bad game design decisions to leech money out of players these days?

I'll happily wait and give Fatshark the time to do what's right, if Darktide is in need of fixing there's plenty of other good games to fill the void while I wait including Vermintide 2 which has had the time to be fixed and balanced by Fatshark.

EDIT: at this point I've downvoted this post myself, I no longer agree with what I said as since then I've read 4 discord posts by hedge addressing all of the missing promised content like crafting and 70+ weapons since the launch came out that I'm now beginning to genuinely feel like Fatshark doesn't care about their player base.

I personally am not going to play anymore Darktide for the next couple weeks as currently I'm still eligible for a steam refund on Darktide, if Fatshark continues the current trend of lying directly to their player base and doesn't change their behaviour before 14 days pass I'll be refunding and not repurchasing until the game is actually ""complete"". Which may be never.",negative,negative,negative,negative
Reddit,Warhammer 40k: Darktide,It’s a surefire way to burn out the devs and make this game die real early. Almost certain that happened with Deathwing,negative,negative,negative,negative
Reddit,Warhammer 40k: Darktide,"Fatshark as a developer apparently seems intent to *not* learn from their mistakes, going by VT and VT2, and instead to just retake the class every 3-4 years.",negative,negative,negative,negative
Reddit,Warhammer 40k: Darktide,"It was a mess of poor design choices, unbalanced units, unforgivably bad dialogue and narrative beats, and the shift from RTS to DOTA style gameplay was their main problem. I'd not have bought it even if they were transparent about the change.

Relic deserved every bit of shit slung at it from the community because changing the core loop of a franchise is business suicide. What if Activision  decided it wanted to be make a doom game instead, completely cut out the FPS mechanics and had third person camera's, then slapped Call of Duty Modern Warfare 4 on it. 

Saying that I fully respect the developers who made the game. It takes a lot of sweat to make a game to this sort of quality, it just wasn't the game anyone wanted.",negative,negative,negative,negative
Reddit,Warhammer 40k: Darktide,"Yeah, I remember the contention switching from an RTS to a smaller squad based game had with people but what it lost it made up for by having a solid gameplay loop, coop and a great campaign.

Right off the bat with DoW3 the campaign felt bad, dialogue was forced, spawnable units? What were they thinking...",negative,negative,negative,negative
Reddit,Warhammer 40k: Darktide,"The first two were both great in their own right, for different reasons. The 3rd was dog shit.",negative,negative,negative,negative
Reddit,Warhammer 40k: Darktide,"Sometimes it can definitely feel damn near unplayable though. Crash after crash after crash, especially after the most recent update before the launch maintenance. I have a 3070ti and AMD R 7 5800X.  My game CHUGS when I play a game of heresy, where I can play other graphically intensive games and it still keeps 120 fps no problem. This game is quite poorly optimized and that should be stated instead of pushed aside because OP happened to like the game.",negative,negative,negative,negative
Metacritic,Wasteland 3,Can't change the camera movement keys. This is something unacceptable in 2020.,negative,negative,negative,negative
Metacritic,Wasteland 3,"Even if this game weren't a buggy, unworkable pile of trash it would still be bad. The mechanics, story, and gameplay all fall flat and are not entertaining. You compare it to a similar game like Divinity Original Sin 2 and you easily see this game delivers far below par. Add on top of this that this game is a buggy mess littered with game-breaking bugs and terribly long load times (even on SSD) all over the place and this is the easiest 0 rating I've ever given in my life.",negative,negative,negative,negative
Metacritic,Wasteland 3,"QUIT USING YOUR CUSTOMERS AS BUG TESTERS!
Wasteland 3 has more issues than Fallout 76! Fallout 76 got ripped a new one, while Wasteland 3 gets almost universal praise. In this current state the game is unfinished and virtually unplayable - hence a 0. Crashes, crashes and more crashes - to add salt to injury the loading times are inexplicably long: this is not a state of the art game that would justify such loading times!
Seeing this game, I can't but wonder, what took the devs so long to make this? Quality testing? Hell no! Stunning visuals/ cutscenes? Nope, still the same as in Wasteland 2! Seriously, InXile, what the ef did you do in those years??? It feels more like a Wasteland 2.5 . Groundbreaking new game mechanics? You wish!
It even does not have that much tactical depth to it: there are no factions! Two different enemies (mutants & raiders) don't fight each other, but both attack my group. Hell, even classic DOOM had monster in-fighting!
The camera has issues as well and don't get me started on the botched stealth system. Graphics look badly outdated, I personally did not care for the cartoonish style.
If you have Wasteland 2 - stick with that one and avoid Wasteland 3 like the plague.
Re-fkin-funded!",negative,negative,negative,negative
Metacritic,Wasteland 3,This game is unplayable trash. I have had over 15 crashes and entire quests broken. Combat is horribly designed with the winner being whoever can shoot first. To put it bluntly this Is a middle schooler learning programming tier beta game where you will be the unplayed tester.,negative,negative,negative,negative
Metacritic,Wasteland 3,Another unfinished and buggy game from a newly Microsoft owned studio. Wait another half year if they fix the numerous bugs and glitches.,negative,negative,negative,negative
Metacritic,Wasteland 3,"I have better name for this game: Crashland 3.
Game crash every 15min :/ No matter - if you are shoping or fighting. And after crash - you must wait 2min after game will load again...",negative,negative,negative,negative
Metacritic,Wasteland 3,"One of the first characters you meet is a female leader of your military unit. She's bestest at everything and everyone loves her, and the only reason she looses is because 1-dimensional male villains who lick knives while talking to you jumped her with overwhelming numbers and superior weapons, and she still managed to kill like half of them.

The first male leader you meet is called The Patriarch. He of course turns out to be a loser with big ego who needs to be taken down and substituted with a woman. That's basically the theme of the game. Men are patheric loser and whiners who only get ahead by doing evil things, while women are the bestest, and if they fail at something, it's because they were put in an impossible situation.",negative,negative,negative,negative
Metacritic,Wasteland 3,"when stupid an Dummy makes a game you get this.
they obviously know nothing of weapons. I mean how does a shotgun at point blank range miss? that is the whole point of a shotgun. it sprays so it has a high chance of hitting the target.
not to mention the missions arent interesting, and the characters arent interesting. so much more but if you decided to play you will see what i mean.",negative,negative,negative,negative
Metacritic,Wasteland 3,"Much like The Outer Worlds, another game by an RPG studio recently bought by Microsoft, this is a game that should be more ambitious given the resources of the publisher behind it. Instead its just like Wasteland 2 with snow. This disappointed me because trailers I'd seen of the game had showcased conversations with full facial animations, this is something that only happens during some interactions though. Maybe InXile got the Microsoft cash too late in development to really make this game stand apart from its predecessor, either way it didn't hold my interest like other CRPG's such as Pillars of Eternity 2 InXile's most recent The Bards Tale entry.",negative,negative,negative,negative
Metacritic,Wasteland 3,"Very high production value (awesome music, solid sound design and NPCs' voice acting, beautiful graphics and cinematics) doesn't make up for extremely poor performance, caricate, nonsensical and unrelatable characters, factions and worldbuilding, huge amount of bugs, inconsistant ruleset (combat starting, abilities usage, status effects, environmental interaction etc) and poor main story with completely unrelatable and unemergencial plot driver ala Fallout 4.

Wasteland 3 tries to go deeper into the tactical aspect (like XCOM) and sacrifices the roleplaying aspect of the game to do it, expecting that its more cinematic-ish presentation will make up for it. It doesn't. The game doesn't really appeal neither to tactical nor to CRPG fans. The inconsistent mechanical ruleset is sometimes sacrificed for the sake of the cinematic presentation (such as combat initiation extreme unpredictability due to the completely random trigger distance for scripted events such as dialogue and cinematics) and sometimes just plagued by what seem to be bugs (but we can't really be sure of it, such as AoE abilities' randomness on uneveven terrain).

The RPG aspect get sacrificed because the worldbuilding is incredibly poor. Don't get me wrong, the game looks and sounds amazing, but the only believable and relatable NPC is the game's real protagonist, the Patriarch, and probablly his daughter. Every other single character is unidimensional or dull or too caricate or every option of these. This includes your non-ranger companions. The de facto rangers are completely disposable blank slates that you spec and use solely for mechanical reasons. The factions are extremely hard to swallow, too. Not because they're over the top (which they are), but because their actions make little to no sense.

The thing that amazes me the most is that Wasteland 3 pulled a Fallout 4 on us. The game's main plot is the following (don't worry, no spoilers, everything is given to you at the very beggining of the game): you are in a convoy of desert rangers sent to Colorado to secure a deal with a local strongman, the Patriarch. Your orders are to act in Colorado to secure this deal that will allow the survival of your organization back home. You play the whole game in Colorado, you recruit people from Colorado, you don't play the game back in Arizona (your supposed headquarters), you have almost no contact with Arizona or people in or from Arizona during gameplay, everyone you meet and everything you mess with is in Colorado and regarding Colorado.

You, as a player, have zero reasons to care for the desert rangers' headquarters in Arizona, just as you have zero reasons to find your character's son Shaun in Fallout 4. As a player, there is absolutely no urgency, drive or simple plain reason to care for or even follow the plot's objective of saving the desert rangers' headquarters. You don't care for it. it gets to the point that it's annoying, even, And that can be overlooked in a tactical game, maybe in an 'immersive sim' or one of Bethesda's games, but not in a CRPG.

The drive to cinematicisim omnipresent in the game's design and final presentation result in the dominance of heavily scripted scenes. There's next to zero systemic design in this game, it's kind of the polar opposite of Divinity: Original Sin 1 and 2. Almost nothing is really interactable, there are few interactable environmental effects and objects, and, IMO to the detriment of the gameplay, everytime you try to be creative and resolve situations in a way that the devs didn't intend to, the game either doesn't allow you to or simply breaks. Both mechanically and narratively. It's a shame.",neutral,negative,negative,negative
Steam,Wasteland 3,Trash,negative,negative,negative,negative
Steam,Wasteland 3,"Garbage.

""Autosave"" means ""Somewhere in the last three hours"". If you want to loose your items and play stuff six to eight times because you never start with initiative, this is your pile of crap to take.

Do not buy.",negative,negative,negative,negative
Steam,Wasteland 3,"This is one of the worst games I have played through to the end. It was full of horrible bugs, and one of the worst ones was a bug which made my entire party abandon the team after every encounter. The camera would freak out plenty times. The UI was bad and frustrating to deal with even just basic obvious choices like the skill tab having skill perks with info on a scroll bar so you can't actually read the perks you are trying to hover over.

The story has bad writing. There wasn't any compelling characters and at no point did I feel like I grew to care about anyone. Actually, I was relieved when I finally found out that I could make more than just the initial 2 custom characters to not have to worry about the stupid bug where all the party members were leaving for killing enemies even when they ambush attacked us on the road.

For a game that claims that choice matters, it suffers a lot from presenting the illusion of choice in so many encounters. One of the worst cases is forcing you into impossible to beat boss battle with no way to win. Others are ridiculous things like saving NPCs who are held in captivity as slaves, only for them to have no response to you at all. No change in dialogue, no gift, no joining your base, nothing. The writing for the story was very clearly meant to force you down a certain path, and the more obvious that became the more I disliked it.

The music was very odd. There was not much ambiant music nor battle music. The few times that a unique song does play, it's not always unique. America the Beautiful played multiple times in my playthrough and only once did it ever fit thematically with the scene/area of the game I was in. The music was very unfitting during almost every chance it was used.

The humor that the game tries to use at times is often so poorly done that it's not funny at all. Sometimes there's choices they made in their writing that go beyond a bad joke and are almost offensive, like the insane choice to make every clown in the game speak Spanish to you but the characters at times sound like they are voiced by people who are forcing a fake accent.

There were so many loading screens which made the game needlessly longer. And as if to make it even worse, there was delay even in the dialogue box options. Even a simple request like healing the party for some reason always has a few seconds of delay before they do it. There's no reason for this, and at first it isn't that bad. But you need to heal all the time and it becomes more frustrating each time. When there is not a game breaking bug happening, tons of little annoyances like this build up and make the game so much more unpleasant than it ever needed to be.

This game feels like it has the structure in place for others to make maps or something at least, but they didn't even have that as a feature in the game. So there's no point in playing this game and I would never recommend buying it. I got it as a gift and got to play with my friend, and we just grew to hate it more and more as time went on. By the end, it was a relief to just finally be done with it.",negative,negative,negative,negative
Steam,Wasteland 3,This is the second worst game I have ever played.,negative,negative,negative,negative
Steam,Wasteland 3,"While game itself is great and reminds me of classic Fallouts (music, characters, dialogues, easter eggs, etc), I can't recommend buying it on Steam because of the way DLC activation is implemented, it's simply horrible.

If your Internet connection is interrupted during gameplay - DLC quests will just silently disappear, costing you hours of progress and it breaks your save, not carrying over your DLC desicions to the main game, and questlines get restarted without the ability to actually complete it again. While looking up solutions I found threads dating back to 2021, it's 2025 now and the issue is still present and unfixed.

Avoid Steam version and buy it DRM-free on GOG if you have unstable internet connection.

Developers need to state on the store page that internet connection is a [b]hard[/b] requirement for playing the DLCs, because otherwise your saves will get broken.",negative,negative,negative,negative
Steam,Wasteland 3,Mission log bug where all main quests become empty. Forums and posts all say a full restart is required to fix. Fuck off.,negative,negative,negative,negative
Steam,Wasteland 3,"Let just say the voice acting, music, and graphic are very good. In contrast, gameplay is so bad that you can't stand it. It's like a form of idea rather than a good game playing. Worst of it, everything you unlocked is in late game and can't be cross saves( no Game+)",neutral,negative,negative,negative
Steam,Wasteland 3,"After 116 hours of play and many updates later i feel this game is up to where it should be, there are still bugs but not game breaking. The story is solid and rewarding, and just like in new vegas if your CHA is high enough you can pretty much just tell people to go away. The combat is rough some times but other times its a slow grind of people dying getting resed using a pack on them and then on to the next fight.

in the end i would say its a good game however for me the replay value isnt there.

leaving my old review below in case it matters

--------------------------------------------------------

At first glance, the game has awesome combat much like Xcom ,divinity RPG style, Borderlands humor and fallout art vibe. However the issue with this game is all the bugs left over and a lot of missing polish. 

There is no seperate save for the multiplayer VS single player so you will over write your singleplayer or multiplayer campaign if not payng attention.
 There is a bug that wipes your money and quest progress as well as never ending loading bars. Friends will suddenly be disconnected online and it ends the whole multiplayer session. 
The game has issues with the followers you hire and how many the game can control

Honestly its a kind of exhausting list of problems, and even though i will keep playing it with 20 hours of game time in 2 days... i would say hold off for now and i really really hope i can change this review when the game is fixed.",neutral,negative,negative,negative
Steam,Wasteland 3,"I have mixed feelings about this game. It could have been very very good but has been let down by some very shoddy quality issues. This would not in itself have been a problem BUT given its AAA high price tag, to be honest, the consumer deserves better in terms of finish and execution. To name a few of the irritations:
1.) AI characters shooting through walls.
2.) Poorly realised inventory system (You can't compare stats of your secondary weapon with inventory items)
3.) Camera does not follow actions during combat
4.) Right click items in inventory and you do not always get the correct sub menus.
5.) Mouse & Keyboard use was definitely an afterthought in terms of design
6.) The frustrating click to confirm attribute/perk/talent spend.
7.) UI does not always detail consumed action points to move to a location during combat

As I said lots of irritations that normally, in an indie game such as this, you would expect... but NOT when the publisher charges AAA prices.

Ez
",neutral,negative,negative,negative
Steam,Wasteland 3,"Great game play and really in-depth role playing elements. Ultimately, there are too many bugs to recommend this game.",neutral,negative,negative,negative
Steam,Wasteland 3,"Really wanted to enjoy this game, but couldn't get into it. Felt like the combat was a boring version of XCOM 2 and the writing felt subpar, especially compared to competitors like Divinity Original Sin and Pathfinder.",negative,negative,negative,negative
Reddit,Wasteland 3,It's not like it's a spaceship with a hard limit on air and food.,negative,negative,negative,negative
Reddit,Wasteland 3,"I fucking loved this game. My first playthrough,  I encountered a bug that wouldn't let him stay in party. I contacted the developer through reddit. They said they fixed it (x box app), 2nd playthrough I encounter the bug like 10 hours in. I'm passed. 

Later I buy the game off steam, and encounter a bug where not only Kwon, but EVERY FUCKING STORYLINE CHARACTER COULDNT BE USED. the game allowed me to play with a two headed goat and chicken. 

It was not worth it. 

I sadly think I will never be able to start it up a fourth time. It's already three more chances than I give most Games.",negative,negative,negative,negative
Reddit,Wasteland 3,I enter the lab. They either attack me of I get on their field of vision or I can attack first. When the fights ends both of them disown me. Same with the robots and the guys that kidnap the caravan. Right after the fight is done they leave,negative,negative,negative,negative
Reddit,Wasteland 3,Idk why I'm just talking about a bug that prevents a quest from working properly,negative,negative,negative,negative
Reddit,Battlefield 2042,I bought the $15 EA access to play a week early. I had all but checked out of Battlefield because WW1 and WW2 shooters weren't my scene but came back for 2042 hoping for more BF4. I uninstalled after three days and come here to check out the dumpster fire occasionally. What has been done to Battlefield is a damn shame. I regret spending $15. I can't imagine how people who actually bought the game must feel.,negative,negative,negative,negative
Metacritic,Battlefield 2042,Hot garbage. EA promised allot and delivered nothing. EA and DICE ripped everything loved about this franchise from the game and delivered a buggy pos.,negative,negative,negative,negative
Metacritic,Cyberpunk 2077,"Забагованная игра, задолбавшая вылетами, подгрузкой лодов перед носом. Отсутсвие ИИ вообще!
Но она безумно интересна и красива, в те редкие моменты, когда всё работает исправно.",negative,negative,negative,negative
Metacritic,Fallout 76,"Don't get fooled by any means by any paid $$$ review to this joke **** that is not more else than a ONLINE MOD of Fallout 4, the game uses the same engine and looks almost the same in fact this F76 looks crappier due the constant bugs in textures, god rays, 3d Models, etc...
This game deserves no more than being an EARLY ACCESS but instead is a fully $60 game which in a insult both to the Fallout name and their ban fase, if you want to play a Fallout game go play 3, New Vegas or 4, otherwise if you venture with these cheap excuse of a Fallout game that ends being a CASH GRABBER u will be disappointed so much that u will never want to play a Fallout game and thats wrong since the past games were great. DO NOT BUY F76 is garbage buy F4 instead!!!",negative,negative,negative,negative
Metacritic,Days Gone,"blahh mmmm dont like it, was horrible many bugs even when has launched 30 patchs, buy this for 20dls and even for that price is bad",negative,negative,negative,negative
Metacritic,Battlefield 2042,"Absolument aucun fun, j'ai joué a beaucoup d'autres BF mais la . Se faire fumer a 500m par des mec en Pp29 , marcher 5 minutes pour atteindre un objectif n'est pas fun.  Ce jeu n'est pas fun",negative,negative,negative,negative
Metacritic,Cyberpunk 2077,"Les bugs se corrigent. Cependant le game play n'est pas fameux. Nous sommes sur un banal FPS sans grande saveur.

En aucun cas nous pouvons parler de RPG. Le personnage de V Est un un mercenaire avec une identité imposée. Nous ne pouvons pas choisir sa voie. (pas de bon, mauvais, neutre) La natation est digne d'un film de série Z. Il y a pourtant des œuvres intéressante qui auraient pu être utilisé (Gibson, asimov,  spinrad,....) CD projet à préféré faire du Netflix sans ambition. A trop vouloir ratisser large on perd les fans. Nous sommes loin de l'émerveillement de la quête du baron rouge, l'inquiétante tractation avec les moires, la panique de jeter un bébé dans un four. Dans cyberpunk 2077, ils ont choisi un scénario écrit par un maître de jeux ringard, ne connaissant pas son sujet, ayant une image déplorable du mouvement punk et ne traitant la question du transhumanisme non par des œuvres comme neuromancien, accélérando, le samouraï virtuel, ghost in the shell, etc etc, mais uniquement par des résumés et des pages wiki. C'est trist de piétiner comme cela un mouvement littéraire aussi riche. Il paraît que les patrons voulaient pas entendre de synthewave dans le jeux. Domage car la musique du jeu est souvent mal choisie. Bref je met zéro car le jeux est une purge au vue de leurs ambitions et du mensonge envers les consommateurs J'attendais un chef d'œuvre, j'ai le droit à un mauvais film",negative,negative,negative,negative
Metacritic,Cyberpunk 2077,Best CIS game in da world! No one who don't play in stalker didn't understand all experience in this game!,negative,negative,negative,negative
Metacritic,Battlefield 2042,"Depressing, just damn depressing...

It's just not a Battlefield game as we know it (sorry Spock).

It's possibly not even game by some definitions (no way to look at scores and compare to other's scores).

Just depressing (shuffles away kicking the cat...).",negative,negative,negative,negative
Metacritic,Days Gone,"The game is not as ""bad"" as the critics say. Though it suffers from inconsistent and bad writing in some parts, the gameplay is a pure blast and the story keeps you going, with a few really touching moments, carried by the very good soundtrack.

Playing it was 40 hours of fun. I would recommend waiting on a sale and then buying the game, you're otherwise missing out on a really cool game in my opinion. Plus, the hordes are amazing (World War Z, I'm looking at you)",negative,negative,negative,negative
Metacritic,Cyberpunk 2077,"Как можно было пустить в релиз неиграбельный кусок дерьма ? Все ждали игру ""Guns of the **** от Шевцова? Получите, правда не от Шевцова. Сюжет шикарный, но играть в игру просто нереально, от этого еще больнее становится, ведь сюжет реально годный. Надеюсь, что патчами поправят дела... Ну а так печалька.",negative,negative,negative,negative
Metacritic,Days Gone,Absolutely amazing game. Has its flaws but as a whole a had a great time with it. Now PC gamers can show it some love as well.,negative,negative,negative,negative
Metacritic,Battlefield 2042,DICE could eat my **** and kiss my ass. A piece of **** I've ever seen before,negative,negative,negative,negative
Metacritic,Cyberpunk 2077,Great game:)!!!Great game:)!!!Great game:)!!!Great game:)!!!Great game:)!!!,negative,negative,negative,negative
Metacritic,Cyberpunk 2077,[SPOILER ALERT: This review contains spoilers.],negative,negative,negative,negative
Metacritic,Cyberpunk 2077,"This is just not a good game at this point. There is talk of bugs being the issue but bugs don't really bother me. This game has a major issue with textures not loading in, from peoples faces not loading in to running into invisible walls/fences. But even when the textures have loaded in and there are no bugs it just doesn't look good, I would compare it to Deus Ex: Human Revolution which came out in 2011. Hard to say if the game play is good/enjoyable bc it is too hard to get past the horrible graphics, texture pop in and extremely low fps.
I really would hope that patches could fix this but I'm not sure they can.",negative,negative,negative,negative
Metacritic,Cyberpunk 2077,"Overall, as of 2023 great game. Interesting plot with great lore, though 3rd act felt rushed and honestly was asking for more story content. Great side quests when it comes to unique NPCS (Judy's, Panam's and River's quest lines in some aspects are better than main quests, which themselves are great). Fixer's quests though are boring and repetitive, just come to a location, kill up all the mobs, loot and that's it, to be fair game provides a great variety of ways how this can be done, and in many instances, it is possible to complete the gig completely in stealth, but honestly it is just preferable to get to the building, destroy everyone in 2 minutes in fast-paced action and be over with it. The great combat system really enjoyed both the melee combat, ranged combat and net running. Art direction, music and design are some of the best I saw in video games in general. Buggs are still there and they still can be quite annoying (for example in Johnny's side quests line).",negative,negative,negative,negative
Metacritic,Fallout 76,"""We wanted to add a multiplayer aspect to Fallout 4. We ended up adding more stuff to it and decided to release it as a separate game... Fallout 76!""

Bethesda's explanation of how this ""game"" came to be should be evidence enough of how bad Fallout 76 is. It is the laziest of efforts and feels more like a shameless cash grab. I've played every Fallout since the days of 56k modems. Yes they have gotten a bit ""worse"" over the years as they strayed further and further from the ""your choice matters"" kind of narrative but I still enjoyed them. You know why? Fantastic story telling and immersion via INTERESTING NPC PERSONALITIES.

I'm just floored that they thought completely removing any NPC interaction would be a good idea. I played the beta and was completely bored within an hour. My wife, who loved watching me play Fallout 4, fell asleep in less than an hour watching me play FO76. It becomes extremely repetitive as soon as you leave the vault. Walk here, find some junk, kill some enemies, loot their junk, find a workbench, scrap your junk... rinse and repeat. The quests don't even serve any real purpose other than helping you find other places to loot some junk. Any quest that asks you to ""find where so-n-so went"" fall 100% flat since EVERYBODY IS DEAD so you already know you will never find anyone. You end up running from computer to computer, or note to note, until you discover what happened.

I had made a choice to play this rather than RDR2 because I like sci-fi and I'm not really into westerns. After the beta I immediately bought RDR2 and have been loving it. You know why? Fleshed out, totally immersive NPC INTERACTIONS! Bethesda has failed horrendously with this game. I'm giving it a 3 because I like picking up loot a lot, but that only stays fun if I have an immersive story and characters to keep dragging me along.",negative,negative,negative,negative
Metacritic,Fallout 76,"Ads and trailers are the best part of the game. Boring and unplayable, even with friends.",negative,negative,negative,negative
Metacritic,Battlefield 2042,This is the worst Battlefield game ever made. Nothing that made the previous games great games is there. Do not buy this crap.,negative,negative,negative,negative
Metacritic,Fallout 76,"I played the BETA. I'm playing the Game! Naysayers got it wrong! I love the game, with all of it's bugs! IT IS FALLOUT!! Lore Is rich, no human NPC is part of the ""story""!! Don't believe the 0 - 7 scores!",negative,negative,negative,negative
Metacritic,Days Gone,"Story is good, but can be a bit repetitive but overall i enjoyed it and found the hordes a different kind of challenge!",negative,negative,negative,negative
Metacritic,Days Gone,"Days Gone is a very very good Game, Thanks to the patches it was possible to solve the bugs that there were, Beautiful are the regions and their Views. The game is highly recommended, and do not hesitate to buy it. The theme of the Hordes is Incredible, very Innovative, I liked it. 10/10 good job Bend Studio.",negative,negative,negative,negative
Metacritic,Days Gone,"This is the first game I've ever taken the time to review.

My reasoning behind this is because it deserves better than it got and I'm glad the user base is giving it a better score than the main reviewers.

This was a masterfully put together game and if it had a couple less bugs I would have rated it a 10/10.

The pros:
A compelling story with characters you care about.
Immersive world that draws you in and wanting to learn more about it.
A complete game you don't need to buy add ons in order to complete it.
I do not want to add any spoilers so I wont however each time I thought I was near the end of the game, let's just say I wasn't.

The cons:
Buggy at times - There are occasional bugs that make you redo quests for it to count or go off to another area so the triggers reset and spawn properly.
Different experience depending on which version of the playstation you own, it's an intense game more designed for the pro and it can experience frame loss pretty badly on the standard version

Other than those 2 cons this is the first game of this size and scope that has caused me to stay compelled to continue playing it through to the end. I've also never posted an online review before, however i really wanted to let people know that as a father of four that doesn't have much opportunity to dedicate my time to some games I love anymore, this was a game that made me find that time. I even bought god of war and spiderman after playing it and instead of starting a game of those after I beat it I started a new game on Survival mode because that was released XD.

Hope this helps anyone that was on the fence about giving it a chance.",negative,negative,negative,negative
Metacritic,Cyberpunk 2077,never seen such crap on ps4! Crash mission bug una vera merda tacci vostra!,negative,negative,negative,negative
Metacritic,Battlefield 2042,"this is not battlefield, they took away all the essence, destroying a franchise for greed, they will bitterly regret it.",negative,negative,negative,negative
Metacritic,Cyberpunk 2077,"I have beaten this game 6 times and had a different experience each time. Player builds, life paths and alternate endings all provide you with a ton of choice and variety. Playing on hard and getting the legendary ending without losing anyone was the cherry on top. This game is tremendous and I highly recommend it. Can't wait for the sequel!",negative,negative,negative,negative
Metacritic,Days Gone,"Much better than I expected.
It’s almost like The Last of Us in open world.
Great atmosphere and gorgeous graphics.
Very good mechanics.
Shooting, stealth or riding the bike.
Everything is smooth and responsive.
Technically very good. Only sporadic drops in frame rate.
Much recommended!",negative,negative,negative,negative
Metacritic,Cyberpunk 2077,"Nice game, it doesn't deserve to be slandered. I even played it very well, even though it came out, it's pretty good.",negative,negative,negative,negative
Metacritic,Cyberpunk 2077,"The game bugs too much! That's a scandal !!
Cdprojeck is a scandal ! The game doesn't work....",negative,negative,negative,negative
Metacritic,Sea of Thieves,"this game is good and fun.
but it becomes repetitive and starts to get boring in a few weeks
5.0",negative,negative,negative,negative
Metacritic,Cyberpunk 2077,It's so bad for the old consoles. A lot of bugs. Looks like 240p. It's so sad.,negative,negative,negative,negative
Metacritic,Wasteland 3,"unfinished, a lot of bugs, unbalanced combat, weak story. Wasteland 2 far more better game than this.",negative,negative,negative,negative
Metacritic,Fallout 76,"That's a great game. Slow exploration of the huge world, history of Fallout's world on the terminal among empty, left buildings with a ton of danger.  After 2 years from release it's great game.  Very recommend it, if you like survival, realtime RPG with exploration.  For fun you can go with your friend online.",negative,negative,negative,negative
Metacritic,Cyberpunk 2077,"Jogo com desempenho simplesmente horrível nos consoles base , má otimização,  com inúmeros bugs que prejudicam a experiência do jogador. Não recomendo a ninguém.",negative,negative,negative,negative
Metacritic,Final Fantasy 14,"Take FFXI, (which I played for six years) remove basically any activities beyond grinding on mobs for exp and grinding crafts, and you pretty much have FFXIV. Oh, and add a heaping helping of interface lag, maddening bugs,  a near-inability to find the items you want for sale, and repair costs that quickly become comically expensive. (and only restore about 25% of the item's durability) Oh, I almost forgot.... Forget about pulling mobs to avoid links. They all have ADHD and will only chase you for a few seconds before giving up and going back to where they were. If you're really unlucky, a bug will kick in and instantly give all of their health back when they get back to their spawn point. The ADHD also means that there's very little danger in the game. It's hard to aggro things in the first place, but if something can't one-shot you, it won't chase you long enough to pose a danger anyway.
I could probably reach the character limit listing the game's faults, but it sure does look gorgeous for an MMO. But the tl;dr version would be that this game isn't even ready for beta testing.",negative,negative,negative,negative
Metacritic,Battlefield 2042,no. Just no. Even as a free to play game it woould be insulting. Ffs ea. :............,negative,negative,negative,negative
Metacritic,Fallout 76,"This game is getting a lot of hate and a whole lot of misinformation by YouTubers and thier fans.  I've seen one review here with ""I haven't played it but.... 0 rating.""  It's no where near as bad as people claim.  Is it buggy? Yes, but it's not unplayable.  People complaining about framerates and such are mainly PC gamers.  This game is better on consoles.  No NPCs was known well in advance of launch and surprisingly works well for 76.  It fits into the story.  If you're big into fallout lore, felt fallout 4 was crowded, and enjoy survival/base building then this game will be good for you.  If you lack imagination, want things spoon fed or are looking for a full fledge shooter like pubg, move on.",negative,negative,negative,negative
Metacritic,Sea of Thieves,"No mans sky is more interesting than this even when no mans sky was just released as it was. ""Sea of Thieves water"" if that the only highlight of this game what does that tell you about it. No story,pointless grinding for cosmetics,i am even more surprised that they didn't add the micro transactions to buy the gear in the game, i am pretty sure people would have forked over some money so they wouldn't have to travel to a island and keep finding a chicken just to eventually buy a hat or a top.

I have no idea what Rare was thinking when they released this game, i would rather play fallout 76 rather than this, what does that tell you.

Comparing this to No Mans Sky is a insult, to No Mans Sky.

This is ok with friends, playing solo on the other hand. Expect to be really bored, really quick.",negative,negative,negative,negative
Metacritic,Fallout 76,"No NPCs, no offline mode, 13 years old screaming, bugs everywhere... someone should throw an atomic bomb at this whole game. Bethesda, listen to your fans and stick to single player games please.",negative,negative,negative,negative
Metacritic,Cyberpunk 2077,"Меня фактически обманули, ведь все трейлеры и тизеры игры показывают другую графику нежели ту, что в игре. Воры и лгуны не заслуживают выше 0 из 10!",negative,negative,negative,negative
Metacritic,Cyberpunk 2077,"Game is titally innovational, i have never played a game good like this, there's a little of bugs on pc. Thanks to CDPR for common updates",negative,negative,negative,negative
Metacritic,Days Gone,"Days Gone does plenty of things great. The narrative is a solid breath of fresh air for a tired genre. The cast of characters is likeable for the most part. The game play is incredibly polished, and doesn't overly punish the players for playing in different ways (be it stealthy or guns blazing). The voice acting and sound effects are top notch, with one of the most underrated soundtracks in video games to date. The motorcycle handles well, and the customization is amazing. Aside from some technical issues, and reused missions that get repetitive, Days Gone blends both the open world, and zombie genre into a satisfying experience.",negative,negative,negative,negative
Metacritic,Days Gone,"Great story, great playability and great map. The only bad thing is the use of the fuel in your motorbkie",negative,negative,negative,negative
Metacritic,Cyberpunk 2077,"I've completed 100% of the game, all endings and achievements, and I have over 200 hours of gameplay.
I can only say one thing in the midst of all this chaos and a lost golden opportunity to make one of the best games in history: score 7 .",negative,negative,negative,negative
Metacritic,Cyberpunk 2077,"Broken, unfinished game that should never have been made for the PS4. It just does not have the power to handle it. Place I bought it from doesn't accept returns for any reason so I'm stuck with this piece of unplayable garbage.",negative,negative,negative,negative
Metacritic,Battlefield 2042,I hate u dice.                                                             .,negative,negative,negative,negative
Metacritic,Cyberpunk 2077,"I have spent over 85 hours playing this game, and I absolutely loved it. The gameplay is fun and interactive. The story is very good, and it gets way better if you do all the side quest. I had a few bugs along the way but nothing game-breaking. The ending had me in tears and I can't wait to see how the game develops with pacthes and DLCs.",negative,negative,negative,negative
Metacritic,Cyberpunk 2077,"Can't deny Cyberpunk 2077 hits hard, though the rocky launch hindered it's renown.  I will just highlight the bad to justify my score.

-Docked a point for disastrous launch.

-The audio mastering at times is deafening (music in bars/radios/billboards) drowning out key dialogue.
*I had to install a mod to help with the audio issues

-Romance/Relationships with V, could have been fleshed out fuller.  More substance.

Overall 7/10",negative,negative,negative,negative
Metacritic,Cyberpunk 2077,"UPDATE: changing score from 7 to 4 to 0.

The game despite 6 patches is a shambles and unplayable on a midtier system. Worse still it's bad. Just a bad lazy boring dumb game.which says nothing and nothing can be done in an empty world.  Keanu Reeves is A DISTRACTION! I Never could work out why he was in it and why his performance is so poor and it's becasue we love him despite this flat effort. He's there to distract us from the rubbish.  He's a marketing tool.  He's the reason so much else is unfinished. He's literally a piece of tape holding the game together as much as a loud noise to distract from the state of play.  The fact that they introduced him in 2018 means they knew.  They knew and they lied. So zero marks for liars and cheats who make bad broken games and bully and censor players.

UPDATE: changing  my score from a buggy 7 to a  broken 4- after game broke near the ending and corrupted my save. No attempts to fix have saved my 30 hrs of play.

Original review: PC over 30 hrs. GOG.

What can I **** most hyped game doesn't live up to the hype. Is any sane person really surprised? Actually I was surprised just how much it fails to deliver on the many promises.  But it's not all bad or good and that's the problem.  The game is a mixed bad.  The last of us part 2 was another huge mixed bag with some amazing highs spoiled by some low **** low.  Well cyberpunk is a better and worse game so we're really heading into rocky waters with that comparison.  Hang on its going to get bumpy!

The first problem is the bugs.  They're worse than you can imagine for a aaa priced title from top studio.  You've heard of them by now and maybe you'll know witcher3 also launched broken.  But that doesn't make it ok to release any game in this unfinished state. It took witcher3 about a year to be worth playing and it went on to become one of the best games ever made without argument.  Cyber punk is not as good overall as w3. I'm nearly finished with around 30 hrs of play and I know it's just not on the same level... though but that's hardly a critism as w3 is incredible.   Cyber punk does have better gun play / combat but the story isn't a comparable and neither is V as a likable protagonist. When put against Gerald he she is a joke. But Geralt came from wonderful books so this isn't surprising.  Though V is not a good game character and his her arc actually harms the gameplay as a result.

It feels like you're playing 2 characters in 2 games at times.  One has this urgent agenda and the other hasnt. Theyre at odds ans its jarring.  Making a game thats very uneven.  And that's alot like tlou2 in this respect.   Its not good to be so divided all the time.  The game isn't very 80s and isn't that scifi and ends up being quite generic and more like earth in 20 years and again that's not a good thing.  Ugly brutal nonsensical world at times and little is ever explained ever after a deep dive.  It's not that cyber punky for no known reason.  The saving grace is it looks ok most of the time if you have a 3080 with 32 gigs of ram but ofcourse you don't have that so it won't run well on pc for many.  And on ****'s a train wreck sadly.  I don't want to go into the irony that cdpr is ironically now  the evil corporate entity the game vilified. They have lied to customers and misled them and reviewers. Refusing to show ps4 footage for ps4 which will be the majoirty of purchases is simply wrong.  I feel they lied about the game content too and are not the company they once were and still claim to be. Cdpr is no longer the friend of the gamer :(

Moving **** main campaign is so so but ends without saying much or making it all worth while . It's  not mass effect 3 but not mass effect 2 either.  The gold is in the sub missions and there are alot of them. While the main campaign is only about 12 hrs the other stuff is easily another 20 plus hrs.  You're looking at 40hrs for everything  which is good value imo.  Plenty of variety but quality ranges and again not w3 quality.

The ui and menus aren't great and the crafting is a broken mess.  And the rpg elements are far from ideal.  It's all a bit rushed to be honest.  Your progression seems broken too.  No idea **** many questions to why the game is like this which all lead to they rushed it.

**** the review I had hoped to right. Not after 5 year wait.  What can I say. In disappointed  but it's not a bad game.  They rushed it that much is true.  It needs atleast 6 months more development time and in some ways it might get this.  Though don't expect anything sooner as they'll be making console versions work and then ps5 so pc gameplay changes or dlc will be a year from now.

I recommend buying a year from now. Or on a sale.  Too many small and large issues right now to justify the mess of playing. And what there is is good when it works so you'll want to wait for that.

6/10. When optimised and mostly bug free an easy 8 or 9.",negative,negative,negative,negative
Metacritic,Cyberpunk 2077,"It's a decent game but has a lot of really bad elements/mechanics that really should not be there after all the great games of the past including their own TW3. It's certainly way overhyped and that's the studios fault completely. Runs fine, at realistic settings for your system but not insane settings. The bugs for me were totally cosmetic 99.9% of the time, no game breaking bugs for me. Things like the driving mechanics are a total joke, the lack of switching to and from 3rd person other than driving is just not good for a modern open world game. All those clothes etc customization and you barely see it. Map is atrocious and ugly, constant **** on the phone, terrible minimap, no real exploration for side missions it's all with a big ? etc all over the eye gouging map.

The story is ok, nothing epic about it, most of the endings are not satisfying at all and are depressing. The holes in the story and game world are legion. There is no proper true after campaign playing. The world looks great but is empty a lot of the time or has terrible AI space filler bots. The long distance away moving cars are embarrassing, I mean did they play any GTA's since 4 at all? Where are any flying possibility for these cyborgs of the future? Why drive ground cars that look like fancified cars of the past? You can turn off a lot of offensive material but not the vulgar offensive language, the marxist social agenda in this is obvious and revolting. CPDR is staffed with occultist scum writers etc. Keaneu Reeves can take a hike, totally dirt bag and the off putting hollywhoring adds nothing to the game. Runs fine without RT, with RT it's a 20fps hit on a 2060, avg of 40fps 1080p med/high, without RT 60+. I think some quality DLC can help this game, even free would help to make up some good will for this disgraced studio. With doing all the major missions, two full endings, many side missions and skipping most of the police missions with a lot of exploration I had about 60hrs so it's a decent value for the money afa hours/dollars. It has no replay value for me at all, uninstalled it already.",negative,negative,negative,negative
Metacritic,Cyberpunk 2077,"Cyberpunk has some flaws with physics, optimization or bugs. But I think the characters, music and world design make it easy to believe the story the creator is telling because you feel it's real.",negative,negative,negative,negative
Metacritic,Cyberpunk 2077,"It's a shame that this game came out somewhat unfinished. Yes, there are quite a few bugs and other things that aren't quite finished.
But the game beneath those bugs is truly amazing. Great story with very emotional endings, interesting and (dis)likable characters, well-written-dialogue, great sidemissions that effect the main story. gorgeous open world, very high immersion due to to the first-person perspective. The combat is incredibly fun (with the right cyberware and weapons) , though sometimes unbalanced. For me, the story and immersion can almost make up for the game's problems. This is a story and world I won't forget. Still, there's a hell of a lot of cut content, missing or unfinished features and immersion-breaking bugs.",negative,negative,negative,negative
Metacritic,Cyberpunk 2077,Awful. Full of bugs and unsatisfying gameplay with an unengaging story and characters that fall short besides two.,negative,negative,negative,negative
Metacritic,Sea of Thieves,"Simplesmente épico, um jogo que começou tímido,  hoje se tornou um liveservice que causa inveja na concorrência,  Com DLC's gratuitas, passe de batalha,  mais de 20 milhoes de Players, Sucesso.",negative,negative,negative,negative
Metacritic,Wasteland 3,"After completing Baldurus Great 3 This is a game.  Blossomed I like the mechanics, good plot.  Good game",negative,negative,negative,negative
Metacritic,Battlefield 2042,"unfinished game，worst bf ever.ridiculous gun play experience, empty map.Only 22 weapon at launch.",negative,negative,negative,negative
Metacritic,Battlefield 2042,"Cartoony, non realistic, big empty maps. Guns are sh#t. F@cl you guys for ruining BF",negative,negative,negative,negative
Metacritic,Battlefield 2042,"I'm not gonna take the time to articulate why this game is bad, since EA Dice didn't take the time to make this game at all. Game absolutely **** blows massive all-inclusive-leftwingnonsense-rushed-mobilegame ****",negative,negative,negative,negative
Metacritic,Battlefield 2042,"I am extremely disappointed. made great Games like BF3 and BF4 and just ignored them.

Looks like I'm playing a beta version.

Totally incomplete in terms of audio, completely bad songs.

Optimization is definitely bad.

It seems to me that whoever made the game never played battlefield, everything the players like was completely ignored.

There is simply not:
server browser;
score board;
3d spot;
minimap control;
platoon exchange;
changing teams;",negative,negative,negative,negative
Metacritic,Cyberpunk 2077,"Sad that I finished the game on PlayStation 4 with the bad performance and frequent crashes. Even FPS dipped below 15 before patch 1.02. After 1.04 FPS increased really slightly, around 2-3 fps more but visual bugs and game-breaking crashes remained. Never expected this sort of mess from CDPR. Huge disappointment. The only thing that was good about the game was its wholesome story and RPG elements. Though character customization was a bit lacking and there was no option to toggle on or off some pieces of cloth you wear. Even Immortals Fenyx Rising has an option to alter the appearance of the armor/clothes with other armor/clothes you find. No barbershop in-game so if you want to change your outlook somehow, too late for that.",negative,negative,negative,negative
Metacritic,Cyberpunk 2077,"Performance is really **** in base ps 4, pop ups, crazy fps drops, crash low res picture, the graphic just looks like ps 3 game. JUST DONT BUY IT until they fix all of the problem.",negative,negative,negative,negative
Metacritic,Cyberpunk 2077,"played on XSX on launch day. for me it's the best game ever made. waiting for next gen update and new game+ . Try on your own. Don't look at 0 rates and ""buggy game"". Just try and enjoy.",negative,negative,negative,negative
Metacritic,Cyberpunk 2077,"Holla chooms, one of the most anticipated game is at last here!Well written main story with deep lore and multiple endings, side quests are also well written.Characters ( Johnny, female V voice acting , panam-Judy and so on),Gameplay (gunplay, cyber mods and rpg elements)Only thing I didn't like not having enough npc interaction and super cops coming from nowhere other than that it's a fine game.Graphics are gorgeous, night view of night city with neon lights and wet roads looks so beautiful. But game is pretty much resource hungry and not well optimized. But it's pretty much playable with current patch (1.06)Didn't find any game breaking bugs in my system. Found some t pose bugs here and there but none of that are game breaking! Varies over system to ****'s not perfect but a great game. Could have been a masterpiece.Personal rating: 8.5/10",negative,negative,negative,negative
Metacritic,Cyberpunk 2077,"Take the hype and expectations out of the equation and there is a phenomenal game. Doesn’t deliver on all promises, but without a doubt fun and worthwhile narrative",negative,negative,negative,negative
Metacritic,Wildfrost,"Un gran roguelike, es precioso, todas sus animaciones son muy fluidas y los diseños son muy coloridos, además de todos los efectos que lo hacen realmente muy agradable a la vista, por otro lado el gameplay es muy interesante, es uno de esos juegos en los que posees muchas estrategias para usar dandole mucho valor a cada partida, jugué hasta conseguirme todos los logros y es muy recomendable, para mi uno de los mejores roguelike deckbuilder que he probado",negative,negative,negative,negative
Metacritic,Fallout 76,"The Beta was terrible and so is the launch of the game. The bugs have not been ironed out.

I give it a 5 not taking into consideration the micro transactions and bugs.

Taking into consideration the bugs and micro transactions this game is a 2/10 haha :D "" I WANT MY MONEY BACK""",negative,negative,negative,negative
Metacritic,Days Gone,Juego perfecto. Difícil de superar y alto nivel de historia jugabilidad y graficos,negative,negative,negative,negative
Metacritic,Sea of Thieves,لعبه شكاكيه واجوائها حلوه مهماتها حلوه الgameplay كله حلو بس ناقصه اسلحه اكثر واضافات على السفينه اكثر واتمنى يضيفون مهمام متنوعه اكثر,negative,negative,negative,negative
Metacritic,Cyberpunk 2077,"Порт нормальный, но с трассировкой лучей игра идёт в 20 fps",negative,negative,negative,negative
Metacritic,Fallout 76,"Ahora sabemos porque no esta en steam, el refound que se hubiese llevado hubiera sido majestuoso",negative,negative,negative,negative
Metacritic,Cyberpunk 2077,"Ukończenie głównego wątku oraz wszystkich misji pobocznych zajęło mi 94 godziny. Niesamowity wynik, szczególnie, że podczas rozgrywki nie czułem nudy.

Błędny graficzne, glicze, itp występują, ale w tak małym stopniu, że rozgrywka je przykrywa.",negative,negative,negative,negative
Steam,Sea of Thieves,it's fun game but they need to solve hackers issue they killed the game.,neutral,neutral,neutral,neutral
Steam,Sea of Thieves,this is a fun and a great game also people say the n word,neutral,positive,neutral,neutral
Steam,Sea of Thieves,I love drowning in water,neutral,negative,neutral,neutral
Steam,Sea of Thieves,ship go kaboom,neutral,neutral,neutral,neutral
Steam,Sea of Thieves,very fun and toxic at the same time.,positive,neutral,neutral,neutral
Steam,Sea of Thieves,Game configuration dont work,negative,neutral,neutral,neutral
Steam,Sea of Thieves,pirate,positive,neutral,neutral,neutral
Metacritic,Sea of Thieves,"Rare delivered a completely new kind of game, mainly focused on letting people create their own adventures alone or with friends, and where everyone is on a level playing field. While the game succeeds in this delivering a very entertaining and visually stunning experience, we feel that it would have greatly benefited from more encounter/mission types and a richer world lore. Hopefully this will be addressed in the coming months.",positive,neutral,neutral,neutral
Metacritic,Sea of Thieves,"Sea of Thieves plots a course in the opposite direction of most big budget, predictable affairs. Loot is not about gaining power, and the thrill is in the voyage, not the destination. This may alienate some gamers, but it is a breath of fresh air for those willing to embrace the change. However, Rare will soon find the community clamoring for more content and improved social options to keep players invested and using their freedom to create limitless and fascinating stories.",neutral,neutral,neutral,neutral
Metacritic,Sea of Thieves,"Sea of Thieves is not yet the dream game. But it is the most important release of the first part of 2018, and not only for Xbox. Rare has created a wonderful world at a technical, audiovisual and gameplay level. But theor work is not yet finished, and now it's time to fill it with all the good ideas they've already shown they can deliver.",neutral,neutral,neutral,neutral
Metacritic,Sea of Thieves,"Sea of Thieves is a disgustingly enjoyable game that is endlessly entertaining among friends. That said, it has an incredible deficit of organized content, too few customization options, and needs a bigger, more varied world map. I have no doubt that as the game grows and evolves, it will become an iconic, phenomenal title, but for now it remains deeply flawed even while being relentlessly fun.",neutral,neutral,neutral,neutral
Metacritic,Sea of Thieves,"Sea of Thieves is all journey with no real destination, but if that doesn't immediately turn you away, it'll be a pirates life for you.",positive,neutral,neutral,neutral
Metacritic,Sea of Thieves,"Ye know, the sea is beautiful, and sailing in a crew is a delight, filled with sea shanties and barrels of grog. But alone, it’s a life fraught with peril, and while those who like to wander might be fine with it I need a bit more…guidance in me life, I s’pose. More camaraderie. More reward. I risked me life on those waters day in and day out, but I didn’t get as much as I wanted. In a word? Fine. It be fine.",neutral,neutral,neutral,neutral
Metacritic,Sea of Thieves,"At its core, Sea of Thieves is a fun, innocent experience that rewards spontaneity and imagination, but becomes rather dull and repetitive if you want a linear experience. As part of Xbox Game Pass, Rare’s Sea of Thieves is more than worth the time you will put into it.",neutral,neutral,neutral,neutral
Metacritic,Sea of Thieves,"An amazing world full of promise, but currently rather empty. More updates will be key. [May 2018, p.74]",positive,neutral,neutral,neutral
Metacritic,Sea of Thieves,"Sea of Thieves is a very risky game. Not only does it come out after very successful multiplayer projects like Diablo, Borderlands and even Destiny, but it presents some difficulties in trying to play with other users and in some of its confusing progress mechanics. But when you are able to play it with people willing to achieve the goal missions and to be communicative, the experience changes completely for the best.",neutral,positive,neutral,neutral
Metacritic,Sea of Thieves,"We always have a great time playing Sea of Thieves, but we need more content and options to give us a reason to come back. It’s something unique, so make sure you try it and decide if this pirate life is for you.",neutral,positive,neutral,neutral
Metacritic,Sea of Thieves,"A good effort but a shallow offer in its genre. Its success depends on the post-launch support provided by Rare, because there's a distinct lack of content in the existing game.",neutral,neutral,neutral,neutral
Metacritic,Sea of Thieves,"Sea of Thieves’ concept is beautifully drawn up. It has exploration, intense PvP and one of the most beautiful sea adventures to ever grace gaming, but it is lacking in content and it needs more reason to keep players moving and exploring. It has plenty of space on its plate for that, but in its vanilla form there’s nothing really to fill that space. I suspect that won’t be the case for long, if Rare has anything to say, but that is the current case now.",positive,neutral,neutral,neutral
Metacritic,Sea of Thieves,"Sea of Thieves is a bit bipolar; you have all the freedom in the world to pick where you are going, but there are also restrictions: you can't really make your own character and there is not a lot of variation in the quests.",neutral,neutral,neutral,neutral
Metacritic,Sea of Thieves,"Sea of Thieves is bursting with potential for storytelling in a watery paradise, but doesn’t have enough to keep players coming back.",neutral,neutral,neutral,neutral
Metacritic,Sea of Thieves,"this game offers a fun pirating adventure that is more fun with friends, does the game need more content? yes~ but it just came out so i feel with an update or two the game c an be a full immersion experience",neutral,neutral,neutral,neutral
Reddit,Sea of Thieves,Update: Approx 20 minutes after the issue occurred I can now use my captained ship again. So thankfully it isn't a permanent problem.,neutral,neutral,neutral,neutral
Reddit,Sea of Thieves,"I had a similar issue, but instead of a game crash, it screwed up the voyage permanently and I couldn't complete it because there were no fish to catch. Had to cancel and start a new one.",negative,neutral,neutral,neutral
Reddit,Sea of Thieves,I had that happen with Redmaw. Thankfully I was holding onto the cannon.,negative,neutral,neutral,neutral
Reddit,Sea of Thieves,UPDATE: i tried to download the game on xbox launcher (i own copy of sot on steam and xbox) and trough xbox i was going completely fine 100+ fps but when i went through steam i had the fps drops again do it must be smth with steam launching ( i had the same graphic settings on steam and xbox),negative,neutral,neutral,neutral
Reddit,Sea of Thieves,"I was able to 2-shot the barnacled dread in a weird scenario. Just as I approached it, another meg spawned, but disappeared after I got closer to the dread.

I didn't see any other ships near it, and I think it had plenty of armor left.

I also killed a redmaw, and that took a ton of shots, which seems inconsistent with how they were described.",negative,neutral,neutral,neutral
Reddit,Sea of Thieves,the armor seems to not work right visually if you approach an already damaged meg,negative,neutral,neutral,neutral
Reddit,Sea of Thieves,does anyone elses game just not load? and stay on the loading black screen?,negative,neutral,neutral,neutral
Reddit,Sea of Thieves,"I need some help with putting down items as in, I have picked up a gilded chalice and can't put it down on a shelf or anything same with chests",negative,neutral,neutral,neutral
Reddit,Sea of Thieves,"You can buy the emissary flag in the company shop, it is the first option.",neutral,neutral,neutral,neutral
Reddit,Sea of Thieves,Not sure about other ship types but regular cannon ball hits cause an insane amount of movement on galleons now. Nearly as much as blunder bombs.,neutral,neutral,neutral,neutral
Steam,Fallout 76,"This game has certainly come a long way and is quite fun to play. Theres alot of quests to do and things to earn. However, it can be a bit of a struggle due to carryweight issues without Fallout 1st. The community is nice, except for the people at the top. The top 2 discords, fo76 and The Fallout Network, will kick you over a difference of opinion regarding in-game topics and pointing out that what they are saying doesn't make sense. So overall, can be a fun game to relax on for a bit. However, for a long term investment, it might be a bit risky due to being cut off from 2/3's of the playerbase if some psycho dude gets mad at you and abuses his power. *psst* it's TOTALLY not Savanah Lion",neutral,neutral,neutral,neutral
Steam,Fallout 76,fun and interestingstory lines but rememberits an mmo of fallout just after thebombs droped so its diffrent,neutral,positive,neutral,neutral
Steam,Fallout 76,"Its an 'ALRIGHT' game, but as like all Bethesda games, you cant change the controls if you're left-handed. -10 / 10",negative,neutral,neutral,neutral
Steam,Fallout 76,not the greatest game ever but fun to just chill and craft stuff with friends,neutral,positive,neutral,neutral
Steam,Fallout 76,"If you play this game, don't spend a single dime on Atoms or Fallout First. Buy this game at a deep discount.

I have a deep love and respect for the Fallout IP. I'd probably even call myself a massive Fallout fanboy. But I will not recommend Fallout 76 to you. I do enjoy the game and I have played a great deal of it, and probably will continue to. But I'm warning you that if you do not have a strong enough constitution to resist FOMO, you will end up spending cash on the in game shop.

They have implemented the classic seasons trope where a lot of desired cosmetics are locked behind a very long grind that is time gated. They then periodically bring back desired items in megapacks for Atoms to fleece users. They sweeten the pot with their much hated Fallout First Membership by offering arbitrary discounts to said packs. If you're not aware of what Fallout First is, I recommend [url=http://falloutfirst.com/]reading all of this here[/url]first.",neutral,positive,neutral,neutral
Steam,Fallout 76,ok,neutral,neutral,neutral,neutral
Steam,Fallout 76,"As much as I want to say its bad I really can't but I will say they def need a new creative director, bland compared to others in the series.",neutral,neutral,neutral,neutral
Steam,Fallout 76,"ark but with lowfps, not the greatest fallout game but def one of the most beautiful ones.",neutral,neutral,neutral,neutral
Steam,Fallout 76,its ok,positive,neutral,neutral,neutral
Metacritic,Fallout 76,"Fallout 76 is Fallout, and it isn't Fallout at the same time. And for all the hype around the multiplayer, both friend and foe, it seems inconsequential most of the time. Just passer-bys on the street more often than not, it's there but it doesn't matter. It's a fun game, but I don't think it's going to be a timeless classic I return to time and time again years from now once I feel I've had enough.",neutral,neutral,neutral,neutral
Metacritic,Fallout 76,"Exploring is still the most interesting part in Fallout 76, but your adventure tour is limited by empty open-world, and outdated graphics performance. It is more like an MMO mod of Fallout 4, rather than a brand-new work.",neutral,neutral,neutral,neutral
Metacritic,Fallout 76,"If you love multiplayer survival games with heavy duty environmental storytelling and exploration, then Fallout 76 will probably appeal to you. If you go into Fallout exclusively for the solitude, stories, and characters, then Fallout 76 is going to feel like an empty, boring country road.",neutral,neutral,neutral,neutral
Metacritic,Fallout 76,"Playing with buddies looting collapsed shopping centres and derelict towns is a blast and the robust crafting and character development mechanics are excellent. However, quests’ repetitive nature and a lack of human players filling the vast world can make Fallout 76 feel a little sterile and hamper its long-term appeal, especially if you don’t have friends to accompany you on your journey through the wasteland. This makes Fallout 76 a good, not great, entry into the iconic franchise.",positive,neutral,neutral,neutral
Metacritic,Fallout 76,"Fallout 76 retains the same captivating immersion, atmosphere and organic exploration that made Fallout 4 so enjoyable thanks to an excellent open world, though you’ll have to contend with a poorly implemented online component and the typical Bethesda technical hiccups and rough edges.",positive,neutral,neutral,neutral
Metacritic,Fallout 76,"Fallout 76 is one of those games which makes us uncertain. I can't call it complete trash, but can't call it a good game either. But somehow, I believe in it. If Bethesda keeps working hard on the game, in a year, it will become a game which deserves to be played.",neutral,neutral,neutral,neutral
Metacritic,Fallout 76,"Ultimately the big change, and kind of the whole purpose for F76, is the multiplayer component, and how that plays out is going to depend a lot on the community, a quantity that I believe is still very much to be determined.",neutral,neutral,neutral,neutral
Metacritic,Fallout 76,"Putting aside its many technical issues, Fallout 76 offers an empty world in which, paradoxically, there are many things to do, but everything appears to be an end in itself. There is something good in this game, but it’s crippled by a bland world design and a non-existent plot. This is a game that may be able to entertain, but boredom is always dangerously around the corner.",negative,neutral,neutral,neutral
Metacritic,Fallout 76,"Fallout 76 aspires to offer a lot with West Virginia and exciting co-op, but fails due to unbalanced game design and technical flaws.",negative,neutral,neutral,neutral
Reddit,Fallout 76,"Dang, the sword has fallen, no Overeaters for ghouls. Ah well, changing the first star is cheap at least.",negative,neutral,neutral,neutral
Reddit,Fallout 76,"These changes are great to see and im super excited for them, but, i would like to adress one thing i think needs to be changed.

Crafting perks.....since they are essential to playing and enjoyong the games entire experience they should be passive and not require slot allocation.

At the very least they should not take 5 SLOTS.",neutral,neutral,neutral,neutral
Reddit,Fallout 76,"u/BethesdaGameStudios_
I don't know if it has been mentioned before but perks that are being shared when on a team will shortly stop being shared and you have to constantly go to perks and share again. Not high level bug but hopefully it gets fixed eventually. Thanks!",neutral,neutral,neutral,neutral
Reddit,Fallout 76,"I think what they're implying is that almost all of the work is done for the update to be ready, not that there's a lack of content.",neutral,neutral,neutral,neutral
Reddit,Fallout 76,"For someone who has played the game since launch and now level 750, what is the advantage of switching g to a ghoul? I understand it can’t be undone. Is that correct.",neutral,neutral,neutral,neutral
Reddit,Fallout 76,"You can undo it via a menu. If you want to go back to being a ghoul after that you’ll have to pay with atoms. As for advantages you get access to new perks, disease immunity, rad immunity/healing. Disadvantages include managing your glow, feral meter, disguise, and losing access to some perks only humans can use and biggest of these is loss of overeaters. Also no low health builds for ghouls.",neutral,neutral,neutral,neutral
Reddit,Fallout 76,"That's a long list of minor things being fixed, I mean it's nice and all but the biggest ""fix"" is definitely the guardian platform.

Well, I'm eager to jump in and see what the update broke.

Happy hunting dwellers.",neutral,neutral,neutral,neutral
Steam,Total War: Rome 2,"A Review of Rome 2.

So. Yesterday I finally decided, after crushing another army at shogun 2, to give Rome 2 a whirl.
I'll mostly compare it to Shogun 2, seeing as CA&SEGA tried to surpass it's success.
Now, I know about how hyped it was, and how much flak it's been getting since release, but I decided to give it the benefit of the doubt.

Gameplay-wise, combat.
Good points:
All factions have different units, with slightly different statistics to boot, which makes for more varied combat situations.
Statistics are now broken down in even more sections that can be improved upon.
Units are thankfully still in 100+ range, so your 20 unit army is still large enough.
Hiding has been slightly improved upon shogun 2, and LoS hiding is detailed a bit better.
Garrisons are now meaningful enough that one unit of bowmen can no longer snipe down an entire city.

Bad points.
Morale. I don't know what they're thinking down there, but early units' morale is so ridiculously low that getting twenty casualties can send units into a shattered state.
Differences in unit strength. Your basic units are so weak when people start fielding their mainstays that, coupled with that horrendous morale issue, they hold for a literal ten seconds before routing.
Your land army can spontaneously and instantly turn into a fullstack navy on a whim, making real navies pretty much pointless.
Defensive battles are made even easier by making any and all defenders able to rout, and having 0 morale bonus for being the last line of defense, which makes sieges a cakewalk.


Diplomacy
Good points:
New requests: Non-aggression pacts, defensive alliances, military alliances, yes! Give diplomacy a function besides extorting money and asking for trade agreements. 
The AI actively pursues diplomacy now, very rewarding.

Bad points:
The AI actively pursues diplomacy, like a toddler. Geography, war/peace status and relationships matter not to the AI, additionally they ask for the most ridiculous prices for mundane things at time, or ask senseless requests every single turn.
Diplomatic relations are confusing and often nonsensical, even though there are way more actions that affect relations now.

Gameplay-wise AI

Good:
AI now partakes in many more activities than before, and combines their land and naval armies in assaults now.

Bad:
Pretty much everything.
AI in field battles goes in a near-straight line for your units, tries to send cavalry to a flank and then forgets about it, and battles devolve into a slugfest until they're out of units.
AI on an offensive siege battles rushes your control points(REALLY NOW?) instantly, and that's it.
AI on defensive siege battles...Stand their ground, even if they have no missile units and you're standing there slinging projectiles on their poor militia until the last arrow has been spent.
AI sometimes inexplicably moves their army to who-knows-where when you're standing five feet from their capital, and leaves it wide-open for a quick siege.
AI occasionally does seemingly senseless attacks with one or two units against a city or fullstack, and then obviously loses.


Other things of note:
You cannot, I repeat, CANNOT recruit any units anywhere, anywhen, except for straight into a general's army. So don't bother trying.
Generals are near-pointless except for getting an easy elite unit.
Expect graphical glitches and FPS drops, even on super-tier computers.
Although there are several different factions, you are still very limited in your choices, which is a disappointment personally.




Conclusion:
Is this the TW game to rule all TW games? No.
Is this game worth buying? If you're a TW type of game fan, pick it up for a campaign or two, though I recommend waiting for either fixes or it going on sale.
Is it worth buying when you're new to the genre? No. If you wish to experience all that TW has to offer, Shogun 2 or perhaps medieval TW are the ways to go.

Total score:
6.5/10
If you like the series, grab it if only for completionist's sake, if you are new to it or still in doubt, wait for fixes or it going on sale.

Rose

",neutral,neutral,neutral,neutral
Steam,Total War: Rome 2,"It's an authentic review, not an accurate one.",neutral,neutral,neutral,neutral
Steam,Total War: Rome 2,Why is blood and gore a paid dlc?,neutral,neutral,neutral,neutral
Steam,Total War: Rome 2,"I feel that with the recent controversy that I should write my own review and add my thoughts on the matter. I am a female Total War player. Although I haven't put a ton of hours into the recent Total War games due to real life, I still love the historic aspects in Total War. History and gaming are two of my most favorite things and seeing a historic game brings me joy. That is why it breaks my heart to see the controversy from the devs split the fanbase. I have a theory on the inclusion of female generals, politicians and warriors that were added for two reasons. One of the reasons was for a geniune want for inclusion of females in the historic Total War series by the devs.
Now, I don't mind seeing more females in games but the problem is is that Rome 2 takes place in ancient Mediterranean. I'm sorry to say CA devs and others who are banging the drum of inclusion and representation but history, especially ancientt history, was very patriarchal and poilically incorrect by today's standards. Sure there were some women in the ancient world that were warriors and lead armies but they were very rare. Due to that rarity they're more remembered and romanticized then their male counterparts as it was expected of the men to go to war and die on the front lines. 
The other reason I will bring up is more nefarious. Lets face it, female Total War players like me are a very small demographic. We probably only make up a single digit percent in the Total War fanbase and audience. I get the feeling that CA, like EA, wants to get money from another demographic that normally wouldn't play their games. So what do you do? Do you: 
A.) Do a soical media campain highlighting female Total War players to peak the interest of female gamers?
B.) Make a DLC centered around a famous female ruler like Boudicca to garner the attention of female gamers?
Or C.) Be lazy and just make half of the generals and politicans in the game females with the belief that female gamers will only play games with females in them?
We all know that CA chose the third option. 
Mike Stoklasa of RedLetterMedia fame coined a term that I think is perfect and describes most Western game devs today and that term is ""Corporate Diversity"". Its when a corporation or company is only diverse and inclusive for the sake of profit while at the same time virtue signal over how diverse they are to garner goodwill from the sychopants in the press. A ""have your cake and eat it too"" mindset. Female gamers like me had no problem with how Rome 2 was in the past but this constant need to pander to a demographic that normally wouldn't play your game in order to get their money is going to kill many Western game developers. I'm sorry but sometimes a small demographic is just that. A small demographic. Most female gamers are just going to roll their eyes seeing this sad attempt to pander to them in order to get their money and just go back to playing The Sims. While the male gamers, who are the bread and butter of your franchise and made it what it is, are just going to be angry at your attempts at historic revisionism and even more angry at your callous disregard for their complaints. 
Now, would I recommend this game? I would. Its still a fun game to play but if you are new to Rome 2 or wanting to get back into it I would highly recommend that you download Oatman's Patriarchy Mod. It gets rid of female generals and politicians in factions that didn't have them in real life and makes the percent of female generals and poilitcans very rare in the factions that did have them in real life.
I just hope that the devs of CA learn a vaulable lesson with this before the release of Three Kingdoms. I would hate to see a game in a franchise I love fail due to ill will and politics.

Update: It seems that there is new info over the female genral controversy. From what I read, the high spawn rate for the female generals wasn't intentional but is high due to bad coding and game design with the ancestor patch. The percent was supposes to be small but CA was lazy and didn't put much thought into the game design with the patch. This not only highlights the poor thought that CA put into the inclusion of female generals and politcians but also hightlights how utterly lazy CA has become and the gall that they have to lash out at their fans and defend their lazy game design instead of admitting that it was due to poor coding and testing. It reminds me of the attitude that Bethesda has with their ""Modders will fix it"" excuse for poorly implented or unwanted game designs. I was wrong about CA going the way of EA. If anything, they are going the way of Bethesda. In which they are overly reliant on their modding base to be unpaid game designers and fix their messes. I now worry what the final product for Three Kingdoms is going to be if CA was this lazy with the coding and testing for a game that they patched.
My criticism is not made to ""own the SJW's"" and to ""keep those icky girls out of Total War"" but is made out of love. I don't want to see CA fail. I want them to learn from their mistakes and improve themselves so they can keep being a sucessful game developer. Just because I love a game doesn't mean I can't still have some criticism. They're many games I love but still have criticism for.",neutral,positive,neutral,neutral
Steam,Total War: Rome 2,"*This review is a statement against recent Total War titles marketing scheme*

This recommendation will stay negative unless Creative Assembly and Sega demonstrate to Total war fans that future Total War games will not be plagued by abusive and overpriced downloadable content (as is The Viking Forefathers ''Culture pack'', and the Longbeards ''Culture Pack'' in Attila - same with culture DLCs in this game. We have to pay to unlock an excisting file).

Sega and Creative Assembly, show some respect to Total War fans.

We have paid for a complete game. Could you do us the honor of delivering one?




About the game: 
All I wanted was a new Rome 1 with better grafics but I got a Rome 2 which lost its soul of Rome Total War. I am missing the micormanagement of evolving my cities, getting in conflict with my neighbours and inventing new technologies to improve my armies. Rome II is much more easier than Rome I because some features are missing, e.g. to get in contact with other civilizations I just have to ""see"" their borders or an unit of them (in Rome I you had to send diplomats). 
The grafics are okay without impressing me very much. I am able to play Rome II with extrem settings but the battles are not very immersive. The new feature, the unit camera in battles, is nice to have but absolutly unneccessary. 
Like in any other Total War the AI is not the best. CA improved it but all in all the AI is not a tactical genious. In battles they try to flank you with riders but if you handle them you win. Without mods the AI spams tons of agents that is just annoying.

I enjoyed the game. Really. I like the ancient setting very much, that's the reason I played this game. But I do not recommend to buy this game (especially outside any sale) because without the expensive DLC it's unfinished. You are able to double its content by buying DLC - so you pay twice as much for a complete game. That's not fair!",neutral,neutral,neutral,neutral
Steam,Total War: Rome 2,"1.Play as the Selucids

2.Make 4 full stack armies

3.Put them on boats 

4.Rename the armies ""The Refugees""

5.Boat them over to Greece and Italy

6.Begin the takeover of Europe

7.PROFIT????",neutral,neutral,neutral,neutral
Steam,Final Fantasy 14,Registering your account is the hardest quest so far,neutral,neutral,neutral,neutral
Steam,Final Fantasy 14,I've lost control of my life.,positive,neutral,neutral,neutral
Reddit,Final Fantasy 14,"Nah I have a lot of issues with the MSQ. But the combat design, raids, dungeons etc have been one of the best in recent years.

Mixed is the correct rating.",neutral,neutral,neutral,neutral
Reddit,Final Fantasy 14,"XIV's gearing system is barebones and I think it's fine as is. I personally do Savage and Ultimate because I think the fights are fun, and gearing in this game is just there to make damage and mitigation checks easier as the tier goes on for players who cannot clear early in the tier with less gear.

My only complaint with the gearing system is that it takes too long to get a single job geared up. With absolute worst luck, you could be spending 8 weeks in PF to farm up the tomes to get the weapon for a single job so you can get BiS and bring it into Ultimate. I have no problems with the gear being seasonal and useless after each tier, but it just takes way too long to gear a single job at this point. I have been pretty lucky in the recent tiers, but I remember in Asphodelos when the chest piece was still locked to the fourth wing, I had to farm books for both the weapon and the chest because my luck was totally abysmal.

They obviously do it to keep people subscribed, but they just need to introduce more content that allows you to farm for that equipment. Chaotic AR is a step in the right direction but doesn't drop for like another month. It should really come in criterion dungeon also.",positive,neutral,neutral,neutral
Metacritic,Final Fantasy 14,"If there's one positive thing that can be said about Final Fantasy XIV Online, it's that it's fairly different from everything else on the market. Those looking for a change of pace from typical ""quest grinders"" may find something refreshing in FFXIV, however, in it's current state, it's difficult to recommend this game to anyone. While certainly playable, critical elements of the game seem as though they were designed to keep people from doing exactly that. Arbitrary limits impede player progress, furthered by the cumbersome interface, lag from extra-continental servers, and the deliberate pace of play. Whether a purposeful attempt to level the playing field between the ""casual"" and ""hardcore"", as Square Enix has stated was one of their missions, or simply a stopgap measure by the company to keep players from rushing through content too quickly, the result is punishing for those seeking to invest more than a sparse few hours at a time into the game. Ironically, those seeking to accomplish anything in quick sitting will likely also find disappointment, as the plodding pace of play becoming blindingly obvious. FFXIV seems best suited for those with plenty of time on their hands, but are unwilling or uninterested in playing the game obsessively.",neutral,negative,neutral,neutral
Metacritic,Final Fantasy 14,"This game could have been really something, but it has far too many problems to make it a game that I would strongly recommend, especially when so many potentially more enjoyable games are coming with the next year or so (The Old Republic, TERRA, Rift, Earthrise, World of Darkness, and Guild Wars 2).  For whatever reason the developers of this game decided against including basic quality of life systems that worked for their previous MMO.  There is no mail system so if you or a friend needs an item for crafting, or for whatever reason, you need to meet up at the cost of either time or precious anima (point system that regenerates painfully slow).  Which leads to another problem.  Travel is limited and can be time consuming.  Yes the environments look great, but one quickly grows tired of it after having to run from city to city.  And hey, maybe when you get to each  city you might want check out the local economy.  Or not.  There is no auction house system and the centralized marketplace for each city is a disorganized mess made up of player bazaars.

Some of the 10 reviews (really, a 10?  That has to be in eqaction to the 0/1s) make mention the game doesn't suffer from lag.  That's ridiculous.  I'm on a server where the population barely tops out at 2400 (kind of low for a new major release.  Make of that as you will.) and it seems like the game can barely handle it.  Even when the population well below the 2000 mark the controls and laggy UI is still noticiable.

Let's say you don't mind any of that.  In fact, you probably think Square Enix is onto something here and you want to enter the world of Eorzea.  One thing that has to be said is that if you come into this game looking for at least some decent action you're going to be very disappointed.  As I mentioned earlier there is no auction house, and if you don't find what you're looking for in a bazaar, guess what?  You're crafting!  You don't want to?  Everyone's doing it! I mean everyone.  I guess they have to though.  Oh, did you know there's a fatigue system in the game?  You didn't?  Basically, you can only level a class for so long until you get diminishing experience points then it's either switch classes (yo, crafting class.  You can't resist.) or take a break.  For those of you who would rather take it slow and just craft or gather materials in the game's world, you might actually like this game.  If you can stand the laggy UI.  For those of you who twitch angrily at the thought of having to craft, having the length of your playtime decided for you by someone else, archaic controls and slow interfaces, poor design choices (""Oh, god, Activison is readying Cataclysm!  Put it out now!) and at the thought of having to sit through a typical Oh-soJapanese-it-hurts fantasy story, you should seriously pass on this.",neutral,negative,neutral,neutral
Steam,Total War: Rome 2,Rome wasn't built in a day. It took 5 years and 18 patches.,neutral,neutral,neutral,neutral
Steam,Total War: Rome 2,Divide et Impera mod saves this game.,neutral,positive,neutral,neutral
Reddit,Total War: Rome 2,"In the leadup to Rome 2's launch, CA did these faction reveal teasers for all the playable factions. When they were finished, many fans complained about the Seleucid Empire not being playable, since they were a popular faction from Rome 1, and an important power of the period.

Then CA announced that they had a surprise extra faction announcement that would be patched in as Day 1 FLC. The community groupthink basically assumed it would be the Seleucid Empire because it was the ""obvious"" choice. CA announced that the Day 1 FLC faction was Pontus.

Many Seleucid Empire fans raged all the rage they could, especially over on the TWC forums. The comic meme was made to make fun of the extreme amount of anger that was present over there about CA somehow forcing them to play as Pontus or something.

The Seleucid Empire was added as FLC shortly after release and most people forgot it was ever a ""controversy"", but the meme template has endured.",neutral,neutral,neutral,neutral
Reddit,Total War: Rome 2,"It's old school. Almost ten years old now. 

Back in the leadup to Rome 2's launch, Pontus was announced as the preorder bonus faction. The Seleucid Empire, a much bigger and more powerful state, was unplayable at launch. This pissed quite a few people off, who wanted the Seleucids AND DID NOT WANT TO PLAY AS PONTUS. This inspired this meme, which lasts to this day.",neutral,neutral,neutral,neutral
Reddit,Total War: Rome 2,"In Rome 2 there was a tiny chance that you'd sometimes be able to recruit a female general, and there was a massive shitstorm about it on the forums

Arch Warhammer made an angry video about how occasionally having the option to recruit these generals would ruin the game

His video also featured screenshots showing the entire recruitment pool being made up of female generals which were later proved to be modded or photoshopped",neutral,neutral,neutral,neutral
Reddit,Total War: Rome 2,"Rome 2 added female leaders like 2 years ago and some idiots were ""offended""",neutral,neutral,neutral,neutral
Reddit,Total War: Rome 2,"Didn't Rome 2 have a tooltip which straight up told ""don't touch it if it's not absolutely in your favor""?",neutral,neutral,neutral,neutral
Reddit,Total War: Rome 2,"Damn. Seleucids wasn't available at launch?

That's the best campaign in Rome 2 by far.",neutral,positive,neutral,neutral
Reddit,Total War: Rome 2,"Exactly, I’ve been playing Total War for practically my entire life, I’ve really enjoyed pretty much every game in the series to one extent or another, along with countless great mods, particularly for Medieval 2. The only serious disappointment in all that time was Rome 2 at launch, but even that got patched up into a pretty good game.


I admit I’d like to see a proper full scale historical title again, but On the other hand Warhammer 2 is probably the best game CA has made in over a decade, so I’m not exactly complaining. All in all between the consistent high quality updates to Warhammer and the upcoming Rome remaster (I’m seriously pumped for that one!) the franchise is in a better spot than it has in a long damn time, there’s really no need for fans of either “half” of the series or another to be fighting, it seems to me like there’s plenty to go around.",neutral,neutral,neutral,neutral
Reddit,Total War: Rome 2,"The thing is total war games have been cutting empire management out for years. There's less management that you need to do in Rome 2 than Rome 1. 

I wouldn't say it's just a warhammer vs historical problem, it's just how total war games have been heading for over a decade at this point.",neutral,neutral,neutral,neutral
Reddit,Total War: Rome 2,"> I am stoked for the remaster especially because of the presence of several features cut from newer titles like fully dynamic battle map generation

That feature is in Rome 2, Attila, Thrones of Britannia, and 3K (the most recent mainline title)

> dynamic skins of your units based on region of recruitment

That was never a feature in any TW until this remaster

> agents having a greater purpose

Agents are plenty powerful in the new TW games and certainly have great purpose

> trade and diplomacy intiated by agents

Diplomats were honestly tedious, having to click an agent around just to talk to other factions doesn't add depth to a game. 3K's diplomacy is the best of the series so far and has plenty of depth and diplomats are nowhere in sight, while Rome 1's diplomacy has diplomats but is basically useless because of the terrible AI.

Merchants are...okay? They were frustrating because low-level ones kept getting bought out by the AI. Once you got a high-level one, you just parked him on a valuable resource and forgot about him (until he died, after which you train a replacement merchant, park him on the resource, and then forget about him again). Not exactly engaging",neutral,neutral,neutral,neutral
Reddit,Total War: Rome 2,"As well as some of the other replies;

Rome 2 is also the first of the new engine and game design that total war took forward.

All the criticism of which was effectively given to Rome 2. Such as regions, army limits etc. that were a big change from Rome and Medieval II.

As more games were released, it became a smaller issue if only because CA weren’t going to change it.

Personally I still prefer a lot of those lost features. But instead of regaining them we’re steadily losing any focus on the historical element..",neutral,neutral,neutral,neutral
Reddit,Total War: Rome 2,"Depends on what aspects really. In Rome 1 there isn't much to do with characters apart from deciding wether they'll be a commander or a governor and where they'll govern thanks to its very robust trait system, in Rome 2 characters themselves aren't as important but their political careers and wether they are a statesman or a governor, there is much to do with characters to do aside from deciding from which party you'll draw your generals like making sure your party characters are married, promoted and that you aren't close to civil war at an inopportune time. As for empire management, in Rome 1 it's mostly deciding which settlements are getting their garrisons increased, where governors are going and which settlements are going to be your recruiting hubs. In Rome 2 you have to decide on which buildings to build in each province to maximize economic benefit, which is going to differ from province to province due to the limited build slots along with deciding which province you're going to recruit from and what province is going to get a commandment. I'd say that there is a lot more to do in Rome 2 than in Rome 1 but Rome 1 has way deeper character development along with ways to constantly improve the characters, rather than always going down the strategist line for character in Rome 2 because that's where the replenishment, night battles and campaign movement range buffs are.",neutral,neutral,neutral,neutral
Reddit,Total War: Rome 2,"Yeah of course I didnt mean to imply they were a problem if I did, I mean I have literally 1.5k hours into Rome 2 and I honestly never even noticed female generals, it just didn't register on my radar.",neutral,neutral,neutral,neutral
Metacritic,Total War: Rome 2,"Insanely deep strategy, whether you're a tactician or a politician. [Dec 2013, p.72]",neutral,neutral,neutral,neutral
Metacritic,Warhammer 40k: Darktide,"Warhammer 40k: Darktide is definitely worth buying if you love the franchise, but even then, just barely at the moment, due to being hollow and unstable. Here is to hoping they can fix it up so that it can be considered equal or better to Vermintide 2.",neutral,neutral,neutral,neutral
Reddit,Warhammer 40k: Darktide,"I'm really enjoying the game, been counting the minutes until full release, put in 70 hours in the beta. I'm definitely Homer in this meme, but that doesn't mean that every other statement in the meme isn't also true. I had very few crashes and can run everything except ray tracing on stable FPS. 

That all being said the game is unplayable for many due to various errors even on high end rigs, some of the Zealot and Psyker traits are particularly poorly designed and don't fit the class identity or game mechanics well, many people that can run the game are having terrible performance, there are no meaningful crafting mechanics which imo is a bit ridiculous for a full release, and the game in this state arguably should be in early access.

I love the game, loved VT2, love WH in general, and have been waiting two years for the game to drop. I'm probably going to put 20 hours in this weekend. But I am concerned about all of the above, because if the game requires players to accept and live with glaring issues including even just getting the game to run, then the player base will die and only a handful of hardcore fans will be left. That means a shorter lifespan for the game and possibly fewer resources for future features and DLC. I want the game to be popular, to do well, to be supported. But all of the above issues are going to be a major obstacle.",neutral,neutral,neutral,neutral
Steam,Warhammer 40k: Darktide,"Ok it's better now.

Don't pre-order games
(No I did not pre-order it)",neutral,neutral,neutral,neutral
Reddit,Battlefield 2042,"Yeah, I play with a minimum of four. Usually five, six, and up to seven or eight. Two groups in different discord channels playing different matches because no server browser. If we had a squad plus one for BFV we'd just split the group and bring the extra one in, but for 2042 trying to get  squad plus one or plus two or three  in the same match for 2042 is such a beating we don't try anymore. The extra person is off on their own until a 6th or 7th logs on. 

I actually really enjoy 2042 and it is really growing on me, minus the server browser and non destruction. I just can't understand some of the decisions.   Getting rolled in a match sucked because everybody left, but there wasn't a problem finding a new game. We were able to figure it out. 

People hate toxic chat, others don't care about toxic chat. I just had global chat turned off in BV5 since I never looked at it anyway.  Let the players make their decision.",neutral,neutral,neutral,neutral
Reddit,Battlefield 2042,"yeah its not a bad game by any means, people who complain (like myself) are mostly long time fans who are sad about the direction that the franchise has been developing into. things like the missing class system and stuff are really just symptoms of a bigger problem.

but if you dont care about any of that, go for it. it looks like alot of fun, i just feel it could have been something amazing. i hoped this would be what mw2019 was for the cod franchise.",neutral,neutral,neutral,neutral
Steam,Battlefield 2042,"Not bad, not good, it's just like lukewarm water. You enjoy it when you have nothing else to drink.",neutral,neutral,neutral,neutral
Metacritic,Total War: Rome 2,"And here’s the rub: every addition, every sub-system, every mechanic is subservient to War.  War is what Total War is really about. Everything else not directly related to conflict comes across as ancillary. Rome II is a game for warmongers, on both the campaign map and, obviously, on the battlefield. When peace is happening, nothing is happening. When war is happening, Rome comes alive.",neutral,neutral,neutral,neutral
Metacritic,Total War: Rome 2,"At its core, Rome II is not a bad game, but it does feel horribly rushed.",neutral,neutral,neutral,neutral
Steam,Wasteland 3,"This is a solid tactical game, with good story and multiple choices. 
However, it still feels underwhelming to me. In the marketing they claim they have rich story with a lot of lines of dialogues and scenarios. However, it seems that very small part of that actually affects the main story. 
There are indeed a lot of lore items that you can read...but it does not add to the completeness of the experience. It all seems a bit random. 
As for combat experience and characters building, it is well designed, but still feels too forgiving.
You can literally just change the ranger if you've failed your build. As for combat experience, death of rangers in combat with certain level of First aid is just not punishing enough. There is a difficulty level on which death is permanent, but that's just too unforgiving because sometimes even my tankiest ranger with full strenght and the best armor in the game gets killed by a single shoot in combat. 

Don't get me wrong, I've still enjoyed the game. People who love Wasteland universe will probably find a lot of interesting details and familiar characters. But I had expected more from this game.",neutral,positive,neutral,neutral
Steam,Wasteland 3,"Some solid gameplay and story at it's core, but there are just so, so many rough edges.

There are major gaps in the writing for events off the beaten path that are complete nonsense, even though earlier there was a full set of writing for the choice when first made.

The loading times are atrocious. The combat is.... fine, but it's so mind-numbingly slow, especially thanks to the controls being so heavy on slow animations. 

As somebody who really liked WL2, I'm meh at best on this.

Soundtrack is amazing though.",neutral,neutral,neutral,neutral
Metacritic,Wasteland 3,"Wasteland 3 is in no way a bad or a mediocre game. You can clearly see the passion that went into it's development. You will spend hours upon hours with dozens of well thought out non-linear quests, while interacting with easy to use and well made role-playing systems, all of which gives you true old-school gaming experience. But at the same time Wasteland 3 just can't offer anything we haven't seen before, and myriad of countless technical hiccups is definitely not something we expected to see.",neutral,neutral,neutral,neutral
Metacritic,Wasteland 3,"Wasteland 2 was a janky, weird, broken, fantastic roleplaying game. It maintained a sort of gallows whimsy throughout its playtime that was bound to leave an impression on anyone, good or bad. The struggle between the rangers trying to rebuild some semblence of the old world and their nemesis insisting at knifepoint that all the old ways must die was as fascinating as it was (sometimes) screen-smashingly difficult. The depth of occasional frustration as well as occasional brilliance panned out to a unique and memorable RPG in the spirit of niche nerd titles of days gone by. It was developed for PC after a lengthy crowdfunding period and ported to console a few years later.

Wasteland 3 is an isometric-3D tactics game with a fully voice-acted narrative and RPG elements. Unlike its predecessor WL3 was released simultaneously on console and PC rather than being ported to console later. In many ways this choice doomed this game to sell much better than its predecessor while simultaneously being a buggy mess on console and an utter mediocrity on PC.

Combat is both the highlight and the main gameplay loop. WL3 is indeed a fun tactics game. The combat overall feels both strategic and punchy, though I was well sick of the slow animation speed by midgame. Your journey is mostly linear but every mission has a recommended level listed so stumbling into fights you can't win is **** fact, even on the highest difficulty, I was thoroughly OP for the last third of the game.
Combat losing its zest is a ubiquitous RPG problem, by endgame one is usually either steamrolling everything or fighting improbable bullet ****'s at this point that an RPG would fall back on worldbuilding, narrative and characterization to give proper gravitas to the final battles, even if the mechanics of the battle have become boilerplate to the player. Unfortunately WL3 presents an anemic story told by 'functionally' voice-acted cardstock NPCs on a bleached paper background that we are assured is snowy colorado and not just a blank page.
The camera is pulled quite far back and all of the VFX are layered on like varnish. The audiovisual experience is a swampy mess much of the time, overlaps and strange volumes and brightnesses...everything looks and sounds slightly like a postapocalyptic wasteland and slightly like a glitchy game about to crash. There ARE impressive details sprinkled about that help to give the setting some presence but too often they are all but invisible, swallowed up by ambience and bloom.
The story is told with a low word count, limited player interaction and inconsistent charecterization. None of the villains are interesting or in any way morally grey or likeable. The main antagonist has a silly anime hammer and an ""Iron Throne"" made of **** eyes rolled across the floor. That's about as deep as it gets, he may as well have been an anthropomorphic truck the whole time.

TL;DR

If you are a die-hard fan of turn-based tactics combat this game is probably worth your time.

If you like Wasteland 2 and were hoping for a more iterative followup WL3 will likely leave you frustrated and disappointed.",neutral,neutral,neutral,neutral
Reddit,Wasteland 3,"I'd tend to agree, but I think they know if they want to sell DLC they'd need a stable platform first; it's possible to get both.

If anything, this should probably be heartening news that fixes should be coming. It would be far worse if they announced there would be no DLC since it would imply they were abandoning the game.",neutral,neutral,neutral,neutral
Metacritic,Wasteland 3,"This is one of the buggiest games I have ever played. This has crashed more times than I can count, and I have to constantly reload previous saves to get around frequent game breaking glitches. However, this is an extremely fun game when it works properly, and is deserving of a 8 or 9 out of 10, but in its current state the highest review I can give it is a 5. I do not recommend buying this game in its current state, and it is extremely frustrating to try to play the game because of its terrible technical performance. I recommend waiting at least 6 months before you buy this, and get it at a heavily discounted price, when hopefully most of the game breaking bugs have been worked out.",neutral,neutral,neutral,neutral
Metacritic,Wasteland 3,"In a post-apocalyptic world, the Desert Rangers try to rebuild society from the ashes, but they’re fighting a losing.

Despite enjoying this type of RPG in the past, Wasteland never quite clicked with me. This was partly due to the fairly regular disconnections when trying to play online multiplayer, but also because the storylines weren’t as interesting as games like Divinity. That being said, the level of freedom is impressive, and the combat fairly deep, so fans of the genre should still check it out for themselves.",neutral,neutral,neutral,neutral
Metacritic,Wasteland 3,"The game itself is solid, but there is little to make it special or a worthwhile experience. All the while I was thinking that I would rather be playing Shadowrun instead. Or the old fallouts.",neutral,neutral,neutral,neutral
Steam,Wasteland 3,"It's more a lukewarm opinion than negative.

I don't like how many fights there are, but maybe that's your thing. There's a lot of useless (non-junk) items, perks and weapons, but I guess it adds flavor, if a big can of nothing is your kind flavor. 

Higher difficulty setting isn't so much a challenge than a min-max game. It's exactly the same, with NPCs getting better stats (HP, hit rates, etc.). 

Fights take so much longer than they should. Who thought it was a good idea to alternative NPC actions and pan the camera for every one of them? 

WL2 was a very good game, WL3 keeps oscillating between very good and borderline g*rbage. Oh, and get ready to adjust volume levels every playing session, so many bugs and poor implementation.

But the graphics are great.",neutral,neutral,neutral,neutral
Metacritic,Cyberpunk 2077,"What Cyberpunk 2077 lacks in campaign length, it makes up for with breadth and soul, offering a world of intrigue and violence unlike any other.",neutral,neutral,neutral,neutral
Metacritic,Cyberpunk 2077,"Cyberpunk 2077 combines an engaging story with a huge open world to explore, filled with memorable and interesting characters to work with and plenty of ways to kill them. There are bugs, which is also part of a bigger discussion about the ethics of releasing a game with technical issues with the mentality of patching it later. Currently on PC the Day Zero Patch has reduced their occurrence and there haven’t been any major game-breaking ones, but even so it will be at least another patch or two before it can be said it runs flawlessly. Hopefully with the scheduled patches over the next few months the console versions reach a point where they too are worth playing, but maybe Cyberpunk 2077 will fare better on PlayStation 5 and Xbox Series X.",neutral,neutral,neutral,neutral
Metacritic,Cyberpunk 2077,"A truly excellent game hidden beneath layers of poor choices. There’s so much here to love, yet between the copious bugs, performance issues, and it ushering the player away from its very best features, it gets lost in the rubble...When played on PC, Cyberpunk 2077 is still an impressive, engrossing, and fun RPG despite its flaws. However, assuming that CD Projekt Red sticks to its word and fixes its problems, it has all the potential to be a genuine classic of its genre. As such, it’s difficult to recommend playing it at its worst, when its best could be something special.",neutral,neutral,neutral,neutral
Metacritic,Cyberpunk 2077,"Bought it some months ago, but only really started playing lately. Even with all these updates (that I haven't really felt yet) the game is just dull.

Characters are cardboard cut-outs. Voice-acting is meh. Animations and movements are laughable. Looks so stiff. For a game of this scope, proper motion cap would have been more appropriate. 
Gunplay is mediocre at best. UI/UX is totally fine, control overall is good. Also, 2005 called, it wants its driving gameplay back.
The atmosphere is there, the world is detailed and all. But even with all that it just isn't special. It is better than most games and if it was some small studio, this would be 8 easily, maybe even 9. But CDProjectRed isn't a small studio, and the price tag is high, plus they promised a lot of stuff they didn't deliver on release.

Looking at this in regards to what CDPR had in mind, as their vision, this doesn't deliver fully. 7/10 isn't a bad game. It doesn't mean this game isn't recommendable. It still is a good game, it is still fun, but it does not deliver what I think it should do. It doesn't feel like, still, the completed vision.",neutral,neutral,neutral,neutral
Metacritic,Cyberpunk 2077,"Following the multiple controversies surrounding Cyberpunk 2077, I decided not to purchase it at launch. The game's seemingly incomplete state and the actions of the developers CDPR left a lot to be desired. Now, many years later, the game has finally reached version 2.0, and so it was that I reluctantly gave this game a shot.

Ultimately my conclusion was that Cyberpunk 2077 is pretty middle of the road. It's still glitchy, and it's not that satisfying to play, but it's functional and has good visual and sound design. If you were to ask me to recommend an open world FPS RPG, I wouldn't pick this. I'd pick Fallout New Vegas.",neutral,neutral,neutral,neutral
Metacritic,Cyberpunk 2077,"Cyberpunk 2077 is the game we were waiting for: big, funny, full of quests and with a lot of RPG aspects perfectly integrated in the gameplay. Sadly it has a lot of bugs too.",neutral,neutral,neutral,neutral
Metacritic,Cyberpunk 2077,"It has several strengths, but it still falls short of being called a great game.",neutral,neutral,neutral,neutral
Metacritic,Cyberpunk 2077,"This was not the game we were promised, nor the game that was advertised, through their own hubris CDPR became a parody of what this game represents in it's statements against corporate greed, but if you can set your initial upset aside, or ignore the voices of those disappointed by false promises, Cyberpunk 2077 is a genuinely good game when it works.",neutral,neutral,neutral,neutral
Metacritic,Cyberpunk 2077,"Despite significant technical and 
in-play improvements for this 
PS5 version, much of the game’s 
core remains unchanged. Quest 
design and storytelling, though 
not without their moments on 
the critical path, too often feel 
rife with unrealised potential. 
Cyberpunk 2077’s abrasive 
personality is still clear as day 
too, inescapable in its script and 
blaring out from Night City’s 
many questionable billboards. If 
you choose to venture into Night 
City, we hope you find what 
you’re looking for. [Issue#12, p.72]",neutral,neutral,neutral,neutral
Steam,Cyberpunk 2077,don't abbreviate cyberpunk,neutral,neutral,neutral,neutral
Steam,Cyberpunk 2077,"Impressive but far from perfect, both story wise and game play wise.",neutral,neutral,neutral,neutral
Steam,Cyberpunk 2077,Kinda mid,neutral,neutral,neutral,neutral
Steam,Cyberpunk 2077,It's alright,neutral,neutral,neutral,neutral
Steam,Cyberpunk 2077, It was okay.,neutral,neutral,neutral,neutral
Steam,Cyberpunk 2077,needs more bug repairs but is an amazing game,neutral,neutral,neutral,neutral
Steam,Cyberpunk 2077,"Y, Y, Y, Y, shoot bad guys while walking up to them with a shotgun, Y, Y, Y, Y, mission ends, repeat.",neutral,neutral,neutral,neutral
Steam,Cyberpunk 2077,"Launch wasn't so great, but 2.0 update is a well polished product.",neutral,neutral,neutral,neutral
Steam,Cyberpunk 2077,its really just like ninja,neutral,neutral,neutral,neutral
Steam,Cyberpunk 2077,"Story, player types, merc'n fools, adult story & content",neutral,neutral,neutral,neutral
Steam,Cyberpunk 2077,NIGHT CITY NEVER SLEEPS!!,neutral,neutral,neutral,neutral
Reddit,Cyberpunk 2077,"That’s crazy, I’m playing on Xbox one x and have had minimal issues, maybe 3-4 crashes in 20 hours, no game breaking bugs.",neutral,neutral,neutral,neutral
Reddit,Cyberpunk 2077,"I've played over 30 hours on XSX, had one crash so far.",neutral,neutral,neutral,neutral
Reddit,Cyberpunk 2077,Im 6ish hours in and have yet to experience a crash on my series x.,neutral,neutral,neutral,neutral
Reddit,Cyberpunk 2077,"I'm somewhat frustrated with knowing if my stat progression is advanced enough for how I want to play some missions. Here's what I mean - I've been prioritizing leveling technical ability and intelligence. I'll go on missions and often find that I'm one or two levels lower than I need to be to open something with technical ability. I use this ability to sneak around and play stealthy/hack build. 

How can I ensure that my tech ability is high enough that I can play the way I want to on these missions? 

Sometimes it's high enough, sometimes it isn't? It makes me want to max everything out so I can play my way before starting missions, but need the missions to get the xp.

Any guidance?",neutral,neutral,neutral,neutral
Reddit,Cyberpunk 2077,It’s playable and enjoyable. But not flawless.,neutral,neutral,neutral,neutral
Reddit,Cyberpunk 2077,"It's sucked hours of my life away.  Please, devs, another helping of ladder?

I have no complaints of the ocean water effects themselves but it seems like every time I forgot to save for a long time I get launched off my bike and into  the bay miles from the nearest ladder or shore.  Good work by Night City's planners though - they will never have a Katrina flood no matter how cyber-augmented the hurricane.

If we're complaining about long travel times, Devs can you implement Autopilot better?  I love that buses and subways are used for fast travel, but every car has Summon and presumably autopilot *legally required* according to one shard I found.  Let me stay in my car and just pull the nav On Autopilot stalk to quick skip to my destination without going to a bus stop.  People park at the Metro, ride to where they need to be, then summon their car from the metro where they left it to continue driving - does that make sense?  Autopilot is nonexistent in this game but it actually exists in my car.  Meanwhile my Summon in real life is comically bad in a parking lot but the game's is good enough to traverse city traffic all alone.  Lets give us a ""Skip to destination"" like we get in cutscene drives, hmmm?",neutral,neutral,neutral,neutral
Reddit,Cyberpunk 2077,"I love the game, but jesus do I hate those filler cars. All 100% identical and disappear as soon as they hit that radius. One time I just stood on a highway for a full minute and watched the traffic come towards me and vaporize like a mirage.",neutral,neutral,neutral,neutral
Reddit,Cyberpunk 2077,"“Honestly, I expected *much* worse”",neutral,neutral,neutral,neutral
Reddit,Cyberpunk 2077,Ever since the new patch I'm actually not running into that many frame drops and texture pop-in anymore. I'm on the base PS4 version btw,neutral,neutral,positive,neutral
Metacritic,Days Gone,"With some tweaks to the pacing, it could have reconciled its warm, frank look at humanity and been something special.",neutral,neutral,neutral,neutral
Metacritic,Days Gone,A peculiarly constructed open world zombie game that sidelines its most unique features in favour of generic action and unengaging storytelling.,neutral,neutral,neutral,neutral
Metacritic,Days Gone,"Days Gone follows every post-apocalypse cue in the book. It does combat, level design, and bike riding well but struggles to overcome a basic story.",neutral,neutral,neutral,neutral
Metacritic,Days Gone,"There are glimmers of true excellence here; small stretches of Days Gone can be especially fun and polished. However, the assembly of these various parts suffers from the lack of an engaging story, compelling characters, or an open world that feels organic and worth exploring.",neutral,neutral,neutral,neutral
Metacritic,Days Gone,"Days Gone is an alright first step for Bend Studio. It's a competent open world game with massive, diverse environments for you to explore, even if there aren't actually a lot of interesting things to do. It's also very vanilla, and there just isn't much substance beneath its glossy surface.",neutral,neutral,neutral,neutral
Metacritic,Days Gone,"For sure, Days Gone have a good story and characters that are pleasant to follow. But missions and gameplay are too repetitive, AI is too silly, bugs and freezes too frequent (even on PS4 Pro) to have us considering it as a fully enjoyable game. Too bad.",neutral,neutral,neutral,neutral
Metacritic,Days Gone,"Days Gone is a derivative but enjoyable action-adventure with a beautiful environment, using AI and physics to create exciting moments of procedural entertainment. But its familiar tale of mankind struggling to re-create society after the end of the world and its romantic through-line are haphazardly structured and under-written, and the characters are too busy calling each other sons of bitches and assholes to say or do anything moving, original or profound. This is a game of fun and fury – it’s thrilling at times, but it signifies nothing.",neutral,neutral,neutral,neutral
Metacritic,Days Gone,"Days Gone features some potentially interesting community-building mechanics and the appeal of a bikers vs. zombies game is hard to ignore, but it never lets its best ideas take center stage. Instead, it focuses on lackluster combat and a repetitive set of missions. It moves along on the kind of momentum that exists almost by default in big open world packed with activities, but I could never get fully engaged, partly due to its dragging pace, scattershot story, off-putting protagonist, and frequent bugs.",neutral,neutral,neutral,neutral
Reddit,Days Gone,"same price as for Horizon Zero Dawn Remastered, and Last of Part 2 Remastered.",neutral,neutral,neutral,neutral
Reddit,Days Gone,"I absolutely hated Skizzo the moment he was introduced. I love when games do that with characters. It's like the game is saying, ""Yeah, please don't like this character..."" 😂😂🤣",neutral,neutral,neutral,neutral
Reddit,Days Gone,"Personally I think a 7.5/8 rating is where this game is. Good, but repetitive gameplay loop. A few things needed tweaking (resource availability in the endgame) I spent more time than was fun hunting for fucking cans. The story needed a bit of love. Some of deacon's decisions didn't make sense or their reasoning was clarified after the fact. But how would he have that reasoning beforehand? 

Some janky stuff, like how did he get the Nero radio after the bit on wizard island?  Idk I feel like a bit more specific character establishment in the early game other than ""he loves Sarah and boozer"" would've helped a ton. 

Idk it's really an easy game to nit pick story-wise. Gameplay is mostly fun, though stealth mechanics are a little odd/unexplained at times. 

Thoroughly enjoyed the game. Just also able to recognize that it's not flawless.",neutral,neutral,neutral,neutral
Steam,Days Gone,"Didn't get a chance to buy this on PS4, so when I saw it on steam by the recommendation of a friend I bought it. So far so good, but you're going to want to use whatever Firewall you have on your computer to block the shit out of this game the moment you install it.

The Data Collection policy is an absolute joke. This isn't just collecting Diagnostic information from your PC (something I would be absolutely okay with), it states very blatantly that even the 'Limited' data collection which is somehow still the LESS invasive form of collection can look and save literally anything from websites, passwords via recording EVERY KEY STROKE OF YOUR COMPUTER WHILE THE GAME IS RUNNING, folders, and all of their contents regardless of file type. Again, the LEAST of the ONLY 2 Data collection settings you can select before it will even allow you to start the game says that the devs can collect and save anything from your pc at their own discretion. Their reason? To make sure you aren't aimbotting... IN A COMPLETELY 100% OFFLINE EXPERIENCE GAME. Like my 8k res special occasion dick pic folder is hiding DAYS_GONE_SPINBOT_100%_ACCURACY.exe.

At least Valorant's Vanguard system is inspecting every single pixel of my pubic hair in those photos to help keep Integrity in their ONLY ONLINE COMPETITIVE game which is why it's even remotely passable.

This isn't some Tinfoil hat shit, people have dead ass copy/pasted both data policies in their reviews and I thought they were embellishing to make a fuss and refund a game they didn't like, until I booted the game and saw it for myself. 

What an absolutely abysmal call, and for damn sure the next time I see this kind of shit in an offline only game I will not be buying it, i'll be acquiring it by other means, there are plenty out there. Fuck out of here with that shit.

TL;DR Fun game, worth the money, use whatever AV Firewall you have on your computer to block literally anything to do with this game to rebuke it's access to the internet or you might find your nudes on an Ad spot on Wish because it will have been claimed and sold by the Data Collection Center as they have the right to do so once you agree to the terms.",neutral,negative,neutral,neutral
Steam,Days Gone,"
I will leave the cat here, so that everybody who passes by
can pet it and give it a thumbs up and awards.
　　　 　　／＞　　フ
　　　 　　| 　_　 _ l
　 　　 　／` ミ＿xノ
　　 　 /　　　 　 |
　　　 /　 ヽ　　 ﾉ
　 　 │　　|　|　|
　／￣|　　 |　|　|
　| (￣ヽ＿_ヽ_)__)
　＼二つ",neutral,neutral,neutral,neutral
Steam,Days Gone,BLOODBORNE NEXT,neutral,neutral,neutral,neutral
Steam,Wildfrost,Having cleared the true ending of the game I have come to the conclusion that the average steam user would call a crosswalk unbalanced because they tried to cross the street when the light was red and got hit by a car.,neutral,neutral,neutral,neutral
Steam,Wildfrost,"I want to preface this review by saying I've got 600 hours in Slay the Spire and I go back just to try and improve my winstreak on A20 heart runs. I love deckbuilders and I LOVE a challenge. When I picked up the game a lot of negative reviews said it was too hard which only made me want to play it more, but I want to try and articulate why people might think it's ""too hard"" because that's actually something I feel is a core issue in the game's design. 

To me, a better comparison for this game to other deckbuilders is Monster Train, primarily because of how it offers decisions to the players. You have diverging paths which give you two different sets of options, and then they reconnect for you to experience a new battle with your presumably improved deck. I believe that in Monster Train, they made this decision space sufficient for you to feel that your runs are winnable. If you lose, you can still look back on your run and consider what decisions you could have made differently and how they may or may not have changed the outcome. I do not believe Wildfrost provides you with a decision space where that is true (or where it at least feels true). There are a lot of reasons why I think this is the case.

The biggest is that you don't have a persistent HP stat between battles in Wildfrost, each battle is independent. The problem is this means you can't have a bad matchup. In StS or Monster Train you can accept some losses in a battle that you know is bad for the way your deck is built as long as you make up for it in other battles. However, in Wildfrost each battle is won or lost based on whether you can keep your champion alive. Sometimes this leads to interesting in-battle decisions, but more often it leaves you feeling like you find the tools to answer the wide range of upcoming battles or you don't, and when you don't there's very little you could have done differently.

The second is the randomly generated champions. It's an interesting mechanic on the surface, but in games with as much RNG as a deckbuilder it's important to understand your constants. An option like your champion or your class gives you a foundation that you can build on. While randomizing the champion does offer novelty, it means that your only constant is the underwhelming starter deck of your chosen tribe.

To win, you would want to improve upon that deck. However, actually accomplishing this is an issue in terms of the card design itself. So many of the cards are fundamentally reliant on certain synergies to be effective. It's possible (even likely) that when you choose a companion or item from 3 or 4 options, all of your options will only be good given the proper synergies, whether that's having the appropriate cards already in your deck, finding the right charms, or hoping to find the synergy later. If you find perfect synergies, you can trivialize fights. If you find just enough synergy that's great and you can succeed with good play (these are the most interesting runs). However, if you find none or have to make decisions in the hope that things come together, you're left with a deck that is fundamentally ill-equipped for the upcoming challenges. Synergy is fun, but part of what makes high-level play in a game like StS work is understanding when to make decisions that help you scale your deck's capabilities, and when to make decisions that help you create a more well-rounded deck with answers to a variety of challenges. In Wildfrost, it's very rare to get the right resources to create a ""well-rounded"" deck because so many of the cards and charms are so conditional, and you as the player have such a limited number of decisions that you even get to make over the course of a run to begin with.

There are still things I like about the game. The art style is very fun and a lot of the mechanics are novel enough to make the game a unique experience. I did enjoy playing the game for a while. I lost some early runs because I wasn't paying enough attention to the state of the field. There are a lot of little details to keep track of, which personally I enjoyed. It made learning combat a lot more interesting.

If you're still here after reading my unnecessarily long review I think I'd summarize by saying I enjoyed learning the game, but once I learned the game I just felt frustrated by so many design decisions. If you're not interested in sinking a ton of time into improving your play, you might enjoy learning the game as well and that might be enough for you to feel like the game was a worth playing. However, if you're like me and you want a deckbuilder where once you understand the game you can really start to dive into its nuances, you might find Wildfrost harder to come back to.",neutral,neutral,neutral,neutral
Steam,Wildfrost,"Hard to decide whether to recommend or not, but hopefully my review will make sense and when you finish reading it you will understand why I don't recommend Wildfrost, even If I think it is quite good and interesting.

First of all, the game is gorgeous. Probably you are reading reviews because you saw the art of the game and thought: wow, this looks nice! and of course it does. There is a ton of detail on the game and it all makes sense (except maybe the design of the main town which makes you go up and down and the buildings look very similar).

On the design and mechacnics, Wildfrost is quite interesting. You need to manage both your cards and the allies you summon on the board (up to 6), check the turns, what the opponent is doing and it will take you a while to understand all what is within the game, all the status, how each of the abilities work etc...I you have played a lot of card games like I've done you will see no issue here: complexity and variety are usually good things: they bring replayability and allow for different strategies and that's the soul of every good card game.

However, I think Wildfrost has a big issue in terms on how punishing and unforgiving it is. Your main character is always on the field, and if it dies, it's game over. You can do a lot to avoid this to happen, but, as said before, there is a lot going on on each combat, so if you make any small mistake, it is usually game over. And it is very easy to make mistakes because you are constantly pressed and challenged in all combats, and each set of enemies has different strenghts and weaknesses, so you need to try to setup a powerful combo that beats all kind of enemies with a very small set of options that come mostly from RNG (new heroes, cards,shops...) This forces you to rely on 1 or 2 differents approachs, and it limits the creativity a lot. Also, even with a plan, as run is quite short and unforgiving, there is no time to adapt or rebuild: If you do not get great cards on the first events, you are dead. 
On the other hand, you can unblock new cards doing certain achievements ingame, but the games you are not better in the way you would get on Slay of the spire or similar games: They are just other different cards. So progress does not help you winning and soon you are stuck with a set of cards and the same issues than in the first few games.
I think Wildfrost would benefit of longer and more forgiving runs, so you have the chance to experiment and improve,and leave the extreme challenge of a short unforgiving run to the end game. In its current state, and while I enjoyed the game itself, it is a devastating game that wears itself out once you see that you won't get anything better and the only thing left is to crush yourself against a wall over and over until the RNG is good enough for you to win.
",neutral,neutral,neutral,neutral
Steam,Wildfrost,I'm seeing alot of skill issue in these negative reviews,neutral,neutral,positive,neutral
Steam,Wildfrost,"The core is there, but holy shit the balance is not. Runs are super polarized, which is the worst possible thing you can have in a game like this. You either land some insane combo and cruise through, or you don't get to play the game. Healing/damage mitigation are entirely too scarce. It's a shame, because the game is amazing to look at and the upgrade system (building in the town, specific actions during runs) feel really nice, but the act of actually playing the game doesn't give you that ""one more run"" feeling when you lose. This one needed to cook a bit more, or at least get some more eyes on it before release. Definitely salvageable, though, just gotta do an entire balance overhaul.",neutral,neutral,neutral,neutral
Steam,Wildfrost,"I've put into this game 130+ hours, so that is the time to write a review :)

Before purchasing, I read a lot of negative comments that game is too hard and even first boss is unbeatable. It raised my curiosity and I've checked several videos on YouTube (Retromation in particular) where the game was easy and fun to play. I decided to give it a try.

Disclaimer: I've played for 3 years in ""MtG"" (online and offline), and played the ""Slay the Spire"" (StS) for 475 hours (I've beat the Heart by 4 heroes on 1st and 2nd levels of Ascension), so I know well what is genre is.

My summary — I would definitely recommend ""Wildfrost"" if you looking for something similar to ""StS"" but with some new tweaks and mechanics. Here you'll find beautiful artwork, descent level of complexity and places where you need to think several turns in advance in order to pass the boss.

However, if you looking for the same game like ""StS"", you do not need this game. You already have ""StS"", it's a wonderful game (the best in genre in my opinion).

If you decided to purchase ""Wildfrost"", here are few tips, how to make it easier to play:

1) No Rush: please, read all the text for all enemies and all allies before doing the turn. I've lost so many battles, because of some dumb move, where my hero was eaten by an ally, or some additional damage passed because I've misread the text.

2) Try to play dozens of games with an idea to beat the fight, and only then, try to do it in a way of getting more money with setup for combos

3) Check YouTube for some ideas or builds

4) Do not afraid of using the de-buff bells, they will give you more money and additional crown at start. And always pick the Vase even if you not going to beat the True Final Boss

5) The additional Health / Healing is OP: I've beat the Final Boss / True Final Boss only when had the many abilities to heal allies / add more HP to them / or mega combo-wombo synergy

Hope this review will be useful, have a great time all, and GL HF",neutral,neutral,neutral,neutral
Steam,Wildfrost,"Wildfrost reels you in with a cutesy, comfy aesthetic and then utterly rips you apart if you leave just one unit in the wrong slot of 6 because you were too anxious to play your three-card combo and weren't paying attention to the unit-tickers.

That's not the game's fault, that's yours. Wildfrost is REALLY HARD.

Reviewers complaining about ""not enough healing, no mitigation"" need to stop thinking this is Slay the Spire where you need to perfectly block on as many turns as possible. All your units making it out with one (1) HP at the end of a fight is Perfect Play (tm). Health is a resource. Use it. Some units arguably work better when coming into the next fight Injured, even. 

This razor's-edge philosophy toward fight balance similarly extends to the progression of an entire run and what you have to keep in mind throughout the run against various enemy gimmicks. The various gimmicks aren't there to be ""unfair and punishing with hard counters"", they're there because the Definitely Final Boss utilizes all those exact gimmicks and if you can't pass the midterm exam on each of them, you won't possibly clear the final exam.

The fact that there's a bunch of negative reviews saying they got wiped on the second or even first fight should speak wonders.

Wildfrost has mixed reviews because people bought a game expecting Harvest Moon and got The Dark Souls Of Turn-Based Strategy (tm) instead. Almost every single negative review speaking out against the ""wild imbalance"" of the game is speaking from a perspective that has refused to adjust to Wildfrost's expectations of the player, literally playing checkers while Wildfrost is asking them to play chess.

If you're looking for a comfy time, I suggest listening to the excellent OST by it's lonesome while doing something like reading a good book. If you're looking to sweat your balls off agonizing over every trigger on a massive combo turn, every turn, then get Wildfrost.",neutral,neutral,neutral,neutral
Steam,Wildfrost,"While I do really like this game, I also understand where a lot of the negative reviews are coming from.
A lot of the mechanics of the game which would be helpful to the player aren't communicated very well, some things that come to mind and I think should be improved:
- Make it apparent who will attack in which order so we can better understand the game mechanics
- Make it clear the attack area on hovering over an enemy (for example until I learnt the hard way I did not know that enemies who take up 2 lanes attack in both lanes at once and this wasn't mentioned in tutorial)
- Make it clear the available options that you could get from the card pool or the trinket pool, if we don't know what we can get in the base game, it's quite difficult to make decisions and the decisions feel a little arbitrary
- If you clear all enemies on the battlefield before the next wave the next wave comes early (this should be communicated)
- You cannot exit the shop after clicking on it (the screen with the snail) you have to go into it, this can be annoying if you accidentally reenter the shop

Some other things that I think would make this a rich experience which seem to not be present:
- Ways to weight certain types of build likelihoods in your run (choose to see more frequent poison cards etc.)
- The prevalence of aimless needs to be reduced in enemies, it does not make it fun to try and strategise, and largely feels uncontrolled and unfair
- give ways to modify the game, eg. more healing items, lower/higher countdown timers on enemies, all enemies enter with a snowed, always start with a random trinket etc. etc. I feel like this would really free up people from the feeling that the game is suffocating and difficult as everyone would be able to set their own modifiers to play the game how they want it, this would also open up potential for more diverse challenge runs which do not need to be part of the daily challenge
- allow us to reroll the starting characters, or make it so there is almost certainly a way in each starting character could be viable, at the moment it seems like some starting characters are just objectively worse, and being forced to play with a mechanic you don't want to play can be very frustrating

To the other players who are frustrated with the game:
While I do agree this game needs a rebalance, I think comparing this to FTL is a better comparison than to slay the spire, in FTL you frequently have bad runs, and there are only a handful of viable builds, this seems to be the approach the developers tried to take with this game. The main thing that I think most people are actually complaining about is that the casual fun looking art style doesn't accurately set you up for the expectation of a difficult FTL-like experience. I do think that this game has amazing potential, just needs some attention to allow for a more customisable and fair experience for players. 
Even without this, I would still recommend this experience to anyone who likes the appeal of the art style, however just know, this game is really quite hard and you have to be okay with failing most of your runs and embrace the roguelike experience.
",neutral,neutral,neutral,neutral
Steam,Wildfrost,"the difficulty is steep, like really steep, it has an ""ascension"" system like other similar games such as slay the spire or monster train, and has a modular system like in hades, but it seems to take the approach that just because there is a system to allow players to challenge things at the difficulty level that they would prefer is no reason not to make the lowest level extremely difficult. 
the skill and understanding demands are harsh from the outset, there is no ramping up in difficulty where you need to shed the crutches that you were using, it kicks you in the knee day one and says ""no crutches"" then it gives you the ""opportunity"" to make it harder. 

and maybe its just that i need to ""git gud"" but no matter how much i lose i dont feel like i am learning anything. there is no ""you are doing poorly"" feedback, you just die. sometimes suddenly as a interaction you didn't notice instantly kills your leader. 

in StS you have the buffer of your health to teach you ""you arent blocking enough"" ""you dont deal enough damage""  ""your deck is too bloated"" ""you arent scaling fast enough"" its straightforward to see what you are doing wrong because the game tells you by stabbing your HP. and you have ascension 0-20 to learn and improve. sometimes i have times where im just ""yep i just got bad luck that run"" but usually i at least can see what i was doing wrong, even if im not good enough to actually do it better. 
in wildfrost every death is just ""guess i died... again""

i do like this game, the art and music and yes even the gameplay are great, but i cannot actually enjoy playing it or recommend it to anyone unless you are seriously good at deckbuilders, like seriously good. 

when i first started it made me happy it was cute and interesting and now the cute art is just overshadowed by the bad feelings and frustration.",neutral,neutral,neutral,neutral
Reddit,Wildfrost,"Here I am struggling to get a win, and people are making WMDs. SMH",neutral,neutral,neutral,neutral
Reddit,Wildfrost,I'll just move him here to tank this damage. Oh I lost.,neutral,negative,neutral,neutral
Reddit,Wildfrost,"Obvious TL;DR: This was so long I exceeded the character limit for a comment. Dang….I attempted to write in parts marked in bold about the different sections of a single run, finishing on a few remarks about using all the Dread bells. Each part should reference the general strategy, but it is most important to act with a plan early on, so the latter sections have less in them. I wrote this somewhat late at night and I’m sure there are mistakes, and there’s probably more I could share with people to actually help them improve. If you have any questions I am happy to answer them.

Here we go! After about 70 runs and 60 hours, I’ve thought through a lot of the strategy and I’d like to share what I learned from the experience. This will be a long read, so feel free to find specific sections of this comment if you are looking for a certain bit of information. The story of success is setting up consistent game plans by the final battle!

The true ending battle will have its own section marked with spoilers, so don’t worry about reading!

**Part 1: The story**

After countless losses and sometimes intentional throwing of runs for the sake of achievement metrics, I managed to get my first Vanquish about 35 runs in. 10 runs later I was getting much more consistent, winning every other run. Then I softlocked my game with Alloy in the Frost Guardian fight (flipped card glitch). I didn’t want to stop playing Wildfrost though so I just started playing again on a new profile since I’m on the Switch. That’s why I have two stat pages in the images. I apparently learned how to win after that though because there was only one loss on the new file.

The new file played through 3 runs without any bells, then 1 run with 1 bell, 1 run with 2 bells, and then all subsequent runs with 3 bells. It’s worth noting that I think 3 bells is the easiest for a knowledgeable player. Then 0 bells, then 2, then 1 bell as the hardest. Extra blings for enemies having charms is rough, especially in the early rounds. A crown from the 2nd bell and options from the 3rd bell help a player improve consistency.

I chose whatever leader I thought was best of the three. If they were equal I would choose Clunkmasters because their cards are easiest to be consistent with in my opinion.

**Part 2: choosing a leader and a pet to go with them!**

The initial choice matters a lot. As many have observed, not all leaders are created equal. What should you look for? There are no hard rules, but guidelines in my opinion.

The 2 key stats are health and cooldown timer. You need 8 health to survive an aimless hit from Bigfoot and Frost Lancer. You never want to risk a 1/3 chance if your leader happens to be in those lanes. If you go less than 8 health that ability better be nice! Cooldown of 3 or 4 is fast and 5-6 are slow, meaning 5-6 will usually be hit by enemies before they get a hit in battle. Note that many charms and cards can boost your damage output. Far fewer with enhance your health or reduce the cooldown.

Ink, Snow, Demonzie, Barrage, and “activate X on hit” are usually really good abilities. They offer consistent utility that you can strategize with and plan your future card picks around. Other unique abilities can work, but may have a few battles they struggle in. Smackback can be really good, but if it’s only smackback with no countdown things can get a little dangerous at the end of a run.

Once you have a leader you need a trusty pet to go with them! Choose a pet that will help enhance your leader’s ability. 

If your leader has smackback, applies effects when they are hit, or gains buffs over a battle, you probably want Booshu so you can take more hits safely with your leader.

If you chose The Clunkmasters you may consider Sneezle to help you draw cards and set up early in a battle (or set up those crazy combos).

If your leader has barrage and doesn’t do much damage, Lil’ Gazi is a great choice.

If your leader has a large cooldown timer Snoof might be good to slow the opening pace of battles down.

I used Loki once in tandem with a leader with demonize to stack a lot of the demonize status. I never used Spike in the win streak. You probably won’t use these two much.

**Part 3: Early game strategy**

You start a run and find yourself facing some snow creatures. Little do you know this is your most important battle until the Frost Guardian. Seriously. As it stands currently, the key to consistency in Wildfrost is having a wallet full of Blings. The more that you have, the more things you can buy, and shopping is where you have the most options available to choose from. How do you get more Blings? Combos and beating up Goblings.

Let it be said that your health is an expendable resource. As long as it doesn’t hit zero you win without injuries. Plan on using it. Especially early on in a run. Money is all you care about in the first two battles.

In battle 1-1 you only have your leader and maybe a pet if you have 2 bells active. So your combo potential is limited to your leader and items at this point. Focus on the Gobling if you don’t have a pet. Use snow inducing items to stop it from fleeing and make a cool 4 Blings. Then proceed to hit it with low damage items or even junk if you are the Clunkmasters, since 0 damage hits still get 4 gold. If you have a pet, try to set up x3 combos with the pet, leader, and an item. a few x2 combos are good too. You want to have 40+ blings at the end of this fight if possible.

After battle 1-1, one of the two paths will have 2 frozen travelers on it 90% of the time. I usually take this path, because getting two companions puts you at your limit if you have a pet. Most of the time this lets you know what you have to work with for the rest of the run. Occasionally you may have not liked any of the companion choices. That’s unfortunate, but you can pick one more up if you have to. If you don’t take the double companions here, be sure to get a companion after 1-2. Searching for companions late game is usually an opportunity cost. Once you hit your companion limit, avoid all paths with new companions if possible. You’re looking for powerful cards and charms now, not more friends.

[While on the subject, my 6-win streak I had before the 10 win streak was lost due to not finding companions that I liked and also being forced to take companions on both paths late game. Early companions are very consistent in my book, but the game may still say “screw you” on the occasional run and give you more when you don’t need them.]",neutral,neutral,neutral,neutral
Reddit,Wildfrost,"I've had many runs where i barely beat the last boss (either ending). I agree that some things need to be rebalanced but calling it terrible may have more to do with how you are playing the game. Also, creating broken runs within the rules of the game is really fun and i hope it stays in the game in some sense.",neutral,neutral,neutral,neutral
Reddit,Wildfrost,thanks! I don't really like the card for other fights that much but for this one it's just perfect even if you don't get charms that instantly win the game,neutral,neutral,positive,neutral
Reddit,Wildfrost,Had to kill all 999 life because of ink,neutral,negative,neutral,neutral
Reddit,Wildfrost,"I had an epic sacrifice run. In my excitement of dealing the final blow to the final boss with my beefed up Monchi, I moved him up to the top row… where he swiftly destroyed the boss and devoured my leader…",neutral,negative,neutral,neutral
Reddit,Wildfrost,"Hi all,

  
First of all, I'd like to say that this game is definitely S tier, the music, the art, the gameplay are very good IMO. I am wondering about the difficulty curve or the deck building aspect of it and if I am doing something wrong. I won already a few times and have a few charms/pets/etc unlocked. The problem is usually that the leaders I find are all crappy or that I am unable to have a cohesive build by the time I hit the 3rd boss (usually the first actually tough fight for me). Is there something core that I am missing here? Usually my cards are all over the place and it feels that the RNG of it all is draining and making it impossible to get any real progression.",neutral,neutral,positive,neutral
Reddit,Wildfrost,"I’m saying this as someone with over a 20 streak right now against the true ending bosses:

Control the fight.  Most runs don’t one shot like this does, most will be in for the long haul.  Your biggest threats will depend on what your deck looks like, but in general you will:

-want to set your main floor up against the jailer, because you don’t want to set up all 3 of your best units against the barrager which has snow resist

-have “fodder” to throw away on that barrage floor to soak those hits up so that they don’t hit your main floor.  This can be a tanky companion you no longer care about, clunkers, or summons.

-Lock down the frost crusher (dude who gains attack per strike) with snow.  Snowcake is the easiest answer but if you don’t have that, any form of extra snow should always be a priority add in any run otherwise this guy will grow out of control fast

-If you predict a lot of cards will be destroyed, the frost junker also needs to be locked down since he will gain attack and be on a 2 cooldown count

-Have some defensive options against the aimless lancer.  He is the one that will threaten your leader or your damage carry, assuming your floor generally follows some form of leader - carry - tank (it will change from game to game but this is pretty typical for me).  Pom juice is very top tier here or any shell cards for example, but frost also works.  It can be worth noomlin or lumin vasing these cards as well.

-Try and let the muncher dude that destroys your cards get rid of your worst cards and actually improve your deck consistency.  That way you are drawing snow or other debuffs more often, any noomlined cards more often, and any other key cards more often.  Generally if you can set this up create a gameplay loop where you lock down the enemy scaling, even a relatively slow deck (which most mine end up in this category) will survive long enough to kill the jailer, and once the jailer is dead typically the fight is solved since you have your freedom of movement back.",neutral,neutral,neutral,neutral
Reddit,Wildfrost,The balance is definitely not perfect. More content and QoL features like being able to reroll or have more choice over the starting character is always great too.,neutral,negative,neutral,neutral
Reddit,Wildfrost,"I dont know how you guys do this. I truely love this game, but it's too hard so I dropped it. I struggle getting to the fight against my previous team (the only one that managed to end a run) and when i reach it, i'm getting destroyed 🫠",neutral,neutral,neutral,neutral
Reddit,Wildfrost,"Yeah, you can get some insane damage on slapcrackers. that +4 that will take away aimless, +2 for all items, and its already at 7x4 damage. Add Goat charm to apply demonize and suddenly the damage will be 7, 14, 14, 14. You could easily boost the damage even further.",neutral,neutral,neutral,neutral
Reddit,Wildfrost,"I'm gonna parrot the obvious answers here in just throw ink and snow at it snowcake on the Devicrow will just imobilse it until you can kill it and keeping the leader inked will leave him just useless 

Chickchi can be largely ignored unless there's something you need to kill behind it (eg iceforge, tusk or the leader)

Kill the snowforge and tusk asap the iceforge will make the leader a threat even if inked and teeth just makes life harder for you

Then kill devicrow simply so you don't have to deal with his scaling 

Proceed to throw items at the leader to get around his teeth and smackback",neutral,neutral,neutral,neutral
Reddit,Wildfrost,"I think this game is really about knowing what could come at you and knowing what tools you have. What I recommend is getting really good at one clan so you know all the tools available to you. For example, I can comfortably get to 10-15 streaks with the first clan since I know the ins and outs and which cards/companions/combos work every time. With the shademancers (2nd clan), I can get to about 5 streak but I'm not consistent since I haven't explored all the combos yet, but I do notice that when I do win with shademancers it usually looks something like this where I just straight steamroll through the final secret boss. And the clunkers are similar in my experience.

This is all coming from 10 bells btw, don't know how successful I'd be at higher bells",neutral,neutral,neutral,neutral
Reddit,Wildfrost,This literally confirms that the balance is terrible lmao. The game is fun but most runs you’re either breaking the game in some way like this or you’re dying to teeth halfway through the run because you didn’t find anything broken,neutral,negative,neutral,neutral
Reddit,Wildfrost,"I feel the same way. I’ve never won once, not even came close to. And I think I might have played for over 10 hours, taking my time, strategizing, moving players around… but at one point (during or right after the second boss) I get completely destroyed. It feels like I’m at lv 10 vs a lv 60, if this was a rpg. 

My overall feeling is that I got my moneys worth with the fun I had, but it’s going to be one of those games that I’ll never beat. And I don’t consider myself bad at games at all), maybe something never clicked with this game?",neutral,neutral,neutral,neutral
Metacritic,Wildfrost,This roguelite deckbuilder isn’t perfect on mobile but it has enough charm and novelty to make it worth playing.,neutral,neutral,neutral,neutral
Metacritic,Wildfrost,"Wildfrost is an excellent roguelike deck builder, able to stand out from the crowded genre with fresh ideas and outstanding presentation. The ice-cold level of difficulty still needs a bit of fine-tuning.",neutral,neutral,neutral,neutral
Metacritic,Wildfrost,"While the difficulty can become a little too frustrating at times, Wildfrost’s card-based combat is consistently fun. Seeing the town of Snowdwell progress is a fantastic incentive to keep playing, and it’s more than enough to keep you coming back for ‘just one more’ run.",neutral,neutral,neutral,neutral
Metacritic,Wildfrost,"Sleek presentation and engrossingly deep gameplay makes Wildfrost a distinctive roguelike deckbuilder. It’s a brutal learning curve that might snow you in, but if you persevere and learn you’ll have an overall great time with the game.",neutral,neutral,neutral,neutral
Metacritic,Wildfrost,"Wildfrost is attractive, but on the roguelite side, the difficulty is very high, with a lack of consistency in the cards where effective compositions are far too rare.",neutral,neutral,neutral,neutral
Metacritic,Wildfrost,"Great roguelike card game, this Wildfrost. Of course it is not as cute and cuddly as it may seem at first glance, the art style is deceiving while the gameplay, with its inexorable countdown and perfectible balance, does not forgive the slightest mistake. It takes patience to give it a chance to fuel and a little stubbornness to get the best out of it, but it's definitely worth it.",neutral,neutral,neutral,neutral
Metacritic,Wildfrost,"I would recommend Wildfrost to anyone who enjoys deck-building battle games like it, but it’s probably not a great introduction for newer players to the genre.",neutral,neutral,neutral,neutral
Steam,Final Fantasy 14,Game is complex and there is a lot of walking and doing pointless task. For some reason I am still playing it lol.,neutral,neutral,neutral,neutral
Steam,Final Fantasy 14,ight,neutral,neutral,neutral,neutral
Steam,Final Fantasy 14,Do you know la-he?,neutral,neutral,neutral,neutral
Steam,Final Fantasy 14,Come to FF they said. It's Fun they said..... Its okay i guess. runs smooth. not a whole lot of bugs. if you buy the complete job from the store when you first start out. you skip all of the dlc content and wont be able to do it on another character. which i think is dumb. unless you buy a item that resets it. which is dumb. its not WoW. but it will do for now.,neutral,neutral,neutral,neutral
Steam,Final Fantasy 14,This game is fine,neutral,neutral,neutral,neutral
Steam,Final Fantasy 14,Im a cat Im a kitty cat and I go meow meow meow,neutral,neutral,neutral,neutral
Steam,Final Fantasy 14,cat girls,neutral,neutral,neutral,neutral
Steam,Final Fantasy 14,Has an actual flying gorilla,neutral,neutral,neutral,neutral
Steam,Final Fantasy 14,yea its alright,neutral,neutral,neutral,neutral
Steam,Final Fantasy 14,It's an alright game :],neutral,neutral,neutral,neutral
Metacritic,Final Fantasy 14,"This new only Final Fantasy has the potential to become a rich, vibrant MMORPG, but this potential isn't used enough. There are a lot of technical mistakes and a lot of strange design choices that make it harder for players to fully engage themselves in this game. Maybe after a lot of updates and patches this game becomes what it should've been from the beginning.",neutral,neutral,neutral,neutral
Metacritic,Final Fantasy 14,"Somewhere out there, there is a player this game is perfect for. But he or she would still be advised to wait another six months before even thinking about Final Fantasy XIV, because Square Enix hasn't yet got its head around its own players.",neutral,neutral,neutral,neutral
Metacritic,Final Fantasy 14,"There are some pretty polarizing reviews of this game.  Anyone that rates it a 0 or a 10 should be immediately discounted.  The reality is somewhere in-between.  The game is not perfect by any stretch of the imagination, but it's also not without potential.  For sure, Square Enix has their work cut out for them to make this game truly enjoyable.  Here's hoping that they start listening to their player base sooner rather than later.",neutral,neutral,neutral,neutral
Metacritic,Final Fantasy 14,"Pretty much all of the reviews are accurate, albeit the scores themselves are scewed. All the problems that they complain about in the low score reviews are there, as well as the good points from the high reviews. The crafting system is robust and involved, requiring players to write down the recipes they learn from leaves(or look them up online). The graphics are top notch, and I have yet to experience any graphical hiccups on my rig. The game IS casual friendly, but not in the way people usually use the term. Basically what they meant when they said casual in reference to this game, were people who don't have the time to play very much during the week won't fall hopelessly behind. The way the game is set up is so that the casual player will progress almost just as much as the hardcore player. You can freely change jobs at will by equipping the jobs weapon type, and you can mix and match abilities from different jobs, which can turn out to be interesting later on down the road. Now for the cons, and my oh my are they abundant. First and foremost is the menu system. Anything you do in the game requires you to go through a menu, this wouldn't be so bad if the game wasn't so unresponsive. From combat to menus there is a huge lag time between when the player clicks an action and when the action is carried out. For combat this kills twitch gameplay where well timed moves can win the day, as all you can do is pray that your moves will go off in time to save you. For crafters this means over half the time spent crafting is done sitting through menus waiting for the next option to load. When a game is so reliant on crafting as a gameplay feature this is unacceptable to me. While we are on crafting we have to also include the market system. It's obvious they wanted to hamper RMT's with this game, but IMO using the free to play style player markets was not the correct way to go. Basically you or your hired retainer can sell items on you, and there are several market wards set up to house all the people who want to sell things. Problem 1: It is an unorganized mess, players are all just scattered around in the different markets along the main walking path. There is no search feature as of yet ( but one is being implemented later I hear) so finding a specific piece of gear or mat can take hours on end of searching through endless people only to discover no one is selling the mat you require. While I do not like the AH system that permeates most MMOS the FTP market system is even worse and I do not understand why they thought that would be a good idea for this game. The anima system allows you to teleport to locations you have been before, but don't get excited because you will blow through your points in around a week if your seriously lving a job, and you only get one point back every 4 or so hours. I hate when developers try to extend play time by doing useless things such as this, and to all the people saying this all was done by design think of it this way. Does it contribute to the gameplay or is it just there to be a timesink to milk more money out of the subscribers? The chat system is also incomplete at this point with no global chat and people only talking to buy/sell goods. The guild system is also incomplete at the time of writing, with the companies they were talking about not yet implemented. There are not many quests in this game as of yet, and you will find yourself doing the same ones every time your able(like a 2 day wait before you can do leaves) once you have finished you tri weekly leave quests, you will spend the rest of your time grinding till they reset again, which will be a pro for some and a con for others; I will leave it to you to interpret if thats good or bad. Lastly are the glitches, which while can be fixed I am doing this review on the state of the game currently not based on promises of the future. So far I have experienced a great deal of glitches in gamepley from mobs constantly resetting and regen hp while still hitting you to people appearing dead on my screen and not being able to target them, which is devastating if you are trying to heal people (I am a healer). For the past week I was not able to send tells and people in party chat and linkshell chat were coming up unnamed. This is something they addressed a week ago, but then came back again a few days later. Sometimes the quests do not update, especially if you kill a fleeing mob on a guildleve before he gets to the ambush location. Basically to sum up, This game does show promise, but only if they listen to their player base and fix some of the numerous gameplay problems. If you are thinking of buying this I would wait a month or two and see how the dev team responds to problems with the game. early adopters are sure to have a frustrating time out of the gate on this one.",neutral,neutral,neutral,neutral
Metacritic,Final Fantasy 14,"I'm not going to say that this game is good, right now it deserves a 5. BUT i feel this game is a diamond, of course unfinished, unpolished and still in the facade of a rock (an ugly rock). the game has extreme potential and lets face it: square never aimed to storm the market of pc mmos... this game is for the ps3, everything in it screams for a console and a controller, so what did square do? A six month extended public beta ( let's call it gamma :)  ) until the console version comes out. I believe that in the ps3 version they will have taken all the feedback about gameplay issues, bugs, exploits, balance, lag ect and they will deliver a version of FFXIV as it should have been....... but all this sadly to the expense of thousands of people,who had their hopes up for the pc version, serving as guinea pigs (including me) . So to all who still ponder, wait. Wait a few months and buy the ps3 version and if you don't own one, wait until the ps3 version comes out then buy it for pc, it will be a different game",neutral,neutral,neutral,neutral
Metacritic,Final Fantasy 14,"Checking in after six months, the game's most obvious flaws have been corrected. It's possible to search a centralized list for specific items sold in ""market wards"" (the game's version of an Auction House). Gaining SP (the game's version of XP) in parties has been tweaked. The most recent patch (3 March) introduced traditional NPC quests. The game remains free of a monthly fee, and the game box is available heavily discounted from retailers.

The game still rates ""average"" even in this fan's eyes, though. Those new NPC quests I just mentioned do not award SP or gil (money)! Even the monsters killed on an NPC quest don't give SP/gil. Imagine finishing a quest to kill ten foozles in WoW, for instance, and not getting XP or gold from either the foozles or the quest. The sole way of advancing in the game remains killing countless mobs outside of the NPC quest structure. While that design decision is baffling in and of itself, the general attitude of _both_ development teams (since the original one was ""reassigned"" late last year) seems to be ""grinding=advancement, and lore=background only."" How that will ever translate into paying subscriptions is beyond my limited knowledge.

In conclusion, I wish the gamers (and developers) the best of luck, but if you're not a devoted fan of Final Fantasy, this game still does not deliver anything other than an average experience.",neutral,neutral,neutral,neutral
Metacritic,Final Fantasy 14,"While there's a lot to consider when building your ideal class, there's far too little interesting structured content to chew on, resulting in an experience that quickly grows tedious and tiresome.",neutral,neutral,neutral,neutral
Metacritic,Final Fantasy 14,"Satisfyingly different, promising but rough around the edges, that is how I would sum up FFXIV.

Pros:
Beautiful game
Excellent macro system
Variety Multiclassing and Multiskilling
Saves equipment on exit *g* If you get that reference....
Doesn't patronise the user with how to do everything
A true TEAM game, its all about the partying and working together
Story

Cons

UI is currently clunky, it takes getting used to. Lag in battle with animations, not horrendous just annoying
Accessibility of information is not easy, all the info on the game is out there but finding it is harder!


Summary:

This game has alot of potential and is very different to WAR/WOW/LOTRO which will put off  many people I'm guessing.  However if you stick with this game you are rewarded with variety, open ended game play and generally a fun time.

Do note, this game is about working together with others, forming a linkshell/company (guilds), it isn't a solo affair and why should it be, it is a massive online multiplayer game- go out and work with others!

6/10, currently losing points due to the bugs which i'm confident will be patched!",neutral,neutral,neutral,neutral
Reddit,Final Fantasy 14,"Hello! Just wondering if anyone else is having issues with randomly disconnected from the game despite having stable internet connection. The past days I have it happen like once an hour, but according to some monitoring tool (that I read about somewhere else) my internet connection never went down during those times",neutral,neutral,neutral,neutral
Reddit,Final Fantasy 14,"There's been a string of DDOS attacks the past week, so you're probably getting disconnected because of that not your own connection.",neutral,neutral,neutral,neutral
Reddit,Final Fantasy 14,"What is the gear cycle for crafters in each expansion? In this instance when does my Everseeker, right side, left side and tools stop being BiS?",neutral,neutral,neutral,neutral
Reddit,Final Fantasy 14,"The scrip gear is never BiS because it can't be overmelded, that's why I specifically called it catch-up gear. Based off the Endwalker gear, it'll be similar in base stats to the crafted gear released in the previous patch, with two meld slots on the gear and one on the tools.

If you don't intend to craft a lot- you only want to make gear for yourself, you don't raid much or at all so don't need to craft tons of food and pots- it's usually completely fine for master recipe crafting, you just may need more HQ pre-crafts and may require tisanes and food for everything when if you had fully pentamelded BiS you could get away without that. Teamcraft will have recommendations for budget sets, melds and macros once we actually have the gear.",neutral,neutral,neutral,neutral
Reddit,Final Fantasy 14,"There is so much people miss by not talking to the npcs during quests, I see so many people just pick up the quest and leave :(",neutral,neutral,neutral,neutral
Reddit,Final Fantasy 14,"Such a weird mount when you read the description, the Pom on the end of the tail is the part that’s alive. So is the whole mouse part like a limb? Or is it being mind controlled?",neutral,neutral,neutral,neutral
Reddit,Final Fantasy 14,"Doesn't really hit the same. It's more mechanical looking, so it's not as ridiculous. I still like it, just not as much.",neutral,neutral,neutral,neutral
Reddit,Final Fantasy 14,"No, it's was very difficult, especially on floors 191 things can go awfully wrong and blm is terrible at handling bad situation. I had to try many times until there weren't any new run killing mistakes to do.
Blm is terrible for that, and that's the challenge.
Summoner is a good job to start with. It can handle many things. If you did the first 50 floors, you can try to go further. From floor 51, it gets easier until floor 100.",neutral,neutral,neutral,neutral
Reddit,Final Fantasy 14,Yes. I made it over a 3 year period. It's still a work in progress,neutral,neutral,neutral,neutral
Reddit,Final Fantasy 14,"Bomb toss is just a puff of smoke, not a fiery explosion. I never thought of entering a dungeon to clear the status though.",neutral,neutral,neutral,neutral
Reddit,Final Fantasy 14,"I still remember trying a support job for the first time, spent a couple hours reading on how to play astro, setup my gear, practiced the spells/abilities I had and joined a dungeon.

Told people it was my first time healing, tank B lines through multiple packs not using any damage mitigation then died far out of my range and shit of me for being a horrible healer.

10/10, never healed again in FF.",negative,neutral,neutral,neutral
Metacritic,Battlefield 2042,"Battlefield 2042 isn't a bad shooter, but to release in this quarter of this year it really needed to bring its A-game, and it hasn't done that.",neutral,neutral,neutral ,neutral
Steam,Battlefield 2042,"i wish there was a middle meh thumb rating because that's how i feel about this game. it doesnt feel like a main battlefield game but rather a spin off. it doesn't feel gritty or cinematic like the battlefield you'd expect, but rather it feels too clean and cheap. Here and there it's fun but when you realize 6/10 of your kills are bots it feels like im playing a dead game that's 10+ years old. I really hope the next battlefield game nails the battlefield filthy formula captured 3, 4, 1, and V so I can forever forget how bland and boring this game is.",neutral,neutral,neutral,neutral
Steam,Battlefield 2042,With 90% discount its good.,neutral,neutral,neutral,neutral
Steam,Battlefield 2042,Love it for what it is. Hate it for what it could be..,neutral,neutral,neutral,neutral
Steam,Battlefield 2042,Not worth the 60 bucks but damn is it worth 15,neutral,neutral,neutral,neutral
Steam,Battlefield 2042,"took 4 seasons but yeah, give it a go.
**UPDATE**
its now mid season 6 and player count is way up, they have continued to fix broken things... but in some cases, have broken fixed things... so there's that...
still playing and will for some time to come.",neutral,neutral,neutral,neutral
Steam,Battlefield 2042,"Better than it's reputation.
Worse than its predecessors.",neutral,neutral,neutral,neutral
Steam,Battlefield 2042,"It's fun, but not worth full price.

EA PLAY is $4.99/mo on Steam. Buy one month, play this game until you get bored, then unsub from EA PLAY. it's way cheaper than spending full (or even sale) price.",neutral,neutral,neutral,neutral
Steam,Battlefield 2042,"At 90% off, I don't really care about how bad the launch was, or for how long the devs will keep supporting. Compared to what I saw in the open beta and the first year, it's in a better state.

The price right now is what the launch price should've been. So, if you waited (or just didn't bother) for 3 years then congrats! You haven't played yourself.

Since I'm not a hardcore fan of the BF series therefore I don't speak for the veterans. I just think I got what I paid for, not entirely polished but not too bad either. Feel free to disagree.

As for the cheating situation, it's not as rampant as BFV but it's gonna get worse sooner or later. So, I knew what I was getting into. I'm not looking towards sinking 1000 hours or purchasing in-game stuff. Just some casual fun.

Thanks for coming to my TED talk. Clown awards are appreciated.",neutral,neutral,neutral,neutral
Steam,Battlefield 2042,"[h2]Enjoyable FPS, Mediocre Battlefield[/h2]
Battlefield 2042 had the worst BF launch I've ever seen in my life, but it's somehow managed to claw it's way back to something that's somewhat enjoyable, but only if you're willing to look at this game as a goofy spin-off and not a mainline Battlefield title. Why? Because while 2042 plays like every other hyper-movement modern shooter it has little to no teamwork, the ""revamped"" classes are the same silly character operators and the maps are honestly forgettable, vacant and obnoxiously massive. The hyped up ""Portal"" mode is probably the most disappointing aspect of 2042, if anything it feels like a half-baked knock-off of the older BF titles you played before. It's a great idea, but poorly executed (like many things in this game). Oh, and of course there's the in-game store complete with hideously tacky skins and cosmetics you can buy with IRL money. 

Simply put, 2042 is a terrible Battlefield game, but a decent FPS time waster. Would I recommend it? Only at a heavy discount, I'm talking $15 or less. Outside of that, just skip it.",neutral,neutral,neutral,neutral
Steam,Battlefield 2042,Fun but not the best Battlefield. It has many issues which is hard to believe considering how long this game has been out.,neutral,neutral,neutral,neutral
Metacritic,Warhammer 40k: Darktide,Only problem you can't be death korps of krieg which isn't to bad but at least you can use shovel,neutral ,neutral,neutral,neutral
Metacritic,Warhammer 40k: Darktide,"Yes, the game is buggy right now, FPS isn’t always what it should be, and it crashes once in a while, but the core gameplay and mechanics are solid and brutal. Great game for casual gamers and 40k fans alike.",neutral ,neutral,neutral,neutral
Metacritic,Warhammer 40k: Darktide,"Let me start off by saying I love warhammer 40k and aos so any game in their universes already gets my attention. The controls are mostly good, combat feels smooth and every weapon feels different as you fight with them which really adds to the build variety. I have all 4 classes maxed with around 500+ weapons and 150+ curios. Earning weapon mods is atrocious as the only way to do it is to get another purple or blue or orange item and ""dismantle it for its blessing"" another grindy mechanic, could be worse. My issue is the ""higher difficulties"". Hard is testing my skill making me use my environment or what have you to survive. The ""difficulty"" of this game is every 2 seconds an enemy or mob appears behind you mid swing and you lose all your toughness and take chip hp damage. A poxburster will appear and explode in all of 2 seconds, sound ques for most specialists just don't go off so having a mauler smash my **** with his hammer from behind because the game wanted someone to go down is just pathetic. Ever played elden ring? Rember morgot? Clearly he trained the maulers on delayed attacks, which is easy to dodge until you factor in fatsharks abysmal servers so a nice little lag spike will have you go down when you thought you dodged. Mobs of 40 will magically appear behind you and all swing at once so you go from full health to down in literally one hit. Teammates are everything. Do they run ahead and play like a selfish 11 year old or are they actually watching your back like you're watching theirs? In the end it's a great game with problems and that can either make a match a great time or the absolute worst 30 minutes of your life depending on multiple factors out of your control like bad teammates, horrible servers, and having 30 specialists spawn down your throat like goku using instant transmission. 

Regarding lag and my internet, my internet is incredible and runs every other game smooth as butter especially on my series x. But fatshark doesn't care about that they use dedicated servers so kids in India can play too while everyone else suffers. Fix the servers and it would be a 9/10",neutral ,neutral,neutral,neutral
Metacritic,Warhammer 40k: Darktide,"Things the game does really really well:

The graphics, effects and style are amazing
Soundtrack is top tier, gun sounds are great
The maps are really atmospheric

Things the game did poorly:

Terrible fps
Very frequent crashes
Big, clunky UI
Disconnects and multiplayer issues happen a lot
Not enough maps / areas, feels way too repetitive
The mission select is terrible, random missions on random difficulties with timers
Only 4 classes, they feel very samey
Progression is just bad. Having to play multiple hours with a horrible weapon to level up enough and then hope you get it in the shop. Class talents feel very weak and unrewarding for a game like this
Added a premium cosmetic store on launch but didn't really fix many of the big issues the game had.

Most of those can and probably will be fixed with updates, the game could be great eventually but the progression and lack of anything interesting for classes will make it hard for me to want to play it much more.",neutral ,neutral,neutral,neutral
Metacritic,Warhammer 40k: Darktide,"The core of this game is good, the way it has been presented is not.

The game released unfinished and with a myriad of bugs. The amount of content on launch is really not worth the asking price.

Some elements of the game aren't finished (like crafting) and the user interface leaves a lot to be desired (mission selection is very limited).

To say I am dissappointed is an understatement. Fatshark is capable of better, and should have done better with this game.",neutral ,neutral,neutral,neutral
Reddit,Battlefield 2042,"PSN 

Acemaverick92 

just want to play some battlefield 2042 with fucking comms 😂 pretty decent miss the old days of voice chat in every game",neutral,neutral,neutral,neutral
Reddit,Battlefield 2042,"Same, I enjoyed it quite a bit at times, but I can't see this game having any sort of longevity for me.",neutral,neutral,neutral,neutral
Reddit,Battlefield 2042,"It may make some money initially, but people aren't going to stick with it and will likely go back to their previous games.",neutral,neutral,neutral,neutral
Reddit,Battlefield 2042,"This is a screenshot on the Xbox Series X which runs the game only at 720p unfortunately. But at least the FPS Booster lets it run at 120fps, so at least something :D",neutral,neutral,neutral,neutral
Reddit,Battlefield 2042,"I play on PS5 and PC, and it's miles better on PC. It seems like you miss so much stuff (like the amount of tracers in the air when you're flying) that it puts you at a disadvantage by playing on console.",neutral,neutral,neutral,neutral
Reddit,Battlefield 2042,The M1 Garand is by far not the best DMR.  The vertical recoil is broken and the magazine capacity hampers it.  There are far better DMR options.,neutral,neutral,neutral,neutral
Reddit,Battlefield 2042,"I got a little bored of it, even after all the nerfs it’s still such a monster, feels unfair sometimes. Same goes for the sfar lol, I’m at rank like 150 ish but can’t use it anymore",neutral,neutral,neutral,neutral
Reddit,Battlefield 2042,Hey dude I'm just asking what DMRs are better. I don't use DMRs so I'm curious what you were thinking. I don't understand the negativity.,neutral,neutral,neutral,neutral
Reddit,Battlefield 2042,Yea I was surprised but I’ve used it enough to get a rough estimate. Sometimes it hits sometimes it doesn’t lol,neutral,neutral,neutral,neutral
Metacritic,Warhammer 40k: Darktide,"+ Levels look great

+ Nice fights and enemies

+ Different characters and you can specialise them even further / play them in different ways

+ Continuously updates

+/- Depending on the team mates the experience could be very satisfying or pretty unsatisfying

- Missions/Levels are kind of random and there are not many of them

- Most of the time the experience feels familiar

I can recommend it in a sale. There are still many people playing it.",neutral ,neutral,neutral,neutral
Metacritic,Warhammer 40k: Darktide,"Simple ""co-op"" game in which you could just spam the same class and it would be mostly okay. It’s one of those horde-based games to play with friends to kill time. If you want some frenetic action without much planning it’s good. It’s visually really good. Progression is ok and each class has its own mechanics and weapons of choice, but it still does not go the extra co-op mile and create real needs between them in most cases. 

There is only one campaign mission, which makes clear that the game was planned to be long-term but then was abandoned after poor initial reception. 

Buy it at a discount to kill time with friends for a while, but I’d rather recommend something like Helldivers 2 for that.",neutral ,neutral,neutral,neutral
Metacritic,Warhammer 40k: Darktide,"Combat and Music are good, too bad there is no story and its an endless grind for uninteresting rewards.",neutral ,neutral,neutral,neutral
Metacritic,Warhammer 40k: Darktide,"If your reading this devs give the option to remove equipment from the scroll wheel. I only want to switch between my 2 weapons, not my grenades aswell!

This game is a 4 player PVE co-op game like Left 4 dead. This is my 1st gripe. Why isn't there a solo mission option. When you can't find online players it fills the game with bots which are some of the worst bots I have ever seen. Its basically like playing a game that was built for 4 players but instead there is online 1. They ignore you most of the time when your requiring assist and they never get kills. Online players can join halfway through but at lower levels you can struggle to find games. Not sure if its the same at later levels thou. I live in UK which probably makes it worse aswell. In more populated countries like the states it may not be as bad.
My second issue is the starting weapons aren't basically useless. I tried a couple classes 1 had a pistol. You had an ability which kills enemies but it had to cool down and took ages to get a kill with. So that character wasn't great to start with. I then tried veteren for a more casual experience which had a dmr type weapon which also isn't great because unless you got a team to help with the close combat you get overwhelmed allot as a melee weapon can only do so much.

The gunplay isn't the best but its not the worst. The overall mechanics aren't to bad. Level design is alright. The game has cosmetic micro-transactions but they aren't intrusive or forced at all which is how all games should have them. People shouldn't feel pushed into spending more money on a game they paid for. If they wanna give a little extra then they will. So extra points their.

The overall issue with this game is unless you got friends who also play this game then its really hard to enjoy. The game has allot of potential. I really wanna enjoy it more but using public lobbys is a mixed bag. When you find a game with a team who has experience with FPS games then its great. If you find a game with people who aren't so experienced or no players at all its just constant mayhem. I feel like making some extra missions that are balanced around solo experience would be great.",neutral ,neutral,neutral,neutral
Steam,Warhammer 40k: Darktide,"Core gameplay is amazingly fun and addictive. Everything else - not so much. 

How can a game be released with so much UX lacking? Story (if you can call it that) is non-existent, half of the options for crafting is not implemented yet (at the time of writing this review), item progression is time-gated and most of the cool cosmetics are locked behind a real money shop. Did I pay full price for a freemium monetization model most mobile gacha games use? What sort of sick joke is this?

The flood of negative reviews are from people like me who WANT to love this game, but the design choices by the dev team is making it increasingly harder to do so. The only saving grace for this game is the banging soundtrack and the actual core gameplay. 

Prospective buyers who do read this review, don't bother picking this game at its current state, unless you get 50%+ discounted.",neutral,neutral,neutral ,neutral
Steam,Warhammer 40k: Darktide,"In-mission gameplay is fantastic. Some of the best visuals in a game I've seen, with amazing and detailed thematic environments, weapons and characters that bring 40k to life. 

This game has some of the best combat responsiveness in the modern gaming scene. You hit an enemy from any angle with force, they'll react from that hit based on the weapons weight by getting thrown aside (with multiple animations for this too). You hit an enemy with a laser gun it leaves burn marks, and cracked armour reveals their faces underneath. Your bullets whizz past an enemy, they'll flinch and try find cover. Lots of awesome gore too. 

Why the negative rating then? This game seriously lacks meaningful progression, and its launch was nothing short of terrible with horrible optimisation problems and even less things to do than there is now. The cosmetic shop is an insult, as players have already paid money for the product yet if you want these fantastic cosmetics the artists have made you need to spend more real money to get them rather than earning them by playing the game. 

I love this game and want to see it succeed, so here are my suggestions that I hope fatshark would consider:

Remove the level cap at 30, let us level indefinitely to show off dedication to a specific class with milestones rewards such as a bonus in gold, new player frame unlocks (which is a png, a team of artists could bash out 100 in a day easily). Add earn-able player titles which can be displayed after the players first name, this is a low effort addition which would let players customise themselves further and give more rewards to fill out these indefinite extra levels.  After a while there would be no rewards but it still is fulfilling to watch your player rank go up. 

Let us earn the premium currency with challenges. I understand the time needed to create brand new cosmetics (fresh new models and not re-skins) is a time consuming process. Let players who want to buy the skins outright do so, but also let players who don't want to buy them EARN them over a long period of time of just playing the game and doing fun weekly challenges to obtain them.

There needs to be a way to see our stats after games and in general, a weak argument was made by Fatshark that showing stats increases toxicity which is ridiculous as there will be toxic players regardless of any game and stats are so important for players to review if a build they've made is good or see if a new strategy is working well. Give us weapon stats, let us see how many enemies we've killed with our gun. You could even make this an obtainable upgrade from player levels which we can attach to guns we like to show off how many enemies we've slain.

A game with great potential and fantastic developers, thank you fatshark for bringing 40k to life and continuing to improve the game but please listen to your community. For people considering to buy it; Is it worth your £30? If you're happy to spend around 50-80 hours of gameplay before getting bored then I'd say it's worth it.",neutral,neutral,positive,neutral
Steam,Warhammer 40k: Darktide,"Fun at first, but the irregular flow of updates and lack of substance beside gear grinding has become stale.
Good game play and atmosphere but playing the same maps over and over gets boring real fast.

5/10 until fatshark adds some real content to the game",neutral,neutral,neutral ,neutral
Steam,Warhammer 40k: Darktide,"Pros:
 - Burn the Heretics! Kill the Mutants! Purge the Unclean!For the Emperor of the Mankind!
 - Soundtrack slaps harder than a Thunder Hammer
 - Lasguns feels like true lasguns and not like nerf-blasters
 - Bolter feels and sounds great
 - All weaponry, melle and ranged feels generally good and  pleasant to purge the heretics with
 - Visuals and atmosphere are superb
 - Have a Cadian origin as Veteran (11/10)
 -Zealot's voiceline """"Blood for the Emperor, skull for the Golden Throne""
 - Ogryn
Cons:
 - Chashed a million times before Cadia did
 - Many more bugs than jokes about toasters and Adeptus Mechanicus
 - Less optimized than (insert joke here)
And let it be known that the game crashed, before the Guard did.",neutral,neutral,neutral ,neutral
Steam,Warhammer 40k: Darktide,Fun game with a lot of issues.,neutral,neutral,neutral ,neutral
Steam,Warhammer 40k: Darktide,buggy but good,neutral,neutral,neutral ,neutral
Steam,Warhammer 40k: Darktide,"Still broken, sorta playable now.",neutral,neutral,neutral ,neutral
Steam,Warhammer 40k: Darktide,"game's fun when it works

edit: the game works now guys",neutral,neutral,neutral ,neutral
Reddit,Warhammer 40k: Darktide,"From what I’ve seen most people complaining are really enjoying the game. Almost every post I’ve seen complaining on here starts with “this game is really fun BUT” and then says what they don’t like. Its not that we don’t like the game, its that we maybe like the game too much, so much so that we insult people and get upset when we see how much better it could be. Not to excuse that sort of behavior, its still deplorable to act childish like that, just my thoughts on why the community’s like that",neutral,neutral,neutral,neutral
Reddit,Warhammer 40k: Darktide,"The first two were pretty great, the third one was...Well, the third one is a great example of what happens when you build a game from the ground up to cater to esports without understanding what actually drives people to play games at that level.

It wasn't a *bad* game, per se, but it felt really clunky, the moba-style gameplay, crossed with proper RTS, was weird, and not super well thought out or balanced. 

The cardinal sin of DoW3 was always a lack of transparency during development; for the longest time people were expecting a sequel to their favourite DoW title, be it 1 or 2, with the features they liked from the other one, and some new stuff too. 

With that expectation firmly in place, a completely new game, built around a whole different gameplay model, was kind of always destined to fail.

I've never seen a community turn so completely on the devs after a beta.

They were confident enough to bake the hint at the first DLC into the end cinematic of the campaign, and iirc support for the game didn't even survive the year.",neutral,neutral,neutral,neutral
Reddit,Warhammer 40k: Darktide,"I enjoy the game, but I'm not looking forward to a month from now when every player is a Veteran with a Power Sword and Bolter because of the imbalance.

I'm going to play casually, but I expect things to be bumpy for a year or so. The subreddit is going to get even worse here when things start to be nerfed/buffed fixed/broken.",neutral,neutral,neutral,neutral
Reddit,Warhammer 40k: Darktide,"In general, I'm always hesitant to check any online forum for any game I like. Almost always they lean toward the negative. Not that negative points are invalid or anything, but that's just what gets magnified. If I find myself starting to get frustrated about things that didn't bother me before I read a post about it, I just check out of the forums or just give them a light skim instead. What ultimately matters is you enjoying the game for your own reasons.",neutral,neutral,neutral,neutral
Reddit,Warhammer 40k: Darktide,"I’m also enjoying the game, but I also want to be realistic in the fact that the game isn’t what it’s supposed to be. I wouldn’t say it’s unplayable, but it needs work.",neutral,neutral,neutral,neutral
Reddit,Warhammer 40k: Darktide,This community is a negative meme echo chamber and honestly we should be ignored.,neutral,neutral,neutral,neutral
Reddit,Warhammer 40k: Darktide,I think this makes sense. However review bombing and actually telling people not to play the game doesn’t really help the issue in my opinion.,neutral,neutral,neutral,neutral
Reddit,Warhammer 40k: Darktide,Or you can enjoy the game while also talking about and understanding its shortcomings too ? Thats at least what im doing.,neutral,neutral,neutral,neutral
Metacritic,Wasteland 3,"It's generally pretty good. But it also gets pretty repetitious as enemies and tactics used don't really change all that much. I got about 25 hours in and just grew tired of it. Overall 6/10 but one point knocked off for excessive PC nonsense. Most of the best results require you to follow the ""woke"" path too.",neutral,neutral,neutral,neutral
Metacritic,Wasteland 3,Very good game in every way but full of bugs every 2 hour going to crash(update 1.0.7)some quest doesn't work properly.some times in combat screen keep freezing and doesn't respond you have to restart the game and alot more  if you want to buy this game wait a t least 2 month to properly patched(i hope so)if it wasn't for the crashing  and bugs i gave it 9/10,neutral,neutral,neutral,neutral
Metacritic,Wasteland 3,"The game is a masterpiece on how to build an RPG. On the other hand, the console release is full of bugs, glitches and crushes. The game is poorly optimized and has a bad memory allocation. This concludes in many crashes (27 on my run). Furthermore, I had three quest glitches, four game freezes and one instance, in which only the analogs were giving orders. The graphics are also sub optimal with a low level of detail. Wait a couple of months or rent..",neutral,neutral,neutral,neutral
Steam,Wasteland 3,"I think the gameplay is quite satisfying, voice acting is good however I just couldn't get into the setting and the world. 

It felt very, for the lack of a better term, ""American"" and generic. 

If I could vote neutral, I would but I can't. And since I stopped playing after 10 hours with the feeling of ""meh"" I have to chose not to recommended.",neutral,neutral,neutral,neutral
Steam,Wasteland 3,"Wasteland 3 is a fun but flawed game which manages to capture a lot of what made Wasteland 2 so enjoyable but simultaneously misses the mark quite badly in other areas. Within the limitations of the Steam review system I'll call this 'recommended' but really this is a 6.5/10 review. First the positives - the actual gameplay is mostly very solid, it's not too different to Wasteland 2 and unfortunately suffers from some of the same issues of occasionally clumsy control, but for the most part it's engaging and enjoyable and immediately familiar to anyone who's played similar tactical grid-based titles such as the X-Com series. The sense of humour is well intact too - from dialogue to item descriptions and even character names there are plenty of laugh out loud moments. The soundtrack is mostly unobtrusive ambient music with major combat sequences sometimes featuring unique songs which is a nice touch although they can feel a bit jarring at times. The crafting system is a bit more robust this time around with a decent number of unique and consumable items able to be made from the various junk items you discover in the game world. The quests have a large number of different options for how they can be tackled which adds a bit of replayability. Loot hunters will have a good time here as there are a ton of unique items to be found, including plenty of weapons and armour, many of which have unique effects, and so forth. Finally, as you'd expect, the graphics look a bit more modern although they're clearly not going to be the centrepiece of a title like this. 

Now, unfortunately, there are also a number of negatives which make it difficult to love the game at times. Firstly, although the game does allow many ways of resolving quests, these often feel quite forced and result in you having to make decisions which seem contrary to the character you've built up to that point. I'm all for games having 'ambiguous' options where there isn't a clear good or bad, but Wasteland 3 often seems like it's just forcing you to make wholly negative decisions for the sake of it, which hurts the role playing aspect of it considerably. Likewise returning characters from Wasteland 2 (and 1 for that matter) often behave in a completely contradictory way to their earlier iterations. All of the characters and NPCs (apart from the two main player characters) are now fully voice acted, which is nice, but the game's lack of budget is particularly noticeable in the voice acting. It's not quite PS1 Resident Evil levels of bad, but most of the voice acting sounds very much like it's being read off a script by someone completely uninterested in the character they're voicing, which goes a long way to ruining the drama of a lot of the game's more memorable moments. Some annoying aspects of Wasteland 2 also make an unwelcome return, for example shots with a 95% hit chance that repeatedly miss the target, and a very uneven difficulty level with the end game being frustratingly easy if you've bothered to do at least a few sidequests along the way. Finally, although you can end up with a very large party of characters (6 directly controllable characters + potentially almost as many more NPC followers) this is a bit of a mixed blessing as I found combat sometimes became so chaotic it was almost impossible to work out what was going on, this not being helped by the fact your NPC followers have frustratingly poor pathfinding which will see them running straight into fires, traps etc, which can discourage the use of strategic items such as Molotovs.

So, with all that said, Wasteland 3 is not a bad game by any means and anyone who enjoyed Wasteland 2 should find a lot to love here. But be prepared for frustration along the way, and a strong feeling of what could have been an amazing game instead just being an 'ok' one.",neutral,neutral,neutral,neutral
Steam,Wasteland 3,"TL;DR: It's good, like a cheeseburger. Nothing special, but you won't regret buying it.

The good:
* Combat and character building, for a good chunk of the game, is genuinely interesting and fun. There's a lot of toys to play with and there's enough mechanics to spark your creativity when engaging in murder. You have to kill *a lot* of things in this game, so it's good that doing so isn't a chore. It feels like X-COM, but instead of the strategy layer between missions, you get to do standard RPG stuff.
* The world map traversal is pretty cool. Instead of fast travel you have to manually drive through a pretty cool looking frozen wasteland on your vehicle, with random encounters and hazards distributed throughout. It's pretty nice to have to travel to a mountain resort for a mission and actually go up a trail towards the peak of the mountain. Gives the game a sense of actual scale and makes the entire experience feel like a road trip.
* The music, when it exists, is pretty good, be it a moody background track for a spooky section or a more upbeat combat track. I wish there was more of it, though; some cities and settlements have no music to speak of, and that's a great way to set the tone of a faction.
* The game knows how long it has to be, and ends right as combat starts becoming a bit of a slog and your characters have reached their peaks, while also giving you some time to enjoy that peak.

The meh:
* The crafting system is alright, but the interface is a pain when you want to outfit everyone, having very little search or filtering abilities. For some reason they thought it was more relevant to show the item description(often just a joke or quip) instead of the stats. 
Oddly enough, the main resource for crafting, Scrap, is actually pretty rare right until the very end of the game, and I had to stop randomly crafting things to try them out because it left no scrap to make useful things like weapon mods. Said mods can't be removed from weapons, making you a bit hesitant to apply them on something you know you'll be tossing in an hour.
* Build balance is a bit off, though nothing seemed particularly horrible. My weakest character dealt about 20% of my strongest character(both very combat focused, just with different archetypes), but every ""class"" had their time to shine during the campaign, so it's no big deal.

The bad:
* At the end of the game, the combat melts down. Everything deals so much damage that the only viable strategy is to alpha strike enemy groups. If you feel a group of NPCs may attack you, just go ahead and nuke them instead of talking. Sometimes bothering to talk with NPCs forces you into a situation where enemies get the first turn and get to mow down your cover-less party. Damage is so crazy that the difference between my tanky melee character and my paper thin sniper was getting two shot instead of one shot. I'd say having 1 HP and 0 armor and having 200 HP and max armor is pretty much the same at the end of the game. It's kinda insane, and makes combat a bit boring. 
* Following from that, the game has a pretty lame weapon tiering system that means that being 2-3 levels below in gear will result in massive issues with damage. This means a lot of menu fiddling to keep everyone up to date. 
* The interface is a bit infuriating. Menus are full of ""holes"" that when accidentally clicked on will go back to the previous menu. Picking colors requires precision, and you'll understand what I mean if you play it. Cancelling an action is a bit awkward, as ESC just opens the menu instead. I've also accidentally shot my teammates quite a few times because I'd click on their portrait while the ""shoot"" action was activated and then vaporize them by accident. Patching up your party after combat is a chore, as double clicking an item from the inventory doesn't use it, it equips it.
* The story is incredibly lazy, and I'd say it's even lazier writing than Fallout 3. There's very little care put into understanding how a society in a frozen post apocalyptic wasteland would actually need; For example, it's established that oil is essential for generating heat so organized society can prosper, but somehow the faction that has control of that resource is just a random wacky group, and wiping them out(and stopping all oil production) has no effect. No one comments on it, no one has plans to take over. 
Just imagine Fallout 3, but instead of factions fighting over the Important Resource(in that case, water) it was really all about finding your dad and dealing with an evil faction that has no reason or means to exist.
Overall, the game is more interested in making references and presenting you with wacky raider groups than really selling a setting. It hurts the game a lot, because the main plot pretends it's something more serious than that.

Despite the list of negatives, I still had a good time with the game. Just planning a ranger squad that can tackle all the skill checks and fight effectively is fun enough on its own, and when the numbers get so ridiculous that most fights end in one turn, it's pretty much the end.

I didn't try the DLC, but I don't really feel like it based on the reviews. For what it's worth, I played on the Ranger difficulty, the second hardest one.",neutral,neutral,neutral,neutral
Reddit,Wasteland 3,"Everybody's struggling, regardless of where they are. I'd rather open the doors and have us struggle together instead of believing, likely in error, that we meaningfully improve the arc of humanity by focusing on saving a few people instead of trying to save as many as we can.",neutral,neutral,neutral,neutral
Reddit,Wasteland 3,"Yeah that moment when you play the fighting game with the robot and it keeps choosing ""talk it out "" to be peaceful,I convinced it by telling it your buddies will die if you keep ""talking it out "".  I walked away from this feeling so confused about being good/bad so I've gave up now.

Edit I had to change all those he's to it.. game is getting to me",neutral,neutral,neutral,neutral
Reddit,Wasteland 3,"Didn't notice critical chance bugs, hard to track critical chances. One funny thing that i've noticed with my sniper was that crit attacks healed enemies. Turns out that's a bug when you don't meet weapon requirements. Healed one boss from 10% HP back to full HP twice in a row :D Healing headshots :D",neutral,neutral,neutral,neutral
Reddit,Wasteland 3,Ah you jogged my memory then. Pretty sure dialogue will only be different if you can or can't hit certain skill checks in dialogue (Kiss Ass gives you some hella interesting options),neutral,neutral,neutral,neutral
Reddit,Wasteland 3,Can dialogue be different based on character traits/on decisions in game? I used my weapon modding skill to help him repair something and then I asked him another question about himself I believe.. something along those lines!,neutral,neutral,neutral,neutral
Reddit,Wasteland 3,"If I ever do another play-through (at a higher difficulty), I'll probably lean a bit heavier into heavy weapons.  I ran Sniper, Sniper/AR, AR, AR, Pistol, Melee and rarely had issues.  I didn't do the La Perla questline, so I didn't see a decent mini-gun until I was far down the other weapon paths.",neutral,neutral,neutral,neutral
Reddit,Wasteland 3,"I’d say it’s worth doing every time cuz more or less the wastelander refugees rep doesn’t really matter anywhere that I can remember. The mini gun isn’t guaranteed but you can save and load however many times you want. That one chest behind the second door will always give at least a purifier, I think the commandants hat which is great for more crit rate and I usually throw it on my main man the smg boy and one other high level weapon which is the random part. It’s usually in my experience a power fist or I think it was a socom rifle but it can be any high level weapon variant. Just yeah save and load to your hearts content or till you grow tired of it. I like mini gun cuz even late game those are rare and with zero add one still rocks most things shit. Explosive mini gun on a heavy weapons/explosives guy just obliterates like exodia except more violently. With decent luck and mid to high uh whatever stat increases ranged damage I’ve been able to make scorpitrons fall to my knees single-handedly.",neutral,neutral,neutral,neutral
Reddit,Wasteland 3,I do too. But scraps are not often be found.,neutral,neutral,neutral,neutral
Reddit,Wasteland 3,"It's the most important skill in the game!  There are toasters everywhere and they drop unique loot.  The most important is the best armor in the game if you find all of the golden toaster parts.  

The good news - you can assign the skill to a rando at the base - blast through the missions and come back later to repair the toaster.  However, there is one good perk on the toaster tree that increases fire damage, which is obviously good for a pyro",neutral,neutral,neutral,neutral
Reddit,Wasteland 3,"Old, old joke from the original games. The idea was essentially that after a nuclear apocalypse there would be all kinds of old junk around, but somebody who knew the old ways might be able to put it to use in unexpected ways.

Mostly not worth pursuing the skill tree except for the sake of completeness or out of homage, but there are some fun bits here and there if you're finding yourself bored and with some points to spare.",neutral,neutral,neutral,neutral
Reddit,Wasteland 3,"If you have permadeath turned off in the game, your people come back to life at the end of the battle and can then be healed to full strength.",neutral,neutral,neutral,neutral
Reddit,Wasteland 3,You make your first two and survive the first chapter. After going back and forth from your base to the town and back you unlock the ability to get new recruits from the old man with stories to tell. You can get some pre-generates Rangers or more fully customizable troops.,neutral,neutral,neutral,neutral
Reddit,Wasteland 3,"It helps to have a lot of saved games in Wasteland 3, in case you need to roll back a bit. I would make a new one the first time I entered a new named area. Came in handy more than a few times.",neutral,neutral,neutral,neutral
Metacritic,Fallout 76,"Some of the core mechanics like the new perk system and pure gameplay loop are actually an okay foundation to build from, but they're mired in questionable design decisions made worse with several technical shortcomings that could take a significant amount of time to fix. Until that happens though, Fallout 76 is a difficult game to recommend to anyone except for maybe the most ardent fans of post-apocalyptic playgrounds.",neutral,neutral,neutral,neutral
Metacritic,Fallout 76,"Fallout 76 lacks the heart and soul of what is a Bethesda RPG. The exclusion of NPC's and, in general, decent quest givers makes an emotional (or any) connection to the world near-on impossible and manages to shatter any immersion.",neutral,neutral,neutral,neutral
Metacritic,Fallout 76,Quotation forthcoming.,neutral,neutral,neutral,neutral
Metacritic,Fallout 76,"Fallout 76 is an unfinished game, set in a world that lacks pretty much everything we learned to love in the previous ones. One of the biggest disappointments this year.",neutral,neutral,neutral,neutral
Metacritic,Fallout 76,"Fallout 76 meant to change the very concept of the series, but turned out to be a complete disaster. The game is not only boring and empty, but sometimes simply unplayable.",neutral,neutral,neutral,neutral
Metacritic,Fallout 76,"Fallout 76 is a bit of a disaster, which is a shame because there are good ideas and good bits of content here. There wasn’t a single play session where I didn’t have a lot of fun, but there also wasn’t a session where something ridiculous didn’t cause frustration. It feels like it should have been released into early access as a work in progress for the next several months, thus alleviating some of the frustration from poor performance, bugs, and balancing issues.",neutral,neutral,neutral,neutral
Metacritic,Fallout 76,"Fallout 76 could have been appealing. With its massive open-world, rewarding exploration and some interesting quests, it fails to be a good game because of too many game-design mistakes and technical issues.",neutral,neutral,neutral,neutral
Metacritic,Fallout 76,"At launch, Fallout 76 is a poor experience. There are echoes of the series' admirable qualities, but look past that facade, past the cute Vault Boy animations, past the familiar radio tracks, and you'll find no heart--just an inconsequential wasteland doomed to be nuked over and over again.",neutral,neutral,neutral,neutral
Metacritic,Fallout 76,"Fallout 76’s mundane quest and lifeless story put too much weight on the aged combat and trivial crafting for them to bear. It’s a multiplayer experiment with far too many flaws to put up with, both in its limiting player interactions and its woeful technical polish. Fallout with friends is still an idea that could work one, but that’s not what Fallout 76 is serving up.",neutral,neutral,neutral,neutral
Metacritic,Fallout 76,"Fallout 76 just barely fulfills its promise of the ability to experience Fallout with friends. However, an overall lack of content and polish will wear down even the most ardent Fallout fans.",neutral,neutral,neutral,neutral
Metacritic,Fallout 76,"Α shell of this franchise's glorious past. Fallout 76 is a disgrace to the series, with tedious questing and material grinding. Buggy and glitchy, clearly it was not ready to hit the market and the beautiful, huge world remains unexploited. An on-line survival co-op that, simply put, doesn't possess the “know-how” these games require.",neutral,neutral,neutral,neutral
Metacritic,Fallout 76,"The reality, inevitably, is that you want Fallout 76 to play like a Fallout game, and on those terms it fails to satisfy. After all, how could you not want that from it? [Jan 2019, p.110]",neutral,neutral,neutral,neutral
Metacritic,Fallout 76,"An unfinished game with bifurcated identity and in an almost dysfunctional state. It's hard to build on a bad base, that will never change. Like the war. [Issue#292]",neutral,neutral,neutral,neutral
Metacritic,Fallout 76,"Multiplayer, camping/building, and sustenance management to me are all neat concepts, but feel incomplete or forced. There are plenty of survival games where sustenance is an option. I am seeking immersion in the sense of storytelling and character building, not the monotony of sifting through a menu system, interacting with robots, diaries, or building camps. In the end, fans of the series will still find Appalachia worth exploring, but not the game of choice for newcomers.",neutral,neutral,neutral,neutral
Metacritic,Fallout 76,"Behind a mess of technical problems and bad decisions, hides a Fallout: a post-apocalyptic survival game, with mechanics from another era, but which is undoubtedly fun. If you can see beyond all the mistakes and consider yourself a fan of the universe, you may enjoy Fallout 76 (especially playing with others), but there's still plenty to do to improve.",neutral,neutral,neutral,neutral
Metacritic,Fallout 76,"Fallout 76 is in no way an indispensable title or suitable for all palates, but can still prove to be a surprisingly rich and enjoyable experience, especially in the company of a friend.",neutral,neutral,neutral,neutral
Metacritic,Fallout 76,"Many of the issues Fallout 76 currently faces could eventually be fixed, which is why this mess is such a pity. The potential is clear, but a reluctance to commit to one direction or another leaves the game in an awkward and broken void.",neutral,neutral,neutral,neutral
Metacritic,Fallout 76,"Fallout 76 is a good co-op Fallout in a new charming land, but it's a poor solo Fallout, and a poor survival game, with poor graphics.",neutral,neutral,neutral,neutral
Metacritic,Fallout 76,"I want to love Fallout 76, namely for its addition of co-op play and the representation of a region dear to my heart. I simply can’t. I wouldn’t say the latest Fallout title is abysmal or even bad, just very middling. It removes many of the series’ strong suits and attempts to make up for it by adding in new mechanics or strengthening lesser ones.",neutral,neutral,neutral,neutral
Metacritic,Fallout 76,"If you can re-frame Fallout 76 as a survival crafting game in the Fallout universe rather than viewing it as the next instalment in the series then you will have a better time. It is not without its faults, but there is a base there that has the potential to be improved upon as time goes by.",neutral,neutral,neutral,neutral
Metacritic,Fallout 76,"Fallout 76 is basically Fallout 4. That’s the reality. It shares many of the same strengths and many of the same flaws, but the addition of online play and a new map offers a fresh spin on the franchise. Players who regularly roll with a group of friends, or adore the Fallout franchise, are likely to find a place in this wasteland. We’re not sure everyone else will see the appeal, however — or if Fallout 76 will keep players coming back once the launch luster fades.",neutral,neutral,neutral,neutral
Metacritic,Fallout 76,"Underneath the extremely rough and laggy exterior, Fallout 76 has the makings of a great and entertaining game. To some, the damage may have already been done and the appeal may have already worn off, but with Bethesda’s level of support, the game has potential to grow into something much more than it currently is.",neutral,neutral,neutral,neutral
Metacritic,Fallout 76,"As of today, Fallout 76 feels more like a rushed game that turned out to be a failure than a true member of the Fallout family. If the whole feels broken, there is potential, and after months (or years) of patches, it could become a good option for Fallout fans.",neutral,neutral,neutral,neutral
Metacritic,Fallout 76,"It is a pity to say that the great foundations of the series are there, but in the end, they have been completely overshadowed by the problems that I mention and of course, by experiments that in theory sounded like great ideas but in practice, are lacking. We can already dub Fallout 76 as the big disappointment of 2018.",neutral,neutral,neutral,neutral
Metacritic,Fallout 76,"Although there's fun to be had in Fallout 76, the game itself feels like it has an identity crisis. Besides that, it definitely feels like an unfinished game. Even for former Fallout standards it has an abundance of bugs.",neutral,neutral,neutral,neutral
Metacritic,Fallout 76,"Fallout 76 is an evolving game, and we've no doubt it'll become better with time, but for now this is not what we were expecting. The multiplayer idea behind the game is somehow interesting, but technically the game is terrible and gameplay talking is clumsy.",neutral,neutral,neutral,neutral
Metacritic,Fallout 76,"Fallout 76 has glimmers of the trademark series’ sci-fi splendour, but they’re few and far between.",neutral,neutral,neutral,neutral
Metacritic,Fallout 76,"Fallout 76 feels like an early access title and should have been labeled as such. The game was not ready for launch, and even hardcore Fallout fans will have a hard time ignoring its problems.",neutral,neutral,neutral,neutral
Metacritic,Fallout 76,"Despite Appalachia's appeal, Fallout 76 is broken mess of a game that, in its current state, feels nothing more than a shamefully unfinished cash-grab that isn't fit to use the Fallout name.",neutral,neutral,neutral,neutral
Metacritic,Fallout 76,"Forcibly pushing players together in order to tackle the later main quests isn’t the experience fans wanted, nor is a PvP system that requires consent before it really kicks off, regardless of where you are.",neutral,neutral,neutral,neutral
Metacritic,Fallout 76,"The rich wasteland map of Fallout 76 is wasted on a mess of bugs, conflicting ideas, and monotony.",neutral,neutral,neutral,neutral
Metacritic,Fallout 76,"Fallout 76 has many bugs, but that is not its main problem. That is the wrong focus. The fun aspects of Fallout are gone now that you always have to be online.",neutral,neutral,neutral,neutral
Metacritic,Fallout 76,"Fallout 76 can be super fun with friends or strangers, but you will mainly find bugs and half made up game mechanisms.",neutral,neutral,neutral,neutral
Metacritic,Fallout 76,"The multiplayer integration of Fallout 76 opposes the core tenets of the Fallout games at every turn – utterly undermining the core formula. What’s worse, it then fails to justify the multiplayer in any way. Buried beneath the bugs, network issues and multiplayer allowances, it is possible to see what could have been a wonderful single player experience in a fascinating time and location – but one that we will never experience.",neutral,neutral,neutral,neutral
Metacritic,Fallout 76,"Fallout 76 tried to take the series in a new direction, and while Bethesda has done great things with the franchise in the past, this ultimately feels like a misstep. Fallout has always excelled as a single player experience, so hopefully we can see a proper Fallout 5 in the near future.",neutral,neutral,neutral,neutral
Metacritic,Fallout 76,"Fun to play with friends, not so much on  your own. There's potential here, though a huge load of bugs manages to annoy and frustrate the player, leaving him or her with the impression that this full-priced game is far from a finished product. Shame.",neutral,neutral,neutral,neutral
Metacritic,Fallout 76,"Fallout 76 isn't your typical fallout experience. You don't have NPCs or dialogue, but instead get real players that should fill this void - that ultimately fails to do so. It does some things right, but as of now I cannot recommend getting this game as long as it stays a broken and boring mess that it is right now.",neutral,neutral,neutral,neutral
Metacritic,Fallout 76,"Previous Fallout games always had something to say about the post-apocalypse and the human factors that led to it; here, it’s reduced to shooting mutants and picking up rubbish. Even if, in the future, it mutates into something more stable, it will still feel eerily soulless.",neutral,neutral,neutral,neutral
Metacritic,Fallout 76,Fallout 76 is an ambitious game that’s burned by it. The online features hamper what could have been a great Fallout game.,neutral,neutral,neutral,neutral
Metacritic,Fallout 76,"Despite what many would say, Fallout 76 could have worked on paper. What could have been a brilliant coop adventure in the Fallout world however, has turned into a wasteland of poorly executed ideas and flat, dated mechanics. Ironically, despite the a multiplayer focus, the wastelands of Fallout has never felt as barren or lonely as this.",neutral,neutral,neutral,neutral
Metacritic,Fallout 76,"The issue is these positives are dwarfed remarkably by the huge and underlying pitfalls of this title. Even if the countless glitches get fixed, and updates whip the technical side of the game into shape, there are intrinsic issues in the mechanics of Fallout 76. This hurts for me to say as a fan of the Fallout series, but 76 is a slog to play, a chore to deal with and certainly not worth your time.",neutral,neutral,neutral,neutral
Metacritic,Fallout 76,"Maybe they can turn this game around. Maybe they can fix the bugs, add some actual life into the world, and make it to where playing with friends is more than just a co-op buddy. They did a lot for Elder Scrolls Online, maybe they can do it here, but I’ll be the first to tell you to wait until that happens before taking these country roads home.",neutral,neutral,neutral,neutral
Metacritic,Fallout 76,"So utterly disappointing and flawed in every possible way… The first few hours, most of it can be ignored, and occasionally the flaws can be forgotten, but only briefly before they come storming back to the forefront. An awful, boring, empty, pointless experience. There is, however, a glimmer of hope. It's worth mentioning that there has already been a Bethesda title that was equally as unimpressive: The Elder Scrolls Online - but looking at it now, it has transformed into one of the best MMOs out there. There's always the hope the Fallout 76 develops the same way and becomes something special, but for now, that seems impossible. It's a world away from that.",neutral,neutral,neutral,neutral
Metacritic,Fallout 76,"While Fallout 76 is effectively a buggy mess, marred by frame-rate issues, quest bugs and general calamity when it comes to the engine, there’s still a decent amount of fun to be had here. Whatever you do, though, don’t come in expecting Fallout 5 otherwise you will be supremely disappointed. Fallout 76 is effectively about base-construction, survival and world-building, not the story and your part in it, which isn’t a bad thing. The execution is though.",neutral,neutral,neutral,neutral
Metacritic,Fallout 76,"Fallout 76 fails at many things, but its core gameplay still is fun and engaging. This is enough to keep you going, but it is not what you would expect from an online-based AAA, and even if all the bugs can be fixed, there are many things (combat, mission design, inventory system) that would be much harder to fix.",neutral,neutral,neutral,neutral
Metacritic,Fallout 76,"As much as I’d like to be able to tell you that this title is terrible or amazing, the truth is that it’s just okay.",neutral,neutral,neutral,neutral
Metacritic,Fallout 76,"Fallout 76 is a confusing experience, a discord of half-baked ideas and false premises but also some genuinely smart gameplay mechanics that allow solo players and groups alike adventure in equal terms. I want to desperately love it more but as it stands now, the game makes it pretty tough. Still, I will have my Frankie keep on going, no matter how stubborn that might be in the long run.",neutral,neutral,neutral,neutral
Metacritic,Fallout 76,"Before we can even think of what might come next, Bethesda needs to make the core game more stable and fair. While I found it to be mostly enjoyable from an exploration standpoint, the frequency of server crashes, freezes, and technical issues is unacceptable. The foundation for another fun Fallout experience is in place, but you end up watching it crumble before your eyes as you play. The game just wasn’t ready for showtime.",neutral,neutral,neutral,neutral
Metacritic,Fallout 76,"Fallout 76 is fun to play; the simple loop of scavenging and exploration and crafting and progression works well when you’re in a group. Alone, it gets pretty old pretty fast - especially when dealing with bugs and glitches and performance woes. Ultimately it’s disappointing that the size and scope of the multiplayer doesn’t match the impressive West Virginia you get to explore.",neutral,neutral,neutral,neutral
Metacritic,Fallout 76,"If you enjoy multiplayer games of this type and are willing to overlook the engine anomalies, you may find yourself rapidly addicted to the game's exploration density and loot systems. If you're easily frustrated by bugs and issues, you may want to sit tight a bit to see what Bethesda does to polish things up, cus oh boy, it could use a bit right now. If you're a fan of the single player, branching narrative the series is known for, you'll want to wait for Fallout 5.",neutral,neutral,neutral,neutral
Metacritic,Fallout 76,"But it’s hard to feel as if you’re truly affecting the world when there are no NPCs to express satisfaction or disdain, or to be directly influenced by your actions. Even killing feels hollow. Some of my best battles in Fallout 4 came when I stumbled across an outpost and found there a raider in there; he’d yell and scream at me as we were facing off. The Scorched, while armed, feel like nothing more than zombies.",neutral,neutral,neutral,neutral
Metacritic,Fallout 76,"The expansive and varied Appalachia in Fallout 76 cannot compensate for the tormenting bugs and a huge list of defects. Uninspired MMORPG quests, brainless grinds and disposable co-op functionality make this game feel like an enormous piece of Fallout DLC, but without the factions and compelling side quests, and added frustration.",neutral,neutral,neutral,neutral
Metacritic,Fallout 76,"Fallout 76 is akin to Ark: Survival Evolved, being that much of its potential is lost in the midst of its many technical faults. To be clear, at its core, this isn’t a bad game, in fact, there’s a lot of fun to be had in its padded world if you enjoy this type of gameplay loop. It’s a shame that in its current form, most of that fun is frequently interrupted by horrendous framerate, countless bugs, delayed rendering, and shoddy design choices.",neutral,neutral,neutral,neutral
Metacritic,Fallout 76,"Neither in its concept nor in its execution has the first Fallout Online convinced us, which perhaps should have looked a little more in the mirror of The Elder Scrolls: Online for its debut. Will it come back? Only time will tell.",neutral,neutral,neutral,neutral
Metacritic,Fallout 76,"This experience isn’t ruined by other players trolling or harassing me or breaking immersion, it’s ruined by the mere concept of being on a live server itself, and the fact that this was rushed out before any engaging story elements were able to be crafted to populate this map. This is a huge, rare, total miss by Bethesda, and even if it’s improved in time, I can only judge it by the hours I’ve lost to it so far.",neutral,neutral,neutral,neutral
Metacritic,Fallout 76,"The main problem with Fallout 76 is that it is built by a company which has specialized at creating solid single-player titles, and the result is countless bugs and technical issues. Maybe Bethesda is laying the foundation and gaining experience for future MMO titles, or maybe they’ll improve it by releasing patches and more, but in its current state, Fallout 76 is a not a title worthy of the Fallout name.",neutral,neutral,neutral,neutral
Metacritic,Fallout 76,"A fascinating world and several good ideas are ruined by lots of technical problems and some design choices that make Fallout 76 almost unplayable. When it works, it can really shine; but this happens very rarely at the moment.",neutral,neutral,neutral,neutral
Metacritic,Fallout 76,"With the emphasis on human to human interaction, Fallout 76 removed many living NPCs in favor of journals, AI, and radio broadcasts to fill the void. Although this makes sense for a game that is meant to concentrate on multiplayer, it certainly seems to have made the wasteland feel a bit more empty and lonely.",neutral,neutral,neutral,neutral
Metacritic,Fallout 76,"The addition of multiplayer feels as though it comes at the expense of Fallout’s memorable story-driven moments. What good is a vast map full of players if they're given little to no purpose? When no other players are around, the game’s world feels almost empty. The attention-grabbing locales and landmarks add to Appalachia's charm, but it's difficult to not wish for living, breathing characters to inhabit it. Post-apocalyptic West Virginia is described as a wasteland, and this term paints an inadvertent but accurate picture of what Fallout 76 is right now.",neutral,neutral,neutral,neutral
Metacritic,Fallout 76,"A sort of big multiplayer mod of Fallout 4, which shares the features and interface errors that have not changed since 2015, Fallout 76 is a collection of uncertain mechanics and unclear rules, served in a dated and technically unstable fashion. All that remains is for Bethesda to work hard so that we can better understand the real strengths of the game, and not its many weaknesses.",neutral,neutral,neutral,neutral
Metacritic,Fallout 76,"An interesting experiment that fails to nail either side of the experience, it uses Fallout trappings to good effect and can be fun with great environmental storytelling and West Virginia itself is gorgeous. The lack of NPCs and overall cohesion along with lacklustre PvP hinder its identity, however.",neutral,neutral,neutral,neutral
Metacritic,Fallout 76,"We tried so hard to like Fallout 76, but the game didn’t allow us to do it.",neutral,neutral,neutral,neutral
Metacritic,Fallout 76,"Bethesda has chosen to release a half-finished, buggy mess of a title in its current state. This isn’t early access, nor is it a beta — this is apparently a finished product that I have to assess. I have: it’s garbage. This poor release provides Bethesda the opportunity to take notice of two key takeaways: the Creation Engine needs to go, and single-player developers shouldn’t bite off more than they can chew when making a multiplayer game. And this comes from a guy who looked past Fallout 4‘s last-gen engine and subsequent failings to give it a 10/10. Free pass no more, Bethesda.",neutral,neutral,neutral,neutral
Metacritic,Fallout 76,"There's no sugarcoating it: Fallout 76 comes up short at nearly everything it aims to be. It's not a good role-playing game and it's not a good multiplayer experience. It never really feeds into the gradual RPG power fantasy but it's also inadequate as a survival simulator. In wanting to be so much, Fallout 76 doesn't amount to much at all.",neutral,neutral,neutral,neutral
Metacritic,Fallout 76,"Fallout 76 can look and feel like its illustrious predecessors at times, but it's a soulless husk of an experience.",neutral,neutral,neutral,neutral
Metacritic,Fallout 76,Bethesda has betrayed Fallout's spirit to create a game full of bugs and without a soul.,neutral,neutral,neutral,neutral
Metacritic,Fallout 76,"I can’t recommend Fallout 76 to more than a handful of people. A niche few will still be drawn to it, perhaps out of curiosity, a completionist’s need to devour all things Fallout, or, like me, a morbid desire to simulate life after the end of the world. For everyone else, hold onto the hope that Bethesda learns a lesson from this failed experiment.",neutral,neutral,neutral,neutral
Metacritic,Total War: Rome 2,"Rome II is somewhat of a disappointment. The great battles the series
is known for are still here, but they are far too easy to master. The
series AI has always been a problem and that still remains. Instead
it’s the game outside of the battles that draws you in with the
politics and diplomacy of the Roman empire.",neutral,neutral,neutral,neutral
Metacritic,Final Fantasy 14,"Eorzea is a beautiful world with huge potential for vast adventures, but it's just a shame that this first voyage into it is such a mis-step.",neutral,neutral,neutral,neutral
Metacritic,Final Fantasy 14,"With some obvious flaws that render the game difficult to play at best, Final Fantasy XIV will benefit from some updates in the near future. It's not bad by any means, but it's tough to recommend until the glaring issues have been dealt with.",neutral,neutral,neutral,neutral
Metacritic,Final Fantasy 14,"It may be hard to believe, and painful to accept, but the last ""official"" chapter of Final Fantasy is a huge disappointment, and it not only becomes the worst chapter of the saga, but also one of the worst MMORPG we have played in a long time. It's obvious that Square-Enix is no longer what it used to be.",neutral,neutral,neutral,neutral
Metacritic,Final Fantasy 14,"Unless you feel like paying for an extended beta, wait for patches or an expansion pack to fix FFXIV's myriad problems. [Issue#185, p.71]",neutral,neutral,neutral,neutral
Metacritic,Final Fantasy 14,"Positively, there is nothing to do in Final Fantasy XIV at the moment. It's not even close to a completed product. [Feb 2011, p.82]",neutral,neutral,neutral,neutral
Metacritic,Final Fantasy 14,"Final Fantasy XIV offers the potential but for now, it's lacking in too many areas to recommend.",neutral,neutral,neutral,neutral
Metacritic,Final Fantasy 14,"Even if you spend the time to unlock your skills and build that warrior-archer-tank-damager behemoth you had in mind, what's the point if the activities you're engaging in are so threadbare and unappealing for the most part?",neutral,neutral,neutral,neutral
Metacritic,Final Fantasy 14,"Extended stretches of confused incredulity, punctuated now and then by bursts of intense anger. And yeah -- I just equated FFXIV with a filthy bathroom.",neutral,neutral,neutral,neutral
Metacritic,Final Fantasy 14,"Sadly, it's just a pretty face, and there's not much below the surface. As a result, exploring doesn't yield much in the way of rewards, so odds are, you'll just stick to your daily routine of repetitive levequesting and crafting. And then you'll log out. And then, one day, you'll probably just decide to omit the part where you log back in.",neutral,neutral,neutral,neutral
Metacritic,Final Fantasy 14,It is woefully inferior in every important way to almost every MMO ever released - let alone recently.,neutral,neutral,neutral,neutral
Metacritic,Final Fantasy 14,"For hardware nuts, Final Fantasy obsessives and PS3 owners, FFXIV does offer a fairly distinctive MMO experience. [Christmas 2010, p.94]",neutral,neutral,neutral,neutral
Metacritic,Warhammer 40k: Darktide,There’s a truly great game desperately trying to emerge from Darktide. It just never quite gets its head above the water.,neutral,neutral,neutral,neutral
Metacritic,Warhammer 40k: Darktide,"Darktide’s incomplete crafting system doesn’t allow you to efficiently refine gear. Its rewards are scarce and unsatisfying, especially going into the endgame. Optimization is not great, while its cash shop holds hostage any remotely worthwhile cosmetic upgrades so far. It’s a real shame, because all of these missteps cast a dark shadow on its excellent, visceral combat – that evolves Fatshark’s addictive co-op action formula – alongside what’s quite possibly the best depiction of the grimdark universe to grace video games to date.",neutral,neutral,neutral,neutral
Metacritic,Warhammer 40k: Darktide,"Warhammer 40,000: Darktide transfers the fluid and dynamic horde-based co-op gun and blade combat from Fatshark's critically-acclaimed Vermintide series into the sci-fi/gothic setting of the 41st millennium. Unfortunately, said combat is the brightest diamond among this rough, as the technical issues, unremarkable story, and lazy design choices greatly weigh down on the experience more than its positives can uplift it.",neutral,neutral,neutral,neutral
Metacritic,Warhammer 40k: Darktide,"Warhammer 40,000: Darktide offers an authentic representation of the 40k lore, and while the cooperative action gameplay can be occasionally satisfying, it lacks content, has a few strange design choices, and suffers from too many performance issues.",neutral,neutral,neutral,neutral
Metacritic,Warhammer 40k: Darktide,"Fatshark's new co-op shooter takes us to the grim darkness of the far future, with plenty of war behind every corner. And while a lot has changed since Vermintide 2, old problems are also making a comeback, which may discourage from the Swedish studio's latest proposal.",neutral,neutral,neutral,neutral
Metacritic,Warhammer 40k: Darktide,"Darktide is built on great foundations and I enjoy playing it a lot – especially with friends. There’s a brilliant game buried deep within this Hive World, filled with exciting combat and gruesome enemies in equal measure. However, to properly enjoy those glorious moments, you have to break through the pustular skin of Darktide’s pointless upgrade systems and wade through the poisoned viscera of dull progression. I just hope that the countless obstructions in the live service elements don’t turn too many players away from the game mired underneath.",neutral,neutral,neutral,neutral
Metacritic,Warhammer 40k: Darktide,"If you enjoyed Fatshark’s previous projects on Vermintide and its sequel, or you’re just an overall Warhammer 40K fan, then you will feel right at home with Darktide. As long as you can dig past the rough state the game is in right now with unfinished content and performance issues, then there’s truly an addictive and satisfying cooperative horde shooter lying underneath all those corpses.",neutral,neutral,neutral,neutral
Metacritic,Warhammer 40k: Darktide,"All of these details come together to form a fairly lifeless game – one with all the fixings and foundation of another epic showcase but without any of the polish or love that is so evident in the team’s previous undertaking. Now I know for a fact this game is going to be incredible. I have confidence in Fatshark; they’ve earned that by showing how much they care about their work and their player base. But, right now, in its current state, there’s simply no way I can call it a worthy successor. The gunplay is wonderful and I’ll no doubt continue to dip in here and there, but longer sessions quickly become dull and there’s no real hook, no grand finale, to motivate me to push on. I can’t wait to see what it’ll become but, in the meantime, I think I’ll take a look back and revel in the masterful predecessor, Vermintide 2, and all of the juicy extra content I never got to dive into. TL;DR Age of Sigmar > 40k.",neutral,neutral,neutral,neutral
Metacritic,Days Gone,"Days Gone seems like a classic case of a game that grew too big for its own good. The production values are excellent and it packs some tense gameplay and emotional stories, but the poor pacing, tedious open world, and padded length significantly drag it down overall.",neutral,neutral,neutral,neutral
Metacritic,Days Gone,"Days Gone is a fairly typical open world post apocalyptic survival title that offers a few memorable mechanics and story beats, but is eventually consumed by genre clichés. Poor technical performance further hinders its chances of survival, but perhaps with time that wound will heal.",neutral,neutral,neutral,neutral
Metacritic,Days Gone,"Days Gone is contextually broken, its gunplay is deplorable, its ‘open-world’ premise is a joke and its narrative consistently overrides that open-world ‘design’ goal. It’s pretty, in parts, but it’s broken across the board because it’s disparate in what it wants to be, and that’s because it fails to be Days Gone. Instead it just mimics, brokenly, games already gone.",neutral,neutral,neutral,neutral
Metacritic,Days Gone,"Days Gone is an above average open-world game that is brought down by a weak first act, poor shooting, and a lot of technical issues.",neutral,neutral,neutral,neutral
Metacritic,Days Gone,"Days Gone has moments where it reveals its brilliance, but they’re buried under a litany of uninteresting and repetitive missions and numerous technical issues.",neutral,neutral,neutral,neutral
Metacritic,Days Gone,"Days Gone feels bloated, like a movie that goes on for an hour longer than it needs to or should’ve. It’s messy and confused, but peppered with genuinely thrilling encounters with rampaging hordes of zombies and occasionally breathless firefights. There’s a good game in here somewhere, but it’s buried in a meandering storyline, repetitive missions, and just too much obligatory stuff to do without an eye on the smaller details that could have given it much more character.",neutral,neutral,neutral,neutral
Metacritic,Days Gone,"Days Gone has some moments of brilliance, but there're far too may bugs. The hordes improve the game drastically, it's just a shame that a lot of the game suffers in other avenues.",neutral,neutral,neutral,neutral
Metacritic,Days Gone,"While full of good intentions with its impressive hordes of mutants and some remarkable panoramas, it may be that the impression of having already played Days Gone a dozen times in the last 5 years comes to your mind very quickly.",neutral,neutral,neutral,neutral
Metacritic,Days Gone,"Days Gone feels like a medium quality candy in a very high quality wrap. It’s extremely beautiful and starts off brilliantly, but lacks the ability to maintain the tension and interest over time. With some good combat and lots of content, but a boring story and repetitive gameplay, Days Gone never unlocks its full potential.",neutral,neutral,neutral,neutral
Metacritic,Days Gone,"Days Gone could have been much better if the developers cut it by at least a third, and added more varied missions into the mix.",neutral,neutral,neutral,neutral
Metacritic,Days Gone,"Ultimately, Days Gone is best described as an infuriating-if-enjoyable mess. It offers both a good central tenant of an idea and a unique take on a saturated genre, but is subsequently let down by dated storytelling, unnecessary bloat (the level-up system is so ineffectual you may question why anyone bothered to include it) and an investment in time and patience that really doesn’t come anywhere near to justifying the eventual pay-off.",neutral,neutral,neutral,neutral
Metacritic,Days Gone,"Running on a treadmill and Days Gone are very similar experiences. You put in time and effort, yet you remain in the same spot. Thrilling gameplay and crazed “freakers” cannot save this game from its LONG, uncompelling story. Ultimately, the number of hours invested in Days Gone do not pay off. This is not a full throttle Sony exclusive that we’ve come to know and love, it’s miles away from that.",neutral,neutral,neutral,neutral
Metacritic,Days Gone,"Rather than focus on what it does well, Days Gone does everything. Despite some great tech and compelling core ideas, especially when it comes to its battles against massive enemy hordes, a dull and repetitive open world structure makes Days Gone a chore.",neutral,neutral,neutral,neutral
Metacritic,Days Gone,"Regardless of how pretty the world of Days Gone is to look at, it’s a game that tried too much and truly suffered from it. The story drags on, the writing for characters is so inconsistent it becomes infuriating, the entire camp system adds more bloat to the game and nothing really feels as good as it should. The main selling point of the game, the hordes, don’t even truly matter until 30 hours into the already lengthy 40-hour game which alone is a huge misstep regardless of how enjoyable they may be when they finally appear. I know there is a solid 10 to 15-hour game within Days Gone, but there is too much unnecessary stuff that has been piled onto it that makes it a forgettable and unenjoyable experience.",neutral,neutral,neutral,neutral
Metacritic,Days Gone,"At the beginning of the game you’ll feel like you've already played this game... then it will let you go for a while only to return with reinforcements (and lots of bugs). However, Days Gone has a couple of pleasant moments, that can't be denied. [Issue#295]",neutral,neutral,neutral,neutral
Metacritic,Days Gone,"Derivative and beset by astounding technical problems, Days Gone is a rare misfire among Sony’s first-party efforts. While the core fantasy of surviving in a world overrun with infected occasionally shines through, Bend Studio doesn’t deliver nearly enough compelling moments to justify the long slog it takes to see this mediocre story through to its end.",neutral,neutral,neutral,neutral
Metacritic,Days Gone,"I did a lot of things in Days Gone. I burned every single Freaker nest; I cleared every ambush camp; I maxed out my bike; I took out a few optional hordes just because. Like Deacon with Sarah, I kept going because I hoped to find something, to follow a thread to a possibly fascinating or satisfying or impactful conclusion. But at the end of it all, I'd only gotten scraps.",neutral,neutral,neutral,neutral
Metacritic,Days Gone,"There is a living, breathing undercurrent of ambition undeniable in the scale and intricacy of developer Bend Studio’s creation. And you can tell the effort here is to apply to a naturally tense open-world survival structure the kind of high-impact narrative one would expect from a linearly-funneled action game. But the result is one of the best examples of why that can’t work, and of the damage such an effort can have on otherwise solid foundations. With the game’s pacing ground to dust in service of open world largess, expansiveness, and narrative potential, the core of “Days Gone” is buried too deep for even a zombified resurrection.",neutral,neutral,neutral,neutral
Metacritic,Days Gone,"Days Gone may have excellent dialogue and enjoyable cutscenes but it’s obvious that its gameplay didn’t receive that same level of refinement. It fashions itself as a stealth game, but the stealth mechanics are sometimes unpredictable and the melee combat grows stale quickly. Its pivotal moments turn its hero into an action star, but gunplay is underwhelming and lacks any real thrill. Though it places you in a post-apocalyptic setting, the survival mechanics do nothing more than add monotony without ever raising the stakes...Sadly, Days Gone is the first real clunker of a PS4 exclusive.",neutral,neutral,neutral,neutral
Metacritic,Days Gone,"Days Gone is a game that is, at once, both so close and so far from being what it could have been. There are certainly things here to enjoy and sufficiently pass the time. Those dusty roads of Oregon being the most prominent, but when that world is so empty and its inhabitants so vacant, it starts to become a real challenge to care.",neutral,neutral,neutral,neutral
Metacritic,Days Gone,"Days Gone has a lot of great ideas, an interesting story and some of the most beautiful eyes in the business, but other than that the game is lacking in both polish and execution. Overall it's completely serviceable, but that's about it.",neutral,neutral,neutral,neutral
Metacritic,Days Gone,"What a shame. Days Gone is ripe with potential, but it's always in those moments before something actually happens: when you hear the rumbling of thunder heralding an impending downpour, or a distant engine letting you know tourble's on the way. But when it all kicks off, the spell is broken. This is ""State of Decay"" without the stakes, ""The Last of Us"" without Naughty Dog's storytelling chops, and the most generic, overlong open-world game around. [Issue#333, p.106]",neutral,neutral,neutral,neutral
Metacritic,Days Gone,"I was ready to love Days Gone, and in some ways, I still do. It didn’t love me back, though. If SIE Bend had cut the length by a third, cleaned up the technical problems and had more variety in level design, it could have been one of my favorite games of all time. It’s tragic in hindsight, because I can feel the love and passion flowing through it. Unfortunately, the shared appreciation of our homeland pales in comparison to the astoundingly long list of problems on display here. It’s heartbreaking, but only homesick Oregonians like myself need apply.",neutral,neutral,neutral,neutral
Metacritic,Days Gone,"There is no denying that Days Gone is visually impressive, heightened by expressive motion capture and a lifelike wilderness. The signs of life that should make for a great experience are all there. But in every shining sunset, detailed human face, and open clearing, I couldn’t find any shred of soul.",neutral,neutral,neutral,neutral
Metacritic,Days Gone,"Days Gone is far from the worst specimen of its genre but in a year already packed with 50 hour+ endeavours, it rarely makes the case for its own existence.",neutral,neutral,neutral,neutral
Metacritic,Days Gone,"A game with a fundamentally really messed up economy in a lot of ways (money, trust, gas, ammunition, motorcycle repair – none of it works right) wrapped around a so-so open world zombie combat sandbox. I think more than anything else, it makes me want to play more Dying Light.",neutral,neutral,neutral,neutral
Metacritic,Days Gone,"Riding and maintaining your bike is great—the boring world, dull missions, and overly serious tone, not so much.",neutral,neutral,neutral,neutral
Metacritic,Days Gone,"The game itself is as generic and unmemorable as ever, and does little to deserve talk of a sequel, but this is a notably better PC port than Sony’s first attempt.",neutral,neutral,neutral,neutral
Metacritic,Days Gone,"Days Gone PC port is a good and much better day 1 experience than Horizon Zero Dawn was. However, HZD has one leg up on Days Gone – it is fun. This cookie-cutter zombie game offers little innovation or fun experiences except in set pieces and a couple of quests. You will be fighting the same zombies and burning nests throughout the game, but hey, it looks and works really nice on PC.",neutral,neutral,neutral,neutral
Metacritic,Days Gone,"In a world where zombies are so commonplace and people are the real monsters, Days Gone does not stand on its own two legs very well. While mechanically sound, the game lacks life, similar to the Freakers that inhabit it.",neutral,neutral,neutral,neutral
Metacritic,Days Gone,"Bigger is better. It might suit a bag of chips - Lay's salt and pepper, please - but not a computer game. Or at least not for Days Gone for PC, which combines the same large open world of the PS4 game with an overwhelming number of missions.  Do we think Days Gone is a bad game? No, absolutely not. But to go back to the comparison with potato chips - one of our areas of expertise next to computer games - the bag is big, the content is weak.",neutral,neutral,neutral,neutral
Metacritic,Cyberpunk 2077,"I think that Cyberpunk 2077 delivers the big-budget gaming thrills that many people are looking for. But it falls short in a few key areas for me, and a lot of that comes as a byproduct of its ambition.",neutral,neutral,neutral,neutral
Metacritic,Cyberpunk 2077,"Does Cyberpunk 2077 live up to the hype? Is it significantly deeper than Watch Dogs: Legion or Yakuza: Like a Dragon? Is it as good as Grand Theft Auto V? The answer to all of these questions is no. The sheer size of the world, its astonishing architecture, its set-piece battles, its stylistic bravado – all are testament to the efforts of a talented workforce. But you have to play by its rules, accepting Night City’s xenophobia and misogyny as unavoidable fictive components. Unlike Los Santos, this is not a multifaceted sandbox where you’re free to create whole new activities unforeseen by the designers. You’re there to do missions and side-missions, and the world only yields thus far. You’re always a tourist, never a citizen...In this way, Cyberpunk 2077 resembles a vast, futuristic Las Vegas. You come here and have a hell of a week, but then you wake up one morning feeling jaded and complicit, and you realise that the glitzy signs lead nowhere, the noise is meaningless, and when you look beyond the strip, there is only desert.",neutral,neutral,neutral,neutral
Metacritic,Cyberpunk 2077,"For better and worse, Cyberpunk 2077 is what it was always going to be: less a work of intensely relevant speculative fiction than a nostalgia piece for yesteryear’s vision of tomorrow.",neutral,neutral,neutral,neutral
Metacritic,Cyberpunk 2077,"Cyberpunk 2077 has something special deep inside it, but its ambition falls short, leading to consistent issues that hinder the game's positives. Some areas hit where it should for an RPG, but the lack of meaningful choices make the main and optional quests feel hollow. Maybe with bug fixes and content updates, we will see the true potential of Night City.",neutral,neutral,neutral,neutral
Metacritic,Cyberpunk 2077,"Cyberpunk’s running time is littered with familiar problems and zero interest in their solutions.  It’s a design cluttered with the failings of a hundred other designs.  The safe and familiar failings of the medium that can’t be pinned to CD Projekt specifically, but are nevertheless embraced with something that feels like enthusiasm.  So I sigh and carry on to the ending of my choice, looking in vain for the actual cyberpunk in a sprawl of contrived and bland sci-fi.",neutral,neutral,neutral,neutral
Metacritic,Cyberpunk 2077,"Cyberpunk fascinates with its story and characters, but presents itself in a partially desolate state on consoles.",neutral,neutral,neutral,neutral
Metacritic,Cyberpunk 2077,"Overall, I think there’s a lot to like when it comes to Cyberpunk 2077, which has been unfortunately marred by poor performance issues on a number of platforms, and some poor communication (along with some overpromising) on the part of the publisher. It’s clear that a lot of work went into putting this game together, and it’s unfortunate that it had to release in a state that feels a little unfinished. It’s still a game you can very much derive enjoyment from, even in its current state but your ability to overlook open-world bugs and performance issues is certainly going to factor in quite a bit.",neutral,neutral,neutral,neutral
Metacritic,Cyberpunk 2077,It’s because of this fun gameplay and this great story that it’s such a shame Cyberpunk 2077 performs like it’s still in alpha.,neutral,neutral,neutral,neutral
Metacritic,Cyberpunk 2077,"Cyberpunk 2077 wasn’t optimized for last-gen consoles, and no amount of interesting side activities can remedy that. On PC, the world lives up to its title as the “City of Dreams.” For Xbox One and PlayStation 4 players, however, their time in Night City is likely a nightmare.",neutral,neutral,neutral,neutral
Metacritic,Cyberpunk 2077,"Cyberpunk 2077, in its current form on consoles, is a hard game to recommend getting involved with. There's a strong narrative here, brilliantly written characters, some excellent side missions, fun combat and an astonishing setting but, as things stand right now, it's an experience that's in need of some serious TLC. The Series X backwards compatible version may well perform better than the frankly shocking last-gen console efforts but this is a game that we had constant problems with, one that doesn't feel or play like a fully finished product and one that is truly quite hard to recommend in its current incarnation.",neutral,neutral,neutral,neutral
Metacritic,Cyberpunk 2077,"If your only option right now is playing Cyberpunk 2077 on either of the base console platforms, I highly suggest you don’t play at all until its many terrible performance issues are fixed. And if you’ve already bought it and had an experience similar to what I’ve described, you should absolutely get a refund if possible. The PlayStation 4 and Xbox One versions are simply not in an acceptable state, and it makes me sad to think that so many people are having their first Cyberpunk 2077 experience ruined this way – because when it works, it’s a fantastic RPG.",neutral,neutral,neutral,neutral
Metacritic,Cyberpunk 2077,"For Cyberpunk 2077 to be an outstanding game, one of two things needed to happen. Descoping of large portions of the game, and a structure more akin to an action RPG. A tighter focus akin to Rise of the Tomb Raider or even Prey could have allowed for more depth to the narrative experience. OR, alternatively, they could have leaned way further into the RPG elements of the game. Spend more time balancing and incentivizing the various half baked systems like Netrunning, and offer far more flexibility in how V can be role played. Of course, such a move would come at the expense of the high production value narrative CD Projekt Red wanted to create. As it turns out, even 8 years of development couldn’t make both – or either – of those outcomes happen. So is this a good game? Yes, sometimes, but only if they manage to sufficiently patch it.",neutral,neutral,neutral,neutral
Metacritic,Cyberpunk 2077,"The sad truth is that Cyberpunk 2077 is awash with problems. Which makes it all the more miraculous that we were compelled to plod through its litany of tribulations simply to keep experiencing the story, characters, and world that CDProjekt Red has created. Clear away the grit and there remains something special here that’s bound to light up the imaginations of cyberpunk fans. A better option for console players, however, would be to wait for the next-generation versions, which will likely (or should that be hopefully?) look and perform better, and could benefit from whatever retrofits and patches CDProjekt Red sees fit to release based on player feedback in the coming months.",neutral,neutral,neutral,neutral
Metacritic,Cyberpunk 2077,"It may not sound like it, but I enjoyed many aspects of Cyberpunk 2077. It doesn't hit the highs of The Witcher 3, but it still has a lot going for it. However, it was released in such an unfinished state that it's hard to give it a positive review. It's an 8.0 game hiding in a 4.0 game wrapper. I might change my tune in a few months, when patches have rolled out, but even when playing the best version available on the PlayStation systems, there's no getting around it: Cyberpunk 2077 might have been mocked for its delays, but it needed more of them. You'll still have fun if you pick it up now, but unless you're dying for it, it's best to wait until it's been patched and improved.",neutral,neutral,neutral,neutral
Metacritic,Cyberpunk 2077,"Overall, Cyberpunk 2077 is a fun game that is plagued by bugs. Unfortunately, I can’t recommend this game in its current state, but with patches this should improve.",neutral,neutral,neutral,neutral
Metacritic,Cyberpunk 2077,"Cyberpunk 2077's Night City is one of the best sci-fi dystopias ever showcased in games. The stories it has to tell and the characters there are to meet are engrossing and terrifying. Despite some performance issues on PS5 backwards compatibility, it is still worth playing for the excellent character and narrative work. But, if you own a PS4, do not buy Cyberpunk 2077 as it is a technical mess that barely functions.",neutral,neutral,neutral,neutral
Metacritic,Cyberpunk 2077,"Cyberpunk 2077 is a great game, but it could have been an incredible game that defined a generation. Instead, it falls victim to its own ambition and the industry’s constant desire to push, push, push it out. In its current state, it’s not for the faint of heart, and even hardcore Cyberpunk fans may struggle to stay interested amidst all the crashes and issues. If you have yet to pick it up, wait a few months and you could very well be treated to the experience we were all hoping for at launch.",neutral,neutral,neutral,neutral
Metacritic,Cyberpunk 2077,"Contrary to expectations, Cyberpunk 2077 is not going to set the world on fire. It's not the gaming revolution that was promised to us, but it's still a fun RPG- with plenty of room for improvement.",neutral,neutral,neutral,neutral
Metacritic,Cyberpunk 2077,"A lack of focus, vague combat, and some truly befuddling performance issues hamper the still competent, and often enjoyable, detective sim that the best parts of Cyberpunk 2077 want to be.",neutral,neutral,neutral,neutral
Metacritic,Cyberpunk 2077,"As someone with a lifelong soft spot for the medium-specific charm of video game glitches, Cyberpunk 2077’s botched launch just ain’t it. Even overlooking the rushed rollout, after an eternity of being bludgeoned in the face with hyperbole, running through 2077 feels like five different games stitched together into an entertaining, passably decent, generic behemoth.",neutral,neutral,neutral,neutral
Metacritic,Cyberpunk 2077,"Equal parts stunning achievement and terrible mess, for every wonder in Cyberpunk 2077 on PS4 there’s a handful of frustrations. Performance issues affect not just how the game looks, but how it plays and feels, constantly taking bites out of what would otherwise be an impressive and exhilarating experience.",neutral,neutral,neutral,neutral
Metacritic,Cyberpunk 2077,"Believe it or not, there is fun to be had in Cyberpunk 2077. Night City is an amazing place to explore and parts of the gameplay are kinda fun. But for all the promises and potential of a game that spent eight years in development, is this really it? The Witcher 3 managed to grow into a powerhouse of a game by the end of its lifecycle. Perhaps the same will be said about Cyberpunk 2077 in a year’s time? Maybe.",neutral,neutral,neutral,neutral
Metacritic,Cyberpunk 2077,"It is indeed very sad to see a game with such a huge potential go down like this, mainly due to bad decision-making. Cyberpunk 2077 is a marvelous Action RPG, but is not playable on the current generation consoles as countless bugs and glitches kill the game from the beginning . CD Project Red is a very talented studio and all we can hope is that they learn and recover from their mistakes, and go back to making great games.",neutral,neutral,neutral,neutral
Metacritic,Cyberpunk 2077,"Cyberpunk 2077 is currently a strange one to judge and though there are definitely those out there who will still get lots of enjoyment from the game in its current state, the caveats are major, especially for anyone playing on consoles. CD Projekt RED’s management has absolutely rushed it out before it was properly ready, and at this stage it’s very much a case of buyer beware. It’s clear that lots of effort has been put into creating Night City and the well-linked major gameplay systems, but even when putting the technical issues aside, it still feels much like many open-world games that have come before.",neutral,neutral,neutral,neutral
Metacritic,Cyberpunk 2077,"There's a great RPG buried somewhere beneath Cyberpunk 2077's mountain of issues, but it's going to be a while before that RPG is revealed to the world. Those that have followed the game's development since the reveal may want to hold off on picking it up until the problems are sorted out. Journey in now, and there's a good chance that Cyberpunk 2077 will leave behind a sour taste. Night City and a well-realized cast of characters may help with some of the disappointment, but Cyberpunk 2077 still needs some time in the oven.",neutral,neutral,neutral,neutral
Metacritic,Cyberpunk 2077,"A hugely ambitious, immersive RPG that too
often works against itself. Perhaps worth
playing – just not at full price and not on PS4
without further patches. [Issue#184, p.82]",neutral,neutral,neutral,neutral
Metacritic,Cyberpunk 2077,"Cyberpunk 2077 is a frustrating mess. Its main narrative and characters are compelling but it's all within a game so buggy that, in terms of games with good stories and botched launches, it gives Fallout: New Vegas a run for its money. While I enjoyed my time in Night City because of its solid writing and characters, I cannot give Cyberpunk 2077 a recommendation.",neutral,neutral,neutral,neutral
Metacritic,Cyberpunk 2077,"I launched Cyberpunk 2077 on my PS4 Slim several weeks after the release and most of the bugs were fixed, so I was able to play the game from start to finish. However, the quality of textures was painfully low, I usually had only 20-22 frames per second while driving around the city (with dips below 20), and some objects tended to disappear. The technical state and graphics of the PS4 version are awful, which is a shame, because the game itself has one of the best stories I have ever encountered, its gunplay is really good, and Night City is very impressive. [02/2021, p.30]",neutral,neutral,neutral,neutral
Metacritic,Cyberpunk 2077,"Cyberpunk 2077 for PS4 reminds us of the game we played on our PCs, but it is full of glitches, the frame rate is poor, and the resolution is too low. Eventually it can become a great RPG, but right now it's a mediocre game, which doesn´t live up to expectations.",neutral,neutral,neutral,neutral
Metacritic,Cyberpunk 2077,"This five and a half is especially for you, Metacritic.",neutral,neutral,neutral,neutral
Metacritic,Cyberpunk 2077,"Cyberpunk 2077, when it works, is a shallow popcorn flick of a video game, not an industry shaping experience that redefines the open-world RPG genre. Perhaps the bigger problem, particularly for console owners, is that Cyberpunk 2077 doesn’t work. It’s a mess of half-baked ideas and rough gameplay that should have never been released in the first place. While the PC version faces criticism for various issues and praise for others, the PS4 version of Cyberpunk 2077 feels and looks like a whole different game that simply needed a lot more time.",neutral,neutral,neutral,neutral
Metacritic,Cyberpunk 2077,"I have never equally loved and hated a game as much as Cyberpunk 2077. When it works, it’s definitely a fun game of sorts, but when it breaks, which it does too often in every sense of the word, it immediately saps any sort of fun from the experience. Worst of all, it wastes tens of hours of your time due to bugs and game-breaking errors. As it stands right now, I wouldn’t recommend playing it for anyone on the base PS4. I did, and I regret absolutely everything.",neutral,neutral,neutral,neutral
Metacritic,Cyberpunk 2077,"The main quest is everything it should be, but unfortunately most of the side content isn’t nearly as interesting. Add to this a shocking amount of bugs, stupid AI, loads of performance issues… and you’ll understand why Cyberpunk 2077 is a contender for ‘disappointment of the year’.",neutral,neutral,neutral,neutral